tree
version=v4
num_class=1
num_tree_per_iteration=1
label_index=0
max_feature_idx=12
objective=binary sigmoid:1
feature_names=Driver Compound Race PitStop LapNumber Stint TyreLife Position LapTime_(s) LapTime_Delta Cumulative_Degradation RaceProgress Position_Change
feature_infos=[0:886] [0:4] [0:25] [0:1] [1:78] [1:8] [1:77] [1:20] [67.694000000000003:2502.8090000000002] [-2403.895:2423.9319999999998] [-274.47500000000002:2410] [0.012820512820512799:1] [-18:18]
tree_sizes=3394 3465 3456 3463 3482 3503 3472 3502 3503 3491 3501 3519 3508 3507 3532 3511 3503 3514 3522 3503 3488 3512 3505 3506 3532 3521 3524 3513 3499 3501 3527 3520 3520 3516 3534 3521 3527 3540 3533 3528 3514 3530 3536 3530 3525 3487 3508 3513 3506 3494 3508 3517 3491 3550 3532 3512 3523 3514 3554 3524 3521 3527 3493 3531 3495 3506 3517 3488 3535 3491 3542 3540 3511 3514 3498 3519 3489 3498 3525 3500 3517 3519 3503 3480 3538 3497 3473 3502 3447 3522 3511 3479 3482 3508 3540 3492 3482 3483 3473 3537 3485 3489 3536 3511 3514 3507 3489 3438 3518 3519 3462 3493 3492 3469 3491 3468 3488 3488 3477 3492 3400 3513 3446 3422 3489 3488 3380 3416 3494 3425 3472 3404 3542 3474 3481 3446 3507 3412 3462 3440 3461 3489 3413 3509 3427 3409 3504 3511 3380 3480 3435 3413 3470 3475 3444 3505 3461 3463 3407 3401 3446 3452 3428 3391 3460 3426 3448 3483 3540 3434 3497 3473 3471 3501 3486 3446 3477 3410 3445 3503 3424 3467 3384 3445 3437 3507 3420 3432 3421 3428 3481 3490 3437 3507 3409 3458 3507 3486 3415 3486 3482 3483 3507 3516 3423 3473 3437 3400 3427 3474 3461 3430 3458 3427 3409 3476 3420 3406 3467 3414 3377 3399 3445 3418 3407 3448 3480

Tree=0
num_leaves=31
num_cat=0
split_feature=5 9 9 6 1 12 12 6 6 10 7 6 1 2 6 9 9 12 6 6 9 6 12 1 7 12 11 6 10 12
split_gain=219719 55477 93653.9 31778.6 29196.5 20260 22619.3 11213.5 5313.77 4983.64 4024.47 3746.01 3681.57 4579.18 3286.35 2180.15 2135.83 2130.43 1907.58 1694.88 1664.81 1645.02 1630.78 1599.07 1524.56 1405.13 1299.48 1221.8 1188.71 1170.62
threshold=1.5000000000000002 -1.3280000000000027 0.93549999999999767 6.5000000000000009 2.5000000000000004 1.5000000000000002 -1.0000000180025095e-35 7.5000000000000009 12.500000000000002 -57.866499999999881 9.5000000000000018 6.5000000000000009 1.5000000000000002 23.500000000000004 3.5000000000000004 -0.5655 0.84649999999999903 2.5000000000000004 3.5000000000000004 6.5000000000000009 -0.34049999999999864 13.500000000000002 -1.0000000180025095e-35 3.5000000000000004 8.5000000000000018 -1.4999999999999998 0.65821566110397967 3.5000000000000004 -25.088499999999993 2.5000000000000004
decision_type=2 2 2 2 2 2 2 2 2 2 2 2 2 2 2 2 2 2 2 2 2 2 2 2 2 2 2 2 2 2
left_child=4 3 5 14 12 6 11 18 26 -8 15 -3 13 -1 -2 -6 28 22 -4 -7 -11 -9 -14 -18 -15 -13 -5 -12 -17 -21
right_child=1 2 7 8 10 19 9 21 -10 20 27 25 17 24 -16 16 23 -19 -20 29 -22 -23 -24 -25 -26 -27 -28 -29 -30 -31
leaf_value=-1.3867680871395898 -1.3904963069564651 -1.3607108839240891 -1.4006635115473762 -1.0460717946527573 -1.0476333232379422 -1.3038417828352866 -1.1485328278965994 -1.0430965084929911 -0.95859813353756551 -1.3526405024771977 -1.43646259398522 -1.0122184562745749 -1.4229690686175831 -1.0172496797537014 -1.2058755034851645 -1.0685600573116227 -1.0031574521247371 -1.3902754134014668 -1.1757219298847086 -1.1566723667705712 -1.4594616937042486 -0.95933120507575143 -1.4771865778023119 -1.4831315465089825 -1.2919796533425072 -1.1821415741649668 -1.2286839243033771 -1.2450588759450045 -1.415358783130767 -0.99820359219906063
leaf_weight=4797.2794561237097 1527.4235063791275 528.05692802369595 544.31454512476921 6611.2644537836313 2192.0662710666656 286.42154902219772 589.73730558156967 2995.7016143798828 25463.067071318626 1674.0603499412537 419.50986042618752 1565.829897582531 10112.066307872534 482.14937691390514 2614.6046752929688 123.84465625882149 469.71710193157196 7227.6192724555731 1226.4923553466797 664.01123331487179 11356.069018468261 10784.366584330797 12290.735357686877 81.447383165359497 347.62572999298573 706.08991830050945 414.09061823785305 1626.716203302145 489.48147019743919 1564.3955019414425
leaf_count=25394 8128 2692 2938 18103 6028 1338 2068 8136 53018 8433 2377 3890 56273 1216 10293 360 1135 38449 4551 2369 66304 22514 73395 490 1593 2654 1701 6882 2696 3722
internal_value=-1.20481 -1.0988 -1.18982 -1.0131 -1.39023 -1.33917 -1.37965 -1.00798 -0.979841 -1.43287 -1.17376 -1.12079 -1.4234 -1.34925 -1.27396 -1.10637 -1.21695 -1.43748 -1.24486 -1.07486 -1.44574 -0.977541 -1.45271 -1.07408 -1.13234 -1.06503 -1.05684 -1.2843 -1.34533 -1.04542
internal_weight=111776 71116 34485.5 36630.5 40660.3 18934.7 16419.8 15550.9 32488.4 13619.9 5402.78 2799.98 35257.5 5627.05 4142.03 3356.56 1164.49 29630.4 1770.81 2514.83 13030.1 13780.1 22402.8 551.164 829.775 2271.92 7025.36 2046.23 613.326 2228.41
internal_count=439140 222852 131609 91243 216288 93470 86041 38139 72822 76805 19968 9236 196320 28203 18421 10709 4681 168117 7489 7429 74737 30650 129668 1625 2809 6544 19804 9259 3056 6091
is_linear=0
shrinkage=1


Tree=1
num_leaves=31
num_cat=0
split_feature=5 9 9 1 6 12 12 6 10 6 1 2 6 6 9 9 9 10 9 6 10 6 11 6 3 1 7 10 1 10
split_gain=132820 27285.1 53159.9 20908.7 15616 12530.9 14966.6 5622.77 3579.24 3345.32 3022.03 3047.89 2639.66 2150.36 1910.34 2049.23 1652.39 1624.46 1575.44 1501.45 1434.19 1367.43 2398.73 1160.55 1153.71 1113.46 1105.92 1062.92 1910.36 992.579
threshold=1.5000000000000002 -1.1249999999999927 0.93549999999999767 2.5000000000000004 5.5000000000000009 1.5000000000000002 -1.0000000180025095e-35 5.5000000000000009 -57.201500000000266 10.500000000000002 1.5000000000000002 23.500000000000004 3.5000000000000004 5.5000000000000009 -1.8265000000000031 0.84649999999999903 -0.5655 1.0000000180025095e-35 0.93549999999999767 2.5000000000000004 -25.088499999999993 3.5000000000000004 0.041960093896713561 10.500000000000002 1.0000000180025095e-35 3.5000000000000004 11.500000000000002 -22.795499999999993 1.0000000180025095e-35 -22.938500000000161
decision_type=2 2 2 2 2 2 2 2 2 2 2 2 2 2 2 2 2 2 2 2 2 2 2 2 2 2 2 2 2 2
left_child=3 4 5 10 19 6 13 -4 -8 -6 11 27 -5 -3 21 -16 26 20 29 -2 -10 -12 -23 -9 -11 -20 -14 28 -1 -18
right_child=1 2 7 12 9 -7 8 23 17 24 14 -13 16 -15 15 -17 18 -19 25 -21 -22 22 -24 -25 -26 -27 -28 -29 -30 -31
leaf_value=0.15174973488292182 -0.047954290389778817 0.00031661266424038261 0.066216106131217742 -0.0048649613123396959 0.22486572951243811 0.23496568319087408 0.18174222035968854 0.22638680042789688 0.0055686501581484913 0.31222678766583373 -0.084202768299040678 0.20053754201839957 0.26665643383608439 0.23844345982779305 -0.099795313028376673 -0.02524876145483787 0.20883295456055101 0.16909256468445771 0.25536142330583383 0.10618073282483519 -0.075526153149741759 0.30899887408460391 -0.0074336446396078039 0.30181168729504132 0.26665074097533775 -0.07697493732551898 0.13550935629898347 -0.033396887543123331 -0.047514260784888261 -0.035536722757685039
leaf_weight=1072.4948500990868 842.15210680663586 441.40262328088284 1176.0274490714073 739.06608630716801 6411.7137451171875 2872.3882092386484 700.2900755405426 2347.4530639648438 2848.5657945871353 28548.757370874286 2364.1333775818348 958.73609113693237 2742.1282588243484 2692.0299250334501 8235.9117431640625 6677.1440253257751 220.42689374089241 327.75848540663719 776.99888062477112 2532.4300537109375 9303.3757930845022 244.7455590069294 11311.851611316204 15576.96869045496 6895.815627604723 115.84419119358063 839.9490824341774 2869.2707103341818 872.55193519592285 675.83603943884373
leaf_count=4479 4790 2300 5222 3761 16707 7197 2225 6112 15622 46723 14466 2809 6195 6685 52601 37823 636 1393 1840 10265 57062 770 62457 26805 13744 683 3174 15967 4948 3679
internal_value=0.149869 0.222065 0.159939 0.0017843 0.274652 0.0423676 0.00845592 0.278036 -0.0382467 0.291336 -0.0283266 0.0377149 0.172324 0.204899 -0.0415493 -0.066418 0.196705 -0.0505913 0.118223 0.0677152 -0.0565165 -0.0149079 -0.000732238 0.291934 0.30336 0.212242 0.235904 0.00528994 0.0623595 0.0245636
internal_weight=124234 83517.1 38286.3 40717.1 45230.9 19185.8 16313.4 19100.4 13180 41856.3 34606.8 5773.05 6110.25 3133.43 28833.8 14913.1 5371.18 12479.7 1789.11 3374.58 12151.9 13920.7 11556.6 17924.4 35444.6 892.843 3582.08 4814.32 1945.05 896.263
internal_count=439140 222852 130623 216288 92229 92484 85287 38139 76302 77174 196320 28203 19968 8985 168117 90424 16207 74077 6838 15055 72684 77693 63227 32917 60467 2523 9369 25394 9427 4315
is_linear=0
shrinkage=0.1


Tree=2
num_leaves=31
num_cat=0
split_feature=5 6 11 1 4 9 9 10 6 8 12 2 6 12 11 4 11 11 6 12 6 6 2 2 4 11 1 7 10 8
split_gain=91302.2 17074.7 17083.8 15724.5 10940.3 6875.78 18387.2 5068.92 3243.58 3018.8 2569.2 2551.83 2397.35 2318.63 2081.38 1952.37 2339.76 1899.46 1789.85 1666.56 1533.65 1498.79 1366.22 1789.28 1316.07 2015.22 1201.05 1147.45 1061.98 1031.33
threshold=1.5000000000000002 7.5000000000000009 0.77849927849927869 2.5000000000000004 55.500000000000007 -0.93799999999999506 0.59200000000000597 -27.236499999999932 3.5000000000000004 91.165500000000023 2.5000000000000004 2.5000000000000004 22.500000000000004 -1.0000000180025095e-35 0.57932875667429462 43.500000000000007 0.56350832266325235 0.91228073549259314 3.5000000000000004 -1.4999999999999998 23.500000000000004 16.500000000000004 22.500000000000004 24.500000000000004 32.500000000000007 0.41030061892130859 3.5000000000000004 13.500000000000002 0.95300000000000307 78.81750000000001
decision_type=2 2 2 2 2 2 2 2 2 2 2 2 2 2 2 2 2 2 2 2 2 2 2 2 2 2 2 2 2 2
left_child=3 8 5 10 -4 21 7 11 -2 19 13 -7 -6 20 -10 16 24 -14 -5 -9 -1 -3 -12 -24 25 -11 27 -20 -21 -13
right_child=1 2 4 18 12 6 -8 9 14 15 22 29 17 -15 -16 -17 -18 -19 26 28 -22 -23 23 -25 -26 -27 -28 -29 -30 -31
leaf_value=-0.02248018537490918 -0.022630250199827267 0.21445923970788466 -0.1025306144098789 -0.0043910313739951743 0.029186523907009494 -0.032352995282321016 0.23664015524491952 0.20855456237408265 0.11789963201077253 0.15787316343669119 0.0060182307238271782 0.05378790846135989 0.2196691923264007 -0.070974676618228691 -0.034588406394595504 0.27904411792710876 -0.087217092771316659 0.041072970030825204 0.18821307986964583 -0.074729950551724975 0.095025922134640478 0.25310234231344786 0.23236213420493934 -0.030017433757476654 0.28267366979810843 -0.071492548931660557 -0.079558853219636447 0.061520768137561944 0.25677304200111772 0.21234030120712119
leaf_weight=10864.708622917533 3035.2586295157671 16080.98401221633 2759.6904171407223 737.02172948420048 1336.9482635259628 593.61106242239475 18482.409774184227 240.21871772408485 7068.3424005061388 1071.0031123161316 7511.1992382109165 472.43218977749348 3058.1872876882553 13285.579619958997 1024.9074163883924 460.49217540025711 805.58511629700661 739.50594997406006 4828.0141230225563 3124.3773031830788 1237.2059834748507 26704.034159809351 643.1952927261591 436.14987564086914 377.22742259502411 596.35291853547096 200.54889848828316 839.13249124586582 99.72104012966156 3116.9837992489338
leaf_count=61322 16515 29837 17253 3761 5320 3104 29798 473 24440 3803 40198 1981 5936 84960 5148 1076 5038 3122 11825 19351 5749 37903 1627 2464 832 3619 1089 3293 229 8074
internal_value=0.126096 0.181596 0.197718 0.00130795 0.0580456 0.212984 0.175788 0.0731524 0.0655269 0.0197103 -0.0261359 0.159709 0.14435 -0.0421315 0.098589 0.0879936 0.0571262 0.184892 0.142493 -0.0455444 -0.0104673 0.238578 0.0211356 0.126338 0.113999 0.0758373 0.160943 0.169454 -0.0644766 0.191472
internal_weight=131831 91248.3 80119.8 40582.8 7894.33 72225.4 29440.4 10958 11128.5 6774.98 33978 4183.03 5134.64 25387.5 8093.25 3310.66 2850.17 3797.69 6604.72 3464.32 12101.9 42785 8590.54 1079.35 2044.58 1667.36 5867.7 5667.15 3224.1 3589.42
internal_count=439140 222852 176749 216288 31631 145118 77378 47580 46103 34421 196320 13159 14378 152031 29588 14368 13292 9058 19968 20053 67071 67740 44289 4091 8254 7422 16207 15118 19580 10055
is_linear=0
shrinkage=0.1


Tree=3
num_leaves=31
num_cat=0
split_feature=5 6 1 11 4 9 9 6 12 12 11 1 2 9 9 10 9 9 8 4 6 6 11 6 7 11 2 9 4 1
split_gain=66953.8 12665.4 12125.9 12002.9 8163.44 4277.06 14705 3553 3292.25 4224.95 2500.03 2360.89 2009.23 1591.72 1824.65 1538.14 1465.5 2030.8 1397.07 1563.25 1395.12 1171.66 1631.81 1081.5 1080.7 1076.18 999.412 1080.6 934.58 993.105
threshold=1.5000000000000002 9.5000000000000018 2.5000000000000004 0.79193722943722955 56.500000000000007 -0.6385000000000004 0.59200000000000597 4.5000000000000009 -1.0000000180025095e-35 1.5000000000000002 0.61985915492957755 1.5000000000000002 20.500000000000004 -1.8265000000000031 0.84649999999999903 -24.138499999999997 -2.6814999999999993 1.063500000000005 91.165500000000023 43.500000000000007 1.5000000000000002 3.5000000000000004 0.041960093896713561 2.5000000000000004 9.5000000000000018 0.55555555555555791 3.5000000000000004 -1.7154999999999985 31.500000000000004 1.5000000000000002
decision_type=2 2 2 2 2 2 2 2 2 2 2 2 2 2 2 2 2 2 2 2 2 2 2 2 2 2 2 2 2 2
left_child=2 7 11 5 -5 -3 8 23 -7 18 16 12 26 21 -15 -6 -9 -18 -10 25 -4 -13 -23 -2 -22 28 -1 -28 29 -20
right_child=1 3 20 4 15 6 -8 10 9 -11 -12 13 -14 14 -16 -17 17 -19 19 -21 24 22 -24 -25 -26 -27 27 -29 -30 -31
leaf_value=0.10160921888264224 -0.060653027138611697 0.20293978558996609 -0.095381495526709187 -0.097437918372976606 0.16740554881861214 0.18372729409736283 0.20238673805883556 0.15519634891174905 -0.063717091845014714 0.17670325112500226 -0.023741665143998478 -0.07879281180935431 0.13238981728509802 -0.09391183730112948 -0.021321995802137655 0.046793491878340671 0.027978146487543428 0.15516253604289992 -0.031456104402391404 0.21916309295649891 0.15881739340540652 0.23593803871896304 -0.0052059393481465044 0.03852867790390449 0.07376481767568531 -0.092607081322229584 0.039970841681207514 -0.071648883588241397 0.23167724595889838 0.20055456799068436
leaf_weight=776.20028653740883 1663.7625547945499 44461.092068910599 285.93621678650379 2503.8484037667513 3089.7518892288208 1408.4995900094509 18645.974413394928 5886.0744238495827 3266.5424494743347 1337.0065628737211 1335.405387237668 2202.0841134488583 1524.7387363910675 7429.0203301906586 6486.1012713909149 1607.4080270826817 2950.3489036411047 2185.3924766778946 895.1594485193491 390.74552619457245 4436.6308407634497 287.86691284179688 11143.911183983088 3241.205810546875 2252.361344397068 773.81933063268661 1520.7733573764563 2018.5485095232725 245.47495889663696 232.38811449706554
leaf_count=3491 9899 65587 1703 16510 6300 2732 27365 13591 20724 2692 6431 14466 4914 52601 37823 6076 12740 5061 5085 1129 10133 770 62457 14267 8132 5165 7519 12279 674 824
internal_value=0.109093 0.154481 0.00101083 0.171465 0.0483943 0.183832 0.152594 0.0768962 0.0440011 0.0164419 0.105479 -0.0240402 0.0337123 -0.0362835 -0.0600763 0.126131 0.121136 0.0820984 -0.020475 0.035189 0.120931 -0.0119998 0.000866377 0.0048863 0.130178 0.00170394 -0.0011519 -0.0236882 0.0548565 0.0163614
internal_weight=136484 96119.9 40364.2 78857.7 7201.01 71656.7 27195.6 17262.2 8549.64 7141.14 12357.2 33389.2 5840.26 27549 13915.1 4697.16 11021.8 5135.74 5804.13 2537.59 6974.93 13633.9 11431.8 4904.97 6688.99 2146.84 4315.52 3539.32 1373.02 1127.55
internal_count=439140 222852 216288 160863 28886 131977 66390 61989 39025 36293 37823 196320 28203 168117 90424 12376 31392 17801 33601 12877 19968 77693 63227 24166 18265 11748 23289 19798 6583 5909
is_linear=0
shrinkage=0.1


Tree=4
num_leaves=31
num_cat=0
split_feature=5 6 1 11 4 9 9 10 6 11 6 11 12 12 1 10 2 2 9 9 12 10 12 12 6 12 12 6 12 10
split_gain=51261.7 9832.45 9512.13 9157.39 4115.96 3892.22 11979.8 3990.77 2713.66 2258.84 2218.63 4886.09 2097.44 2109.87 1521.99 1330.16 1296.59 1249.32 1151.41 1963 1089.5 1032.44 938.818 922.439 901.361 900.298 967.212 892.453 734.725 724.246
threshold=1.5000000000000002 9.5000000000000018 2.5000000000000004 0.83457711442786076 60.500000000000007 -0.84750000000000358 1.063500000000005 -25.088499999999993 2.5000000000000004 0.56956944444444446 7.5000000000000009 0.097391598915989155 2.5000000000000004 -1.4999999999999998 1.5000000000000002 -1.7854999999999988 2.5000000000000004 20.500000000000004 -1.8265000000000031 1.5880000000000012 2.5000000000000004 -22.938500000000161 -1.0000000180025095e-35 3.5000000000000004 18.500000000000004 -1.4999999999999998 2.5000000000000004 23.500000000000004 -1.0000000180025095e-35 -75.316000000000017
decision_type=2 2 2 2 2 2 2 2 2 2 2 2 2 2 2 2 2 2 2 2 2 2 2 2 2 2 2 2 2 2
left_child=2 8 10 5 -5 24 7 16 -2 18 -1 -12 13 -9 17 -15 -7 -13 -10 25 21 -4 -23 28 -3 -20 -27 -6 -16 -18
right_child=1 3 20 4 27 6 -8 12 9 -11 11 14 -14 15 23 -17 29 -19 19 -21 -22 22 -24 -25 -26 26 -28 -29 -30 -31
leaf_value=-0.0572196680179511 -0.056800869063371763 0.15984763444586414 0.12770304834593668 -0.093081692372288097 -0.0055285291041348916 -0.023945480538502269 0.17876050354228865 0.16146772509738697 0.12020258861137878 -0.014145170808325447 0.28295074987798058 0.009202510211940438 0.17601255750287614 -0.056613204665916045 -0.010014565791623575 0.10274876108277071 0.21050594275498946 0.13095621339931393 0.13078639532535533 0.12767629370022521 0.16001292097148023 0.1056136742793181 -0.01494597050390763 0.021676193793364901 0.18814530785308572 -0.031729046910950201 0.13348571578091417 0.12744024461188488 -0.058017061274020724 0.11394950116368155
leaf_weight=11639.805484339595 1602.2270451039076 19448.812164917588 2221.1793487071991 2024.5002307742834 667.68101739883423 562.47436632215977 18911.812744930387 580.19668251276016 7760.5952932834625 2213.6670809090137 581.67286570370197 3098.7112644165754 602.7266910225153 4801.5615103542805 5678.5553652644157 587.89164033532143 1031.3140543550253 1157.6134561002254 549.00060787796974 2618.4970923066139 2371.7844860702753 1107.8599600940943 1549.084428280592 3382.7163901329041 26722.381884232163 2539.3727726638317 411.80648401379585 2068.6246499419212 7271.7696617245674 3148.0904076695442
leaf_count=74221 9899 30788 5544 13803 2640 2897 26106 974 19628 10248 1901 16443 994 30251 32475 2257 1451 3328 1559 6468 4927 3165 6332 17765 34496 13146 1041 4902 50187 9304
internal_value=0.0961798 0.134851 0.000755381 0.149577 0.0150165 0.157963 0.130066 0.0486728 0.067309 0.0796654 -0.02215 -0.00286869 -0.0017735 -0.0197237 -0.0109434 -0.0392297 0.118593 0.0423165 0.0946277 0.06219 0.104418 0.0773871 0.0353235 -0.0248227 0.176225 0.0131994 -0.00867504 0.0949948 -0.0369686 0.137776
internal_weight=138914 98853.2 40060.8 81158.1 4760.81 76397.3 30226.1 11314.3 17695.2 16092.9 32810.8 21171 6572.38 5969.65 20589.4 5389.45 4741.88 4256.32 13879.3 6118.68 7249.91 4878.12 2656.94 16333 46171.2 3500.18 2951.18 2736.31 12950.3 4179.4
internal_count=439140 222852 216288 160863 21345 139518 74234 48128 61989 52090 196320 122099 34476 33482 120198 32508 13652 19771 41842 22214 19968 15041 9497 100427 65284 15746 14187 7542 82662 10755
is_linear=0
shrinkage=0.1


Tree=5
num_leaves=31
num_cat=0
split_feature=5 6 1 11 4 6 9 9 6 11 12 12 6 12 12 6 9 9 12 12 11 11 1 12 6 1 10 2 2 7
split_gain=40429.5 8232.61 7533.98 7206.19 5864.57 3363.12 2130.64 3476.86 1958.08 3086.32 1644.26 1687.26 1418.56 1401.38 1735.99 1306.53 1210.65 5630.76 1433.06 1754.9 1174.16 1089.36 1050.87 1030.03 1021.12 885.261 806.568 777.987 784.878 774.4
threshold=1.5000000000000002 6.5000000000000009 2.5000000000000004 0.77849927849927869 55.500000000000007 15.500000000000002 -1.8265000000000031 1.063500000000005 3.5000000000000004 0.041960093896713561 2.5000000000000004 -1.0000000180025095e-35 22.500000000000004 1.5000000000000002 -1.0000000180025095e-35 2.5000000000000004 -0.45050000000000517 0.35249999999999915 -1.0000000180025095e-35 1.0000000180025095e-35 0.91228073549259314 0.23746867167919791 1.0000000180025095e-35 1.0000000180025095e-35 2.5000000000000004 3.5000000000000004 -0.60700000000000631 22.500000000000004 24.500000000000004 8.5000000000000018
decision_type=2 2 2 2 2 2 2 2 2 2 2 2 2 2 2 2 2 2 2 2 2 2 2 2 2 2 2 2 2 2
left_child=2 15 8 5 -5 6 -3 13 -1 -10 11 22 -6 14 -8 -2 -7 18 -18 -20 -14 -17 -11 -13 -4 29 -16 -12 -29 -26
right_child=1 3 24 4 12 16 7 -9 9 10 27 23 20 -15 26 21 17 -19 19 -21 -22 -23 -24 -25 25 -27 -28 28 -30 -31
leaf_value=-0.081954893137271931 -0.053116140975211092 0.13511865811045931 -0.046883420167390902 -0.093464325492409739 0.0079523329497021237 0.16436411856543345 0.10509508642449535 0.13110727741510761 0.21637448156692707 0.084409237833870415 0.011857879710345664 -0.085192536514969275 0.14860783020382209 0.12056100075226645 -0.040701629654024712 0.088304523121546491 0.15611331105444354 0.164933710877364 -0.028777854793872445 0.11328178239707531 0.014713945785519584 0.013751236314128777 -0.013419634520371605 -0.019862595864258925 0.13485550403336719 -0.091617687440985099 0.13633241264553919 0.16773408918734181 -0.01718588713223387 0.065344905223297528
leaf_weight=4451.9201131537557 1545.122946202755 16371.928382873535 500.1463710963726 2369.4601441770792 1435.0904210209846 33744.481949329376 1309.9885854423046 6840.5358047485352 586.82279151678085 1259.5362560898066 6331.896300688386 6050.3590743690729 3424.0712817907333 1331.7274422943592 3601.3772060573101 3573.5948978960514 884.92045450210571 14139.404273986816 2781.7538242936134 1265.0389857292175 809.85178995132446 4340.3513911664486 8563.4202728271484 4014.7825031876564 4095.1103062480688 230.5839184820652 277.15731509029865 683.25330291688442 345.63919830322266 2633.3954986482859
leaf_count=31717 9899 27713 2628 17430 5434 44645 2817 11562 1853 5325 33605 45361 5936 2676 20665 11641 1504 18732 16912 3796 3122 17427 49035 25964 8108 1163 941 1471 1989 8069
internal_value=0.0858699 0.119767 0.000549139 0.129036 0.0386531 0.137838 0.110936 0.0813033 -0.020377 -0.0105286 -0.0154151 -0.0303594 0.0938739 0.0290528 0.00556555 0.0309945 0.152982 0.132843 0.0408379 0.0156304 0.122997 0.0474163 -0.00087565 -0.0591337 0.091129 0.101048 -0.0280509 0.024963 0.105613 0.107651
internal_weight=139793 100046 39746.9 90586.8 8038.47 82548.3 29732.7 13360.8 32287.6 27835.7 27248.9 19888.1 5669.01 6520.25 5188.52 9459.07 52815.6 19071.1 4931.71 4046.79 4233.92 7913.95 9822.96 10065.1 7459.24 6959.09 3878.53 7360.79 1028.89 6728.51
internal_count=439140 222852 216288 183885 31922 151963 66374 38661 196320 164603 162750 125685 14492 27099 24423 38967 85589 40944 22212 20708 9058 29068 54360 71325 19968 17340 21606 37065 3460 16177
is_linear=0
shrinkage=0.1


Tree=6
num_leaves=31
num_cat=0
split_feature=5 6 1 11 4 9 9 10 6 11 12 12 6 11 6 11 8 9 9 2 7 8 10 1 6 6 11 10 10 3
split_gain=32506.4 6935.37 6034.58 5833.49 2532.61 2478.33 6355.17 3211.91 2255.6 1860.41 1832.96 1968.61 1816.54 3289.78 1177.79 3243.9 1028.64 1000.64 1452.9 992.349 883.297 827.274 718.613 714.783 686.415 675.7 669.099 665.606 748.43 659.353
threshold=1.5000000000000002 10.500000000000002 2.5000000000000004 0.84248120300751894 60.500000000000007 -1.5345000000000011 1.2485000000000002 -25.088499999999993 4.5000000000000009 0.69504830917874405 1.5000000000000002 -1.0000000180025095e-35 7.5000000000000009 0.097391598915989155 13.500000000000002 0.17124060150375939 103.23250000000002 -1.8265000000000031 1.063500000000005 3.5000000000000004 13.500000000000002 91.165500000000023 -24.138499999999997 3.5000000000000004 1.5000000000000002 23.500000000000004 0.23132664437012262 -11.097 2.7355000000000094 1.0000000180025095e-35
decision_type=2 2 2 2 2 2 2 2 2 2 2 2 2 2 2 2 2 2 2 2 2 2 2 2 2 2 2 2 2 2
left_child=2 8 12 5 -5 29 7 19 24 17 11 -9 -1 -14 -15 -16 25 -10 -19 -7 23 -13 -6 27 -2 -17 -26 -4 -29 -3
right_child=1 3 20 4 22 6 -8 10 9 -11 -12 21 13 14 15 16 -18 18 -20 -21 -22 -23 -24 -25 26 -27 -28 28 -30 -31
leaf_value=-0.051732407037748757 -0.10034409693688454 0.15001863376649804 0.1280773038552554 -0.08759726702454064 0.10895422508958408 -0.0040953923750253933 0.14573834448815198 0.097819238150903931 0.10578556528038695 -0.063264824054112642 0.11784147706318709 -0.079656477557286332 0.2152885649763496 -0.038168223622280006 0.27895254886278326 -0.023824782549229234 0.10817906474243764 0.011949753828605327 0.10367708380968675 0.12172611065350727 0.0037373558655412033 0.0039459704903132891 -0.00064703515838299272 -0.088884198716510085 0.052395857282059345 0.030577219730458252 -0.02568130613107561 0.0085915410965312147 0.12087193472462346 0.11866875230791876
leaf_weight=10950.026536554098 614.49993222951889 34030.690460324287 3745.3593646883965 1682.4936047196388 1674.5527073889971 705.34201130270958 18148.868280380964 1275.2228339761496 8754.7551481127739 916.54163056612015 1310.8679389804602 2628.9777795374393 677.71875232458115 8108.0470766425133 435.90210499614477 7474.9012737646699 832.33763507008553 3684.9901394098997 3249.503304079175 5631.958639100194 1251.8713760375977 2152.8932013660669 930.71823987364769 203.15251494944096 2147.8294634968042 3287.0851079672575 2244.6878399699926 1283.6922300308943 1104.4347743988037 8356.1512008607388
leaf_count=74221 4294 44131 7185 12786 3474 3204 24387 2540 18051 4946 2436 18550 1901 51234 1347 45834 3687 16167 6701 12327 5004 12167 3639 1071 8721 18096 11151 4540 2168 13180
internal_value=0.0773817 0.107643 0.000377717 0.121449 0.00803811 0.127999 0.106923 0.0555235 0.05748 0.0752193 0.0106266 -0.0125767 -0.0187614 -0.00141743 -0.00871029 0.0111436 0.00107497 0.0833093 0.0549332 0.107722 0.0804955 -0.042017 0.0697998 0.0956599 -0.00135222 -0.00720852 0.0124964 0.101772 0.0605177 0.143838
internal_weight=139496 100142 39354.5 78528.7 4287.76 74241 31854.1 13705.3 21612.8 16605.8 7367.96 6057.09 31766 20816 20138.3 12030.2 11594.3 15689.2 6934.49 6337.3 7588.51 4781.87 2605.27 6336.64 5007.02 10762 4392.52 6133.49 2388.13 42386.8
internal_count=439140 222852 216288 152821 19899 132922 75611 51224 70031 45865 35693 33257 196320 122099 120198 68964 67617 40919 22868 15531 19968 30717 7113 14964 24166 63930 19872 13893 6708 57311
is_linear=0
shrinkage=0.1


Tree=7
num_leaves=31
num_cat=0
split_feature=5 6 1 11 11 6 4 9 9 10 6 11 12 12 9 9 8 12 8 1 6 6 11 6 11 6 9 10 12 11
split_gain=26546.5 6066.69 4865.43 4579.99 2694.41 2633.94 1806.62 1666.2 6062.6 2153.93 1603.56 2364.65 1345.51 1454.47 1206.19 1961.97 986.301 949.33 927.306 852.415 811.031 796.192 755.273 886.816 949.689 965.578 699.433 645.489 622.673 621.917
threshold=1.5000000000000002 13.500000000000002 2.5000000000000004 0.84752415458937203 0.72264957264957275 4.5000000000000009 61.500000000000007 -0.6385000000000004 1.063500000000005 -23.734999999999989 3.5000000000000004 0.043167701863354009 2.5000000000000004 -1.0000000180025095e-35 -1.8265000000000031 1.2485000000000002 79.237500000000011 1.0000000180025095e-35 93.355000000000004 1.5000000000000002 25.500000000000004 1.5000000000000002 0.013986697965569402 4.5000000000000009 0.057417582417582359 7.5000000000000009 1.2485000000000002 -75.316000000000017 2.5000000000000004 0.10300618921308571
decision_type=2 2 2 2 2 2 2 2 2 2 2 2 2 2 2 2 2 2 2 2 2 2 2 2 2 2 2 2 2 2
left_child=2 4 10 7 5 -2 -5 -3 9 27 -1 -12 13 20 -7 16 -16 26 -11 28 -13 -4 -23 -24 -25 -26 -15 -9 -18 -27
right_child=1 3 21 6 -6 14 -8 8 -10 18 11 12 -14 17 15 -17 19 -19 -20 -21 -22 22 23 24 25 29 -28 -29 -30 -31
leaf_value=-0.075866694854620942 0.0012162958516182974 0.13391681005023418 -0.094304939954201375 -0.082181573416939449 -0.067767971112206046 0.10024339305387181 0.063339823134574993 0.16277497643334371 0.13657439840729441 -0.056150935471594089 0.17904594312497085 -0.0096393418510670598 0.023203865543357221 -0.091748148274190811 -0.084130900608333309 0.09936266203291462 -0.011039476953247175 -0.016973618970101037 0.038096371531551626 0.091960695400208001 0.085029286402476284 0.2225835092021794 -0.027637040465689013 0.18262223956627113 -0.032843885833469179 0.17123302435957807 0.035761967754358574 0.063350581647339643 0.11027777317365235 0.070063286709568295
leaf_weight=4059.5169029608369 4877.0117930099368 39044.50538662076 278.54669676721096 1436.5431049317122 1515.346773982048 14739.756327152252 2100.6305441856384 835.67742598056793 15785.764548152685 2573.2715198025107 656.09904266148806 8698.5378684252501 7371.8340246230364 5152.7296877801418 822.21427355706692 5714.2953232377768 3053.3987236097455 3916.4250607341528 1756.6117515712976 1696.7003252133727 1010.0300920158625 344.09028020501137 809.17119267582893 838.84369586408138 804.03166694939137 720.85721459984779 469.37350857257843 2986.9040806144476 491.12150031328201 3868.0014458745718
leaf_count=31717 23418 53629 1703 11137 8626 27457 5715 1128 20965 17194 1945 50179 37051 42346 4883 10545 14353 25951 7982 5287 4160 483 3215 1214 2829 1084 2971 9605 928 9440
internal_value=0.0701632 0.0975887 0.000238883 0.114963 0.0624706 0.068757 0.0042396 0.121181 0.100409 0.0303808 -0.0172291 -0.00850165 -0.0131243 -0.0270383 0.0811788 0.0573197 0.0176976 -0.0547719 -0.0179153 0.0336719 0.000209501 0.0716615 0.0779214 0.0708517 0.0836402 0.0682439 -0.0811027 0.0850863 0.00576999 0.0859559
internal_weight=138428 99429.8 38998.1 66519.9 32909.8 31394.5 3537.17 62982.7 23938.2 8152.46 31334.5 27275 26618.9 19247.1 26517.5 11777.7 6063.43 9538.53 4329.88 5241.22 9708.57 7663.54 7385 7040.91 6231.73 5392.89 5622.1 3822.58 3544.52 4588.86
internal_count=439140 222852 216288 127355 95497 86871 16852 110503 56874 35909 196320 164603 162658 125607 63453 35996 25451 71268 25176 20568 54339 19968 18265 17782 14567 13353 45317 10733 15281 10524
is_linear=0
shrinkage=0.1


Tree=8
num_leaves=31
num_cat=0
split_feature=5 6 11 4 1 6 6 11 11 9 9 2 11 6 11 6 8 2 2 9 9 9 6 9 8 12 12 11 1 9
split_gain=21870.4 5368.72 4265.75 4397.65 3936.44 1796.35 1505.64 2878.97 1312.46 1115.1 2097.47 1153.49 1096.18 1011.01 2738.42 984.312 914.432 933.284 1349.68 913.077 1198.18 757.635 711.326 704.472 697.906 671.943 902.215 669.956 662.019 645.402
threshold=1.5000000000000002 8.5000000000000018 0.73746867167919816 53.500000000000007 2.5000000000000004 18.500000000000004 6.5000000000000009 0.083920187719298212 0.91228073549259314 -1.8265000000000031 1.2485000000000002 3.5000000000000004 0.26401991614255771 9.5000000000000018 0.12793235133660666 23.500000000000004 105.66100000000002 23.500000000000004 24.500000000000004 -0.97050000000000114 0.84649999999999903 1.5880000000000012 1.5000000000000002 -2.6814999999999993 78.946500000000015 1.5000000000000002 -1.0000000180025095e-35 0.33549783549783552 1.0000000180025095e-35 -1.9769999999999965
decision_type=2 2 2 2 2 2 2 2 2 2 2 2 2 2 2 2 2 2 2 2 2 2 2 2 2 2 2 2 2 2
left_child=4 12 5 21 6 9 -1 -8 15 -3 11 -11 22 -9 -15 -5 17 19 -19 28 -21 -4 -2 -14 -13 26 -6 -22 -16 -28
right_child=1 2 3 8 25 -7 7 13 -10 10 -12 24 23 14 16 -17 -18 18 -20 20 27 -23 -24 -25 -26 -27 29 -29 -30 -31
leaf_value=-0.050645667102511588 -0.088230887596740692 0.10689225031374042 -0.096805479574048114 0.032401947098196708 0.077116901783540692 0.12229109419096539 0.21566971576525362 -0.054734888635148499 -0.022485172759848512 -0.071801940508325265 0.10531046718514832 -0.056151766304005118 0.038251871337345332 0.24431587505311936 0.078785532239640188 0.11815652040765356 0.084706543118612407 0.13589235255522178 -0.039522005138426165 -0.086417567461235301 -0.020676947761141526 0.15242264594469612 0.068351640430410823 -0.021523938796983083 0.057760978912346786 0.100486938454319 0.072207155889479568 0.10769471046995238 -0.0066246955626386925 -0.052008977158952668
leaf_weight=8859.679945372045 302.2599593102932 19254.305038928986 2194.6066246926785 1914.7361198812723 2726.9372995495796 38352.743725374341 592.21134905517101 3785.6652340739965 1179.8474768400192 943.82762359082699 8190.4467568397522 594.80287848412991 3990.1285171508789 455.15923031419516 1055.2717122584581 4447.602658316493 1084.1697080284357 990.042589366436 787.55606842041016 3462.9845632761717 2868.4632459059358 129.15172944962978 7225.1584777832031 3897.2609946131706 5616.0220252424479 3055.6670939475298 614.71118259429932 473.67818596959114 6481.1283802986145 1309.0304765552282
leaf_count=64336 2232 29906 17886 5895 6824 61615 1674 25695 5296 5551 12680 3432 12298 1469 4369 7480 4770 2486 5159 29013 17454 277 21526 18046 18732 6211 1499 2129 37766 5434
internal_value=0.0638932 0.0889547 0.0990406 0.0373265 0.000118084 0.107387 -0.0158303 -0.00183289 0.074385 0.0908656 0.0707561 0.0311991 0.0347671 -0.00783955 0.002214 0.0923488 -0.00419145 -0.0101707 0.0581759 -0.0186421 -0.0451955 -0.0829537 0.0620641 0.00871587 0.0468517 0.064058 0.0401228 -0.00248297 0.00533473 -0.012317
internal_weight=136835 98232.9 82818.1 9865.94 38602.4 72952.1 30896 22036.3 7542.19 34599.4 15345.1 7154.65 15414.8 21444.1 17658.5 6362.34 17203.3 16119.1 1777.6 14341.5 6805.13 2323.76 7527.42 7887.39 6210.82 7706.35 4650.68 3342.14 7536.4 1923.74
internal_count=439140 222852 168750 36834 216288 131916 196320 131984 18671 70301 40395 27715 54102 130310 104615 13375 103146 98376 7645 90731 48596 18163 23758 30344 22164 19968 13757 19583 42135 6933
is_linear=0
shrinkage=0.1


Tree=9
num_leaves=31
num_cat=0
split_feature=5 6 11 1 11 6 9 9 10 4 6 11 8 6 11 6 4 11 4 11 10 4 6 7 6 9 10 2 2 2
split_gain=18058.6 4805.77 3307.24 3195.37 1858.43 1683.08 1663.97 4366.53 1991.89 1351.31 1288.82 1847.42 1251.44 1120.67 2168.84 901.943 2348 808.369 818.453 1210.34 699.679 670.16 664.262 663.107 610.889 597.856 593.854 612.377 587.022 791.426
threshold=1.5000000000000002 12.500000000000002 0.84752415458937203 2.5000000000000004 0.61143790849673219 5.5000000000000009 -1.1249999999999927 1.5880000000000012 -26.826499999999893 63.500000000000007 3.5000000000000004 0.041960093896713561 92.321000000000012 6.5000000000000009 0.083920187719298212 13.500000000000002 13.500000000000002 0.72438780609695164 39.500000000000007 0.51408730158730165 1.0000000180025095e-35 43.500000000000007 23.500000000000004 9.5000000000000018 1.5000000000000002 1.8204999999999956 -75.316000000000017 2.5000000000000004 17.500000000000004 15.500000000000002
decision_type=2 2 2 2 2 2 2 2 2 2 2 2 2 2 2 2 2 2 2 2 2 2 2 2 2 2 2 2 2 2
left_child=3 4 6 10 5 24 28 8 26 25 -1 -12 20 -13 -15 -16 -17 18 19 -14 -10 -6 -18 -5 -2 -4 -8 -28 29 -3
right_child=1 2 9 23 21 -7 7 -9 12 -11 11 13 17 14 15 16 22 -19 -20 -21 -22 -23 -24 -25 -26 -27 27 -29 -30 -31
leaf_value=-0.069875119330170529 -0.093630262989915239 0.11059714268573853 -0.08038100810621128 0.079109040244262324 -0.1087773560199442 0.071180186161632186 0.13719591286852784 0.11761225775396447 -0.054746976382654425 0.060666216127247 0.1558598463395359 -0.05822522484278702 0.082605676998304844 0.18840424466102407 -0.030624232194718111 0.1884874622605065 -0.017139434351527868 -0.07623960694613599 0.15500739015726314 -0.092729249427856014 0.12642170362917138 0.00039026342528215678 0.034644154073630369 0.017972826130142564 0.021470505020783705 0.1554601363879192 -0.044869305427687127 0.076117530961105406 0.13074814028186207 0.044066850006173407
leaf_weight=3704.9755459800363 498.56904823333025 20607.489255696535 1552.6689651682973 4986.3539366722107 720.68217518925667 19361.404495239258 1418.1315588951111 15361.079524189234 3151.8729173541069 1812.7174923270941 679.32189179211855 4240.3955487385392 1358.5357465595007 582.02027911692858 9292.8483180478215 700.97044143825769 7552.2360514104366 466.0529146194458 750.66589224338531 554.35694193840027 228.63682980835438 2559.2342866361141 3686.2787633538246 2754.0052928924561 6137.5067749023438 115.48186945915222 473.34220120310783 3601.1059118807316 14252.024948120117 1957.8933334350586
leaf_count=31717 3851 29765 12278 10709 4922 44481 1917 21382 19754 4768 1853 30931 4046 1509 61317 2459 47209 3319 1302 3336 418 10151 19325 9259 23895 241 2262 8578 18375 3811
internal_value=0.0582405 0.0811834 0.0958296 -1.26197e-05 0.0473351 0.056284 0.100978 0.0823013 0.0371104 0.00089588 -0.0146011 -0.00694092 -0.000308154 -0.0111856 -0.00204178 -0.00726228 0.010921 0.0452595 0.0665187 0.0317936 -0.0424938 -0.0235967 -0.000154206 0.0573569 0.012823 -0.0640543 0.0814609 0.0620621 0.11486 0.104825
internal_weight=135119 96939.5 67662.1 38179.4 29277.4 25997.5 64181.2 27363.8 12002.7 3480.87 30439 26734.1 6510.12 26054.7 21814.4 21232.3 11939.5 3129.61 2663.56 1912.89 3380.51 3279.92 11238.5 7740.36 6636.08 1668.15 5492.58 4074.45 36817.4 22565.4
internal_count=439140 222852 135552 216288 87300 72227 118265 66314 44932 17287 196320 164603 32175 162750 131819 130310 68993 12003 8684 7382 20172 15073 66534 19968 27746 12519 12757 10840 51951 33576
is_linear=0
shrinkage=0.1


Tree=10
num_leaves=31
num_cat=0
split_feature=5 6 11 1 11 6 9 9 9 9 12 12 12 12 9 9 9 9 8 1 1 6 2 2 11 6 11 6 4 6
split_gain=15066.8 4375.91 2681.89 2595.77 2014.14 1774.97 1223.05 1588.31 1219.17 4685.58 1211.39 1336.05 1091.18 1255.72 888.058 1414.57 770.641 1443.03 778.433 683.718 656.186 604.519 579.36 703.004 572.25 725.362 737.575 733.908 542.908 534.853
threshold=1.5000000000000002 14.500000000000002 0.84752415458937203 2.5000000000000004 0.65821566110397967 5.5000000000000009 -1.3280000000000027 1.5880000000000012 -0.34049999999999864 0.35249999999999915 2.5000000000000004 -1.0000000180025095e-35 -1.0000000180025095e-35 2.5000000000000004 -2.1225000000000018 1.063500000000005 -1.3280000000000027 1.063500000000005 78.81750000000001 1.0000000180025095e-35 1.5000000000000002 1.5000000000000002 17.500000000000004 15.500000000000002 0.014389233954451302 4.5000000000000009 0.057417582417582359 7.5000000000000009 46.500000000000007 1.5000000000000002
decision_type=2 2 2 2 2 2 2 2 2 2 2 2 2 2 2 2 2 2 2 2 2 2 2 2 2 2 2 2 2 2
left_child=3 4 8 10 5 29 -4 -8 22 12 11 19 -10 -14 -13 -16 -7 18 -18 -1 -20 -5 23 -3 -23 -26 -27 -28 -6 -2
right_child=1 2 6 21 28 16 7 -9 9 -11 -12 14 13 -15 15 -17 17 -19 20 -21 -22 24 -24 -25 25 26 27 -29 -30 -31
leaf_value=0.060557540739202276 -0.091653930086871782 0.10359979886460212 0.10762457349631452 -0.094198670326590184 -0.10212216638120947 0.080821038319290217 -0.072433346646316774 0.12868880193961255 0.10138152806143885 0.1079556825780625 0.018714330855864224 -0.0067521042223723741 -0.034102459268415847 0.1192813470245993 -0.095280730023031973 0.0084711962960105965 -0.092924612272100623 0.080544062762451005 -0.0017110120336370511 -0.01178892372405814 0.078204121297782356 0.17615295484596644 0.12429413225177609 0.040526402297112435 -0.03898880202182519 0.14876234893957541 -0.039478843032595738 0.06365679000367537 -0.0055946216686824134 0.01682991405034007
leaf_weight=1509.1348833888769 489.40689195692539 19231.568277686834 843.08861461281776 274.89534790813923 784.79988141357899 15266.945500612259 1955.0652646273375 491.33942700922489 946.8788526058197 14602.852638244629 8438.3858839944005 3072.8981313705444 4430.3641552478075 606.85617381334305 5577.9467798769474 1719.1154916286469 655.91229477524757 5933.1462740898132 3290.4358090907335 9719.0305843353271 1493.9778841882944 381.21560519933701 13531.951198339462 1945.9210784435272 805.15245908498764 844.7409506291151 810.19420804083347 4649.2871631234884 2262.3322322815657 6366.2440795898438
leaf_count=6198 4037 29411 1490 1703 5923 27160 13991 818 1647 21670 44289 21426 26504 927 52351 11183 4208 10511 14030 60873 4164 544 18392 3913 3160 1208 2829 10524 9190 24866
internal_value=0.0533163 0.0745388 0.0914777 -9.04902e-05 0.0473825 0.0544635 0.0037559 -0.0320397 0.0966961 0.0774159 -0.0134145 -0.0259672 0.00289038 -0.0156236 -0.0518475 -0.0708378 0.066141 0.0464356 0.00923747 -0.00206511 0.0232432 0.0514462 0.108132 0.0978042 0.0567911 0.0503908 0.061806 0.0483513 -0.0304556 0.00908554
internal_weight=132931 95129.1 58585.9 37802 36543.2 33496.1 3289.49 2446.4 55296.4 20587 30036.5 21598.1 5984.1 5037.22 10370 7297.06 26640.4 11373.5 5440.33 11228.2 4784.41 7765.49 34709.4 21177.5 7490.59 7109.37 6304.22 5459.48 3047.13 6855.65
internal_count=439140 222852 118763 216288 104089 88976 16299 14809 102464 50748 196320 152031 29078 27431 84960 63534 60073 32913 22402 67071 18194 19968 51716 33324 18265 17721 14561 13353 15113 28903
is_linear=0
shrinkage=0.1


Tree=11
num_leaves=31
num_cat=0
split_feature=5 6 11 1 11 6 9 9 10 0 10 12 12 9 9 12 12 1 9 9 4 7 0 10 10 11 10 0 12 12
split_gain=12648.3 3943.37 2207.73 2117.25 2011.05 1666.4 1181.24 3062.7 1667.34 1126.81 852.814 839.709 896.931 814.937 1232.88 989.19 1105.55 782.305 775.878 1121.47 715.694 671.562 901.686 668.662 591.541 951.343 547.758 507.213 499.415 539.591
threshold=1.5000000000000002 15.500000000000002 0.88516483516483524 2.5000000000000004 0.72438780609695164 5.5000000000000009 -1.3280000000000027 1.5880000000000012 -22.938500000000161 796.50000000000011 -18.985499999999991 1.5000000000000002 -1.4999999999999998 -2.6814999999999993 1.5880000000000012 2.5000000000000004 -1.4999999999999998 1.5000000000000002 1.5880000000000012 -1.8265000000000031 63.500000000000007 4.5000000000000009 126.50000000000001 -0.60700000000000631 6.9885000000000028 0.15604707792207792 -22.938500000000161 16.500000000000004 2.5000000000000004 -1.0000000180025095e-35
decision_type=2 2 2 2 2 2 2 2 2 2 2 2 2 2 2 2 2 2 2 2 2 2 2 2 2 2 2 2 2 2
left_child=3 4 6 9 5 -2 -3 8 -8 10 17 12 -10 -7 15 16 -15 -1 19 27 -4 -19 -23 -18 25 -20 -5 -12 29 -28
right_child=1 2 20 26 -6 13 7 -9 11 -11 18 -13 -14 14 -16 -17 23 21 24 -21 -22 22 -24 -25 -26 -27 28 -29 -30 -31
leaf_value=0.055098157528442007 0.0059705642436783321 0.10395110655003668 -0.085060953237228662 0.072777300221535918 -0.055694322557847391 0.075324866573655058 0.071170844109192763 0.10720715158732688 0.097421123603356446 0.016673279698293349 0.094166823404133487 0.085196698164132723 -0.045848167901035186 0.083559197094929483 0.074488139412865237 0.095833884980274509 -0.030816952498149749 -0.064854444646163772 0.00016376095279904029 -0.093883421724573979 0.034243770527240348 -0.031891608912151197 0.045628001313089715 0.09173756124936247 -0.037683623100438005 0.2280435529067189 0.049192001022983323 -0.031542784747472567 0.080386053201990965 -0.039191762168019395
leaf_weight=1786.2694838643074 7035.5346314385533 28835.524646788836 850.19047625362873 3909.1703488230705 1894.4229848608375 16231.093735933304 5380.3547984659672 12166.960831016302 498.5073579698801 9253.6941680908203 352.62088060379028 779.59458048641682 3539.9226311221719 1290.4926786571741 6658.7640569061041 1301.7694456279278 4852.4142736643553 2228.2969164848328 556.00600560754538 4371.273150742054 1230.6501266211271 3755.7031094953418 2498.8215224817395 490.16386028379202 1052.55091381073 273.22597972303629 1195.4956968724728 3574.875874042511 998.19461764395237 1636.0365787297487
leaf_count=7153 29963 42657 7855 8430 11418 28905 12973 17689 806 54386 1624 1479 23365 2463 11870 2241 24139 15474 3773 43190 3661 24677 14885 1368 6718 1031 3165 23409 2041 6332
internal_value=0.0489358 0.0686873 0.0864706 -0.000142806 0.044853 0.0498842 0.0905742 0.0733275 0.0329081 -0.0122807 -0.0253826 -0.0098204 -0.0281629 0.0599072 0.0427595 0.0161334 0.000491831 -0.00504952 -0.0458926 -0.0590384 -0.0145018 -0.0177151 -0.000920803 -0.019573 0.0120814 0.0752485 0.0464445 -0.0202562 0.0195655 -0.00187543
internal_weight=130479 93036.4 53281.7 37442.2 39754.7 37860.2 51200.9 22365.3 10198.4 29703.3 20449.6 4818.02 4038.43 30824.7 14593.6 7934.84 6633.07 10269.1 10180.6 8298.77 2080.84 8482.82 6254.52 5342.58 1881.78 829.232 7738.9 3927.5 3829.73 2831.53
internal_count=439140 222852 110485 216288 112367 100949 98969 56312 38623 196320 141934 25650 24171 70986 42081 30211 27970 62189 79745 68223 11516 55036 39562 25507 11522 4804 19968 25033 11538 9497
is_linear=0
shrinkage=0.1


Tree=12
num_leaves=31
num_cat=0
split_feature=5 6 11 4 1 11 6 11 6 6 11 6 9 9 2 6 11 12 12 6 11 8 5 11 6 1 7 6 9 4
split_gain=10660.5 3612.36 2279.31 1964.11 1727.26 1111.3 1104.16 1392.48 1048.52 959.244 1587.08 883.8 821.363 1694.84 1072.54 756.073 1937.26 740.577 912.504 715.107 1980.27 708.438 695.753 646.863 592.122 530.154 541.335 525.109 504.807 479.183
threshold=1.5000000000000002 11.500000000000002 0.79193722943722955 57.500000000000007 2.5000000000000004 0.55555555555555791 3.5000000000000004 0.043167701863354009 24.500000000000004 6.5000000000000009 0.083920187719298212 3.5000000000000004 -1.9769999999999965 1.5880000000000012 3.5000000000000004 9.5000000000000018 0.12793235133660666 1.5000000000000002 -1.0000000180025095e-35 12.500000000000002 0.15849282296650716 91.165500000000023 2.5000000000000004 0.33549783549783552 38.500000000000007 3.5000000000000004 8.5000000000000018 25.500000000000004 1.8204999999999956 40.500000000000007
decision_type=2 2 2 2 2 2 2 2 2 2 2 2 2 2 2 2 2 2 2 2 2 2 2 2 2 2 2 2 2 2
left_child=4 5 8 28 6 11 -1 -8 12 -9 -11 -2 -3 14 -14 -12 -17 18 -16 -18 -21 -20 23 -23 -5 26 -6 -22 -4 -7
right_child=1 2 3 24 25 29 7 9 -10 10 15 -13 13 -15 17 16 19 -19 21 20 27 22 -24 -25 -26 -27 -28 -29 -30 -31
leaf_value=-0.064722425977630615 -0.013860821881220073 0.085882963967581313 -0.088267943612989661 0.031744841275588701 0.069683992498898978 -0.096792796697969849 0.13166200119576135 -0.053420637924403117 0.10101540942636084 0.1580254858741352 -0.047032252788953829 0.047914745243405221 -0.06480086355342346 0.086748843111684973 0.076499786963769342 0.19672973366315857 -0.040239446914526543 0.088983623781961438 -0.055114475750242808 0.20912144000580693 -0.0093289258654548363 0.11717646176759818 0.10155444183870077 -0.050845961974238033 0.11514343790608295 -0.09959541724227966 0.015157010542856465 0.039856110870829096 0.12705902754787743 -0.0023005978237372535
leaf_weight=3415.3282774835825 2647.2745703086257 21628.159872174263 1582.9139791354537 3417.5116108208895 4323.3497302830219 641.20720031857491 732.6676923930645 3953.6172771751881 19143.683885417879 618.75800670683384 3477.7271550446749 18501.441589355469 1126.0639683976769 9567.7011624574661 1962.9675837904215 506.6634414717555 3744.9254396483302 2192.1142330467701 1719.0524230524898 478.01838275045156 9663.3189970031381 293.15305853635073 848.06971833109856 1049.1096643507481 1133.7444167733192 256.13092470169067 3145.3401744067669 2799.4444655552506 116.91678357124329 3291.8998778760433
leaf_count=31717 14374 35021 15978 9488 8862 4373 1945 30847 33557 1501 25695 46464 6583 15409 3494 1469 26186 3683 10576 1346 61254 772 2919 5249 1891 1274 9832 14360 243 12778
internal_value=0.044949 0.063395 0.0757071 0.0182634 -0.000209324 0.0311046 -0.011269 -0.00424073 0.081739 -0.00818533 0.000215451 0.040182 0.0726018 0.0572887 0.0266195 -0.00450858 0.00409324 0.0393848 0.0208698 -0.00175619 0.00938046 -0.00706295 0.0306496 -0.0141495 0.0525199 0.0418693 0.0467207 0.00171925 -0.0734574 -0.0177055
internal_weight=127978 90863 65781.2 6251.09 37115.3 25081.8 29390.5 25975.1 59530.1 25242.5 21288.9 21148.7 40386.4 18758.2 9190.53 20670.1 17192.4 8064.47 5872.35 16685.7 12940.8 3909.38 2190.33 1342.26 4551.26 7724.82 7468.69 12462.8 1699.83 3933.11
internal_count=439140 222852 144863 27600 216288 77989 196320 164603 117263 162658 131811 60838 83706 48685 33276 130310 104615 26693 23010 103146 76960 19516 8940 6021 11379 19968 18694 75614 16221 17151
is_linear=0
shrinkage=0.1


Tree=13
num_leaves=31
num_cat=0
split_feature=5 6 11 11 9 9 10 6 2 2 9 9 2 0 8 12 12 0 8 9 9 8 10 6 4 2 1 2 2 11
split_gain=8942.62 3269.59 1757.64 1651.51 1553.53 2517.89 1490.35 1421.89 1227.63 1145.9 933.523 3340.22 886.125 835.302 762.555 735.402 849.244 681.156 653.688 622.619 1209.3 616.568 597.643 580.719 708.461 575.595 545.553 530.944 594.339 502.575
threshold=1.5000000000000002 16.500000000000004 0.71103238866396767 0.88516483516483524 -1.0645000000000022 0.93549999999999767 -22.13699999999999 6.5000000000000009 4.5000000000000009 22.500000000000004 -0.34049999999999864 0.35249999999999915 19.500000000000004 152.50000000000003 92.851500000000016 -1.0000000180025095e-35 1.0000000180025095e-35 18.500000000000004 96.852500000000006 -0.93799999999999506 1.063500000000005 78.879500000000021 -24.138499999999997 4.5000000000000009 4.5000000000000009 24.500000000000004 1.5000000000000002 17.500000000000004 15.500000000000002 0.23746867167919791
decision_type=2 2 2 2 2 2 2 2 2 2 2 2 2 2 2 2 2 2 2 2 2 2 2 2 2 2 2 2 2 2
left_child=4 2 7 10 9 6 -6 29 14 13 27 15 -10 17 -7 -12 -17 -1 -14 -9 21 -21 -5 -15 -25 -11 -23 28 -3 -2
right_child=1 3 -4 22 5 8 -8 19 12 25 11 -13 18 23 -16 16 -18 -19 -20 20 -22 26 -24 24 -26 -27 -28 -29 -30 -31
leaf_value=0.05717378580098649 0.033534801709403837 0.087075171666136375 -0.043205317680198502 0.047629845228896621 0.027737719420394699 -0.062374535129383728 -0.085390270317479894 0.066227252133661249 -0.03074529685484197 0.083932921809087679 0.082323581457931949 0.092050504854388704 0.098624667782174352 -0.026126068209956735 0.11068329040579206 -0.047838370826820825 0.049989174376918105 -0.032044783378246171 -0.0048660014494016088 -0.085948817594846183 0.065373407181967311 -0.0067614398086588536 -0.063299812070234565 0.1584559282496896 0.03100613479500618 -0.038896528116693752 0.063629675467501645 0.10933606388554028 0.023475103115719518 -0.012116045946334733
leaf_weight=1001.6450226902962 4678.6928975954652 15171.22759231925 2487.3710979744792 887.48267525434494 1427.9783808588982 301.70932027697563 6311.9924927800894 17631.982997894287 4846.5098628997803 3219.1952667236328 826.95887264609337 11609.947126209736 1135.4306572675705 1681.4619297161698 1631.2977207005024 3170.1044085845351 1232.3404439389706 5874.1587448120117 1319.7437382936478 680.63560908287764 6932.6200177669525 3501.672289416194 1072.7281706929207 464.83396930247545 7068.5066185742617 432.80848693847656 1606.0170068889856 10799.142570495605 1626.8923835754395 4976.8634176254272
leaf_count=4674 16269 25444 14433 2919 7304 2062 58498 31876 31268 7312 1491 18946 3327 12298 5394 21216 3960 37241 7568 4836 12497 15718 8150 951 35362 3029 4548 16274 3496 20779
internal_value=0.0412494 0.0583978 0.0383584 0.0767523 -0.000266824 -0.0224501 -0.0645188 0.0434293 0.0128094 0.0188063 0.0807149 0.0621598 -0.00595038 0.00732878 0.0836719 -0.00420138 -0.0204543 -0.0190477 0.0429947 0.054062 0.0372003 0.00345768 -0.0130766 0.0270101 0.0388702 0.0693761 0.0153717 0.0920368 0.0809155 0.0100045
internal_weight=125610 88892.7 42495.9 46396.8 36717.3 16974.7 7739.97 40008.5 9234.69 19742.6 44436.6 16839.4 7301.68 16090.6 1933.01 5229.4 4402.44 6875.8 2455.17 30352.9 12720.9 5788.32 1960.21 9214.8 7533.34 3652 5107.69 27597.3 16798.1 9655.56
internal_count=439140 222852 120956 101896 216288 115421 65802 106523 49619 100867 90827 45613 42163 90526 7456 26667 25176 41915 10895 69475 37599 25102 11069 48611 36313 10341 20266 45214 28940 37048
is_linear=0
shrinkage=0.1


Tree=14
num_leaves=31
num_cat=0
split_feature=5 6 9 9 12 12 6 11 6 11 6 11 6 11 11 10 6 6 4 4 11 4 3 6 4 12 12 12 11 11
split_gain=7542.29 2981.54 1721.9 3689.44 1703.32 2119.75 1441.69 3095.6 1394.92 2340.29 1276.9 2038.65 1200.16 2659.62 1015.39 809.369 796.508 717.307 1980.46 629.423 614.84 943.029 541.678 503.748 1252.59 475.098 1435.37 557.861 468.163 425.169
threshold=1.5000000000000002 13.500000000000002 -1.5345000000000011 1.5880000000000012 1.5000000000000002 -1.0000000180025095e-35 1.5000000000000002 0.013986697965569402 4.5000000000000009 0.057417582417582359 7.5000000000000009 0.097391598915989155 10.500000000000002 0.13888888888888948 0.56430934656741127 -75.316000000000017 3.5000000000000004 13.500000000000002 13.500000000000002 40.500000000000007 0.77849927849927869 43.500000000000007 1.0000000180025095e-35 18.500000000000004 18.500000000000004 1.5000000000000002 -1.0000000180025095e-35 1.0000000180025095e-35 0.79193722943722955 0.59731240981240996
decision_type=2 2 2 2 2 2 2 2 2 2 2 2 2 2 2 2 2 2 2 2 2 2 2 2 2 2 2 2 2 2
left_child=6 14 22 4 5 -4 -1 -8 -9 -10 -11 -12 -13 -14 16 -7 -2 -15 -19 -16 21 29 -3 -20 -25 26 -18 -28 -21 -17
right_child=1 2 3 -5 -6 15 7 8 9 10 11 12 13 17 19 20 25 18 23 28 -22 -23 -24 24 -26 -27 27 -29 -30 -31
leaf_value=-0.098517166031240208 -0.014438265347361893 0.091169915183079112 0.068800829053085683 0.087576876520904345 0.08339430875830918 0.10749986662315458 0.21941687772094609 -0.054850274649674048 0.13323253733970739 -0.047782415162497933 0.12960575779920111 -0.04725149164923393 0.17213319303570995 -0.030171070909161764 -0.10067844255690379 -0.02843695599350823 0.05658885764336552 0.13455927554880281 -0.021151722298833674 0.015280634377224931 -0.083975196571009894 0.059100559808562492 0.056622870610936432 0.18136871990733552 0.0096687396734311121 0.063386833376736049 -0.028472955531878553 0.034522417882819401 -0.079041322832413122 -0.11206534270868873
leaf_weight=1436.0000194460154 2658.3487473279238 23757.754534989595 2735.8685927242041 12619.829864501953 2635.0446503311396 384.56474095582962 652.92137748003006 4135.4339153468609 1402.2365202307701 4532.3338260948658 1346.9692922085524 3933.3661361187696 1000.4750544801354 4457.1776993796229 677.44555093348026 3022.564699627459 10021.664739362895 1277.6426879242063 4887.1134119480848 3931.3388777971268 2306.3632063418627 1122.9087261036038 5610.3454558551311 453.0732748657465 6828.4985356107354 7870.4242800325155 3798.239668764174 2231.7298216670752 607.54708622395992 760.98844499886036
leaf_count=14146 14456 38892 5227 20909 4692 625 1432 32709 2920 32660 2646 26948 2094 27940 5099 16676 20546 3181 30107 12647 19808 4482 10462 1385 38120 15302 16646 6302 4499 5582
internal_value=0.037925 0.0539463 0.0680477 0.0490844 0.0116262 -0.00667505 -0.000318681 0.00372097 -0.000390409 0.00708713 0.000927439 0.0100561 0.00300489 0.0134618 0.0295741 -0.0338544 0.0374905 0.00459498 0.0161192 -0.0107647 -0.041391 -0.0213735 0.0845702 0.00368367 0.0203522 0.0432611 0.033393 -0.00515797 0.00265528 -0.0452572
internal_weight=123096 86753 54956.2 25588.1 12968.3 10333.3 36343.2 34907.2 34254.3 30118.9 28716.6 24184.3 22837.3 18904 31796.7 7597.39 26580.4 17903.5 13446.3 5216.33 7212.83 4906.46 29368.1 12168.7 7281.57 23922.1 16051.6 6029.97 4538.89 3783.55
internal_count=439140 222852 127355 78001 57092 52400 216288 202142 200710 168001 165081 132421 129775 102827 95497 47173 73252 100733 72793 22245 46548 26740 49354 69612 39505 58796 43494 22948 17146 22258
is_linear=0
shrinkage=0.1


Tree=15
num_leaves=31
num_cat=0
split_feature=5 6 11 6 11 6 9 9 10 6 11 6 11 6 11 11 2 8 11 4 5 8 9 9 5 11 11 2 11 4
split_gain=6366.74 2740.56 1508.42 1263.87 2431.56 1234.07 1178.66 2534.45 1456.26 1169.25 1889.42 1061.35 1637.35 992.925 2103.71 738.935 635.096 628.67 618.761 1169.12 673.427 588.1 555.027 1063.4 539.852 1340.22 534.05 526.031 514.758 468.175
threshold=1.5000000000000002 17.500000000000004 0.72438780609695164 1.5000000000000002 0.013986697965569402 7.5000000000000009 -1.5345000000000011 1.5880000000000012 -22.511500000000204 4.5000000000000009 0.057417582417582359 7.5000000000000009 0.097391598915989155 10.500000000000002 0.13888888888888948 0.73746867167919816 22.500000000000004 101.94250000000001 0.30839160839160845 22.500000000000004 3.5000000000000004 93.631500000000017 -0.45050000000000517 0.93549999999999767 2.5000000000000004 0.46756905066764226 0.57719393282773568 24.500000000000004 0.23746867167919791 40.500000000000007
decision_type=2 2 2 2 2 2 2 2 2 2 2 2 2 2 2 2 2 2 2 2 2 2 2 2 2 2 2 2 2 2
left_child=3 2 5 -1 -5 28 -3 8 -8 -6 -11 -12 -13 -14 -15 21 17 22 20 -20 -7 -10 -16 -24 25 -21 -26 -18 -2 -28
right_child=1 6 -4 4 9 18 7 -9 15 10 11 12 13 14 16 -17 27 -19 19 24 -22 -23 23 -25 26 -27 29 -29 -30 -31
leaf_value=-0.095915080130560507 0.032251058512153145 0.084845250320503982 -0.04752795545519703 0.1918233409091894 -0.051242078692955308 0.070276822426319677 0.050810582370644841 0.087945052869597196 -0.034183837066504845 0.11952895664687753 -0.044360791536532947 0.11577491785987204 -0.043767488861334428 0.15176292244804007 0.0063094856571324215 -0.08137757166187512 0.070592915154961175 0.0601389125021633 -0.08849844735555111 0.043433965814479045 -0.13808249984178614 0.058378554952791456 -0.082714129293923758 0.004594981815586127 0.075884240978310133 -0.058012551092534198 -0.09190931430098391 -0.030377706313214427 -0.0088430848918165921 0.038858454946295917
leaf_weight=1332.8069098480046 5700.2408800497651 21419.551513671875 2223.5497544705868 671.04571223258972 3991.6815509200096 10553.210221283138 5151.9500894546509 9243.0941619873047 1691.5846901610494 1406.3902350515127 4400.8247573524714 1356.4821786135435 3827.5458740442991 1020.0905725806952 7957.9721884801984 1610.7881034910679 2213.8870704770088 1380.1663547754288 712.57736675441265 6269.7458474487066 157.43292923271656 1155.1358386278152 2536.9832486510277 3099.1534717082977 6147.5068405419588 1643.6800200045109 293.98853708803654 672.75874328613281 6551.7339935302734 3983.5981311202049
leaf_count=14146 18447 36857 14390 1432 32709 21500 13950 15626 9767 2920 32660 2646 26948 2094 42606 14710 5130 5618 3552 13697 822 3632 25258 17424 12601 6198 2030 4697 25572 9501
internal_value=0.034939 0.0499216 0.0327395 -0.000361965 0.00332571 0.0369876 0.0687953 0.0505601 0.0146004 -0.000409545 0.00638295 0.00079284 0.00905018 0.00267504 0.0120898 -0.027251 0.00411269 -0.00416657 0.047984 0.0371726 0.0672142 0.00337592 -0.0106953 -0.0347053 0.0420558 0.0223627 0.0570043 0.0470608 0.010276 0.0298711
internal_weight=120377 84509.4 44237.3 35867.8 34535 42013.7 40272.1 18852.6 9609.46 33863.9 29872.3 28465.9 24065 22708.6 18881 4457.51 17860.9 14974.3 29761.7 19051.1 10710.6 2846.72 13594.1 5636.14 18338.5 7913.43 10425.1 2886.65 12252 4277.59
internal_count=439140 222852 128310 216288 202142 113920 94542 57685 42059 200710 168001 165081 132421 129775 102827 28109 100733 90906 69901 47579 22322 13399 85288 42682 44027 19895 24132 9827 44019 11531
is_linear=0
shrinkage=0.1


Tree=16
num_leaves=31
num_cat=0
split_feature=5 6 9 9 12 12 12 10 9 9 11 4 10 2 3 11 8 11 4 9 4 11 6 11 6 11 3 4 5 8
split_gain=5339.4 2494.86 1592.96 3252.74 1431.64 1756.05 1140.49 1047.49 1032.71 2116.71 749.988 1097.46 728.113 710.236 703.712 650.804 747.782 634.276 589.14 556.401 541.672 932.344 536.97 1051.01 617.065 1009.91 533.298 493.205 475.616 454.396
threshold=1.5000000000000002 10.500000000000002 -1.3280000000000027 1.5880000000000012 2.5000000000000004 -1.4999999999999998 3.5000000000000004 -65.359499999999997 -1.1249999999999927 0.93549999999999767 0.77849927849927869 42.500000000000007 -22.795499999999993 4.5000000000000009 1.0000000180025095e-35 0.58333333333366677 91.940000000000012 0.26401991614255771 18.500000000000004 5.5595000000000008 32.500000000000007 0.41742424242424242 2.5000000000000004 0.027973395931138855 5.5000000000000009 0.069605943152454761 1.0000000180025095e-35 24.500000000000004 2.5000000000000004 90.796000000000006
decision_type=2 2 2 2 2 2 2 2 2 2 2 2 2 2 2 2 2 2 2 2 2 2 2 2 2 2 2 2 2 2
left_child=6 17 14 4 5 -4 8 -7 22 12 11 15 -10 -11 -3 16 -9 28 -19 -15 21 27 -1 -24 -25 -26 -5 -18 -2 -13
right_child=1 2 3 26 -6 7 -8 10 9 13 -12 29 -14 19 -16 -17 20 18 -20 -21 -22 -23 23 24 25 -27 -28 -29 -30 -31
leaf_value=-0.061467624379828695 0.042383435263004678 0.078959247029126212 0.079552096071190334 0.082709058070049968 0.084362241083337772 0.087382033065498285 0.031195886503847855 -0.060072635887301162 0.0058108430978394236 0.070644651147858728 -0.079136624345438777 0.010345607664950501 -0.085720546284409421 0.036196991520676867 0.042893761948596044 -0.11199950208704974 0.010357041245300527 -0.1200620143675226 0.0052337993799384721 -0.032028631101526976 0.11428338669388625 -0.099795860004796538 0.16803635450982227 -0.045007638398240651 0.14442953182979698 0.010683424332540613 0.029915249907505888 0.16466571637649866 -0.036244365983347064 0.11255245959753296
leaf_weight=1005.0420414358377 8911.3867666870356 25845.780540078878 2003.5239061713219 11480.409540116787 2020.1623348891735 801.62379178404808 8636.5205664858222 2406.9210359975696 1033.4097353219986 1457.775120973587 2472.7026714459062 1054.6126106232405 5465.2589622102678 1835.5612812042236 6842.4823497831821 967.1145563647151 748.00000333040953 388.0973115041852 11355.332537002861 3427.1651618480682 482.83253479003906 649.24807575345039 430.5348038226366 1798.1410772204399 599.61083883047104 9662.378400593996 2296.0701923966408 286.45533061027527 842.00386393070221 740.35048396885395
leaf_count=9748 24682 46145 3465 20047 3421 1435 39131 14741 5947 5745 22808 5007 57683 9315 13659 7366 2785 2238 39649 23221 1083 3862 779 13286 1111 50322 4864 570 3462 1563
internal_value=0.0321279 0.0460476 0.0563567 0.0390367 0.00620577 -0.00631178 -0.000394073 -0.022526 -0.0106066 -0.0304725 -0.0315087 -0.015454 -0.0711653 0.00887708 0.0714098 -0.0374695 -0.0217092 0.0167473 0.00109302 -0.00823254 0.0209108 -0.00586554 0.0088522 0.0145104 0.00902965 0.0184982 0.0739101 0.0530873 0.0355955 0.0525018
internal_weight=117947 82595.1 61098.3 28410 14633.5 12613.4 35351.4 10609.9 26714.9 13219.2 9808.24 7335.53 6498.67 6720.5 32688.3 5540.57 4573.46 21496.8 11743.4 5262.73 2166.54 1683.7 13495.7 12490.7 12060.1 10262 13776.5 1034.46 9753.39 1794.96
internal_count=439140 222852 152821 93017 68106 64685 216288 61220 177157 101911 59785 36977 63630 38281 59804 30407 23041 70031 41887 32536 8300 7217 75246 65498 64719 51433 24911 3355 28144 6570
is_linear=0
shrinkage=0.1


Tree=17
num_leaves=31
num_cat=0
split_feature=5 6 11 6 11 6 6 11 9 9 6 11 6 11 6 4 2 11 2 11 4 5 11 5 6 11 6 4 8 6
split_gain=4513.49 2357.95 1322.33 1043.95 1831.02 1029.47 898.166 1426.59 885.236 2630.67 861.169 1274.96 805.982 1661.53 594.401 1528.34 555.381 541.171 525.045 510.699 1461.31 659.559 615.885 510.243 472.032 464 444.002 1340.59 437.261 424.714
threshold=1.5000000000000002 18.500000000000004 0.72438780609695164 1.5000000000000002 0.013986697965569402 7.5000000000000009 4.5000000000000009 0.057417582417582359 -0.34049999999999864 0.29899999999999954 7.5000000000000009 0.097391598915989155 10.500000000000002 0.13888888888888948 13.500000000000002 13.500000000000002 17.500000000000004 0.77849927849927869 15.500000000000002 0.40288142620232176 29.500000000000004 2.5000000000000004 0.51408730158730165 3.5000000000000004 1.5000000000000002 0.51408730158730165 16.500000000000004 16.500000000000004 78.698000000000022 18.500000000000004
decision_type=2 2 2 2 2 2 2 2 2 2 2 2 2 2 2 2 2 2 2 2 2 2 2 2 2 2 2 2 2 2
left_child=3 2 5 -1 -5 24 -6 -8 16 17 -9 -12 -13 -14 -15 -16 18 28 -3 23 -21 22 -22 -7 -2 -23 -17 -28 -10 -29
right_child=1 8 -4 4 6 19 7 10 9 -11 11 12 13 14 15 26 -18 -19 -20 20 21 25 -24 -25 -26 -27 27 29 -30 -31
leaf_value=-0.092325808714456989 -0.090007494164135005 0.069355503548001726 -0.043987866359642976 0.16640779392827065 -0.046313482622470745 0.055029476462992388 0.10451999727776309 -0.040929848937888258 -0.070877466379314927 0.074926844522936617 0.10235198130791395 -0.040350193765108164 0.13442363164138044 -0.02854874528130107 0.11774261338085541 -0.031029737026483303 0.095963544282879537 -0.067893334482571191 0.0027825737398331557 -0.094171920960033073 0.020009013163121057 0.081797175337827321 -0.083534783617883968 -0.090725654688000645 0.011229137711708038 0.034654200232883903 0.17450002684927124 -0.042589555497555442 0.022436220133043496 0.015050863654904323
leaf_weight=1193.7642062269151 479.22537326067686 11271.474487304688 2429.4388406574726 670.68668129295111 3788.0307324454188 16997.745651051402 1384.2733176760375 4250.8992213793099 616.15978691726923 8863.7371482849121 1349.1180314533412 3705.9769018180668 1025.8243764489889 4357.0338283628225 1283.2836235873401 2915.4756069220603 8068.1475830078125 1457.1711099147797 1323.8190841674805 924.79820834100246 2745.6411796137691 3004.0579017177224 726.43597447872162 243.61791338026524 11831.770477294922 6844.8441589027643 491.14970741048455 1559.3142980076373 2714.4189248010516 7094.0144939050078
leaf_count=14146 4181 22127 16130 1432 32709 37365 2920 32660 3846 17282 2646 26948 2094 27940 3181 18772 14438 13246 3183 5620 6278 5711 2985 1265 39838 17444 1423 10388 11913 39029
internal_value=0.0295276 0.0425654 0.0278238 -0.000416237 0.00282267 0.0318071 -0.000481539 0.00542037 0.0624247 0.0426642 0.000526662 0.00793703 0.00225869 0.0106912 0.00352023 0.0139919 0.0754797 -0.017065 0.0623584 0.0413936 0.0273829 0.0358218 -0.00165466 0.05297 0.00728834 0.0490335 0.0029519 0.013786 0.00517311 0.00466416
internal_weight=115611 80542.5 46227.6 35068.8 33875.1 43798.1 33204.4 29416.4 34314.9 13651.5 28032.1 23781.2 22432.1 18726.1 17700.3 13343.2 20663.4 4787.75 12595.3 31487.1 14245.8 13321 3472.08 17241.4 12311 9848.9 12060 9144.48 3330.58 8653.33
internal_count=439140 222852 136817 216288 202142 120687 200710 168001 86035 46287 165081 132421 129775 102827 100733 72793 39748 29005 25310 76668 38038 32418 9263 38630 44019 23155 69612 50840 15759 49417
is_linear=0
shrinkage=0.1


Tree=18
num_leaves=31
num_cat=0
split_feature=5 6 11 4 6 11 12 12 9 9 9 9 12 12 8 6 6 3 2 2 2 11 6 11 11 4 5 0 5 3
split_gain=3778.88 2140.16 972.465 1271.2 915.207 1481.01 849.979 1408.18 809.774 1318.97 722.728 1223.98 643.261 841.733 559.959 537.671 515.477 505.341 472.547 466.966 445.255 401.519 397.876 404.88 384.818 1226.27 543.821 362.587 350.291 333.624
threshold=1.5000000000000002 15.500000000000002 0.72438780609695164 51.500000000000007 1.5000000000000002 0.013986697965569402 1.5000000000000002 -1.0000000180025095e-35 -1.8265000000000031 1.5880000000000012 1.063500000000005 -1.9769999999999965 2.5000000000000004 -1.4999999999999998 91.165500000000023 26.500000000000004 38.500000000000007 1.0000000180025095e-35 15.500000000000002 22.500000000000004 4.5000000000000009 0.91228073549259314 6.5000000000000009 0.085960591133004915 0.51408730158730165 36.500000000000007 3.5000000000000004 132.50000000000003 2.5000000000000004 1.0000000180025095e-35
decision_type=2 2 2 2 2 2 2 2 2 2 2 2 2 2 2 2 2 2 2 2 2 2 2 2 2 2 2 2 2 2
left_child=4 8 15 -4 -1 -6 7 20 17 12 11 -9 13 -10 29 24 21 -2 -11 27 -7 -5 -22 -24 26 -26 -3 -8 -27 -15
right_child=1 2 3 16 5 6 19 10 9 18 -12 -13 -14 14 -16 -17 -18 -19 -20 -21 22 -23 23 -25 25 28 -28 -29 -30 -31
leaf_value=-0.089801338227013666 0.048179789914955279 0.065866183321264024 -0.078346003003678916 0.035807560797663639 0.1495311920880614 0.048265811032819565 -0.013789531404092382 0.0013791829824842676 0.042229539911639795 0.052076158457537214 0.023202290312109096 -0.08891369972466015 0.050454656812579018 -0.081454500604051433 -0.017403259056033946 0.080517076729665016 0.091945076781538626 0.014998815198958237 -0.0067828059255036037 0.058699646893422622 -0.038717000066291113 -0.043499510222720521 0.11358380916966421 0.0046362105060462379 -0.10594446928286104 0.021800208925553299 -0.087366108925923558 0.025640485592912522 0.062806143782151116 0.063214340530222818
leaf_weight=1108.9862813539803 12117.770945869386 14584.777561157942 1085.1026468575001 4058.8199318647385 671.65226976573467 2258.3739977478981 3799.8512074872851 2255.7610423117876 1446.211370870471 5620.1634473800659 1281.7229736894369 4488.6947067603469 1207.186925150454 2922.9163365736604 4169.9792485237122 10528.113037645817 1417.2235737740993 7388.5352827683091 1801.1593828201294 2514.4031410217285 2177.28404943645 757.53131866455078 357.04419492185116 7642.1881712377071 560.22978973388672 3433.872919395566 235.34636357426643 6037.9577873945236 5296.3563439100981 168.60202546417713
leaf_count=14146 26316 32317 12078 11043 1432 9904 22399 14333 4025 12443 7597 50610 2690 19462 21902 22253 3046 19943 5002 7275 17068 4577 683 40336 3850 8381 1110 30505 11830 584
internal_value=0.0271266 0.0392221 0.0546651 0.0215445 -0.000425213 0.00253483 -0.000474024 -0.0129791 0.0216352 0.00590918 -0.0456327 -0.0587142 -0.0179545 -0.0274383 -0.0413135 0.061663 0.0389329 0.0356116 0.0377911 0.0202403 0.00809734 0.0233339 -0.000816849 0.00949907 0.0534301 0.0374739 0.0634328 0.0104107 0.0466772 -0.0735647
internal_weight=113394 78799.9 41957.4 7318.68 34593.9 33484.9 32813.3 20461.1 36842.5 17336.2 8026.18 6744.46 9914.9 8707.71 7261.5 34638.7 6233.57 19506.3 7421.32 12352.2 12434.9 4816.35 10176.5 7999.23 24110.6 9290.46 14820.1 9837.81 8730.23 3091.52
internal_count=439140 222852 110485 30744 216288 202142 200710 140531 112367 66108 72540 64943 48663 45973 41948 79741 18666 46259 17445 60179 67991 15620 58087 41019 57488 24061 33427 52904 20211 20046
is_linear=0
shrinkage=0.1


Tree=19
num_leaves=31
num_cat=0
split_feature=6 5 4 6 11 9 9 12 12 9 9 2 8 6 2 2 9 11 5 6 4 6 4 10 2 2 5 6 3 9
split_gain=3351.74 1424.19 1460.96 1302.1 1125.69 1071.02 2195.1 1113.4 1571.88 907.817 1060.9 728.701 734.487 632.643 579.666 613.718 573.79 523.647 445.492 434.428 1403.1 471.234 755.871 390.149 406.123 971.648 380.199 363.873 362.731 326.208
threshold=12.500000000000002 1.5000000000000002 12.500000000000002 1.5000000000000002 0.014389233954451302 -1.5345000000000011 1.5880000000000012 1.0000000180025095e-35 -1.0000000180025095e-35 -1.3280000000000027 -1.0000000180025095e-35 6.5000000000000009 93.355000000000004 4.5000000000000009 17.500000000000004 15.500000000000002 -0.34049999999999864 0.057417582417582359 1.5000000000000002 15.500000000000002 15.500000000000002 18.500000000000004 18.500000000000004 -75.316000000000017 17.500000000000004 19.500000000000004 1.5000000000000002 30.500000000000004 1.0000000180025095e-35 1.9234999999999969
decision_type=2 2 2 2 2 2 2 2 2 2 2 2 2 2 2 2 2 2 2 2 2 2 2 2 2 2 2 2 2 2
left_child=3 2 -2 -1 -5 14 7 8 -7 13 16 12 -12 -6 15 -3 -11 -15 -19 -4 -21 -22 -23 -10 -25 -26 -13 -24 -8 -29
right_child=1 5 19 4 9 6 28 -9 23 10 11 26 -14 17 -16 -17 -18 18 -20 20 21 22 27 24 25 -27 -28 29 -30 -31
leaf_value=-0.087314499932236417 0.10694796430338632 0.056831276970926152 -0.029781410160538188 0.13154990864882496 -0.014630333642714538 0.048771383058063292 0.072643737401718464 0.048758039260715341 0.079643836751143587 -0.011173155928293623 -0.042436598577664415 -0.03835470318799853 0.05045184958999227 0.099702146076474679 0.081493115889459997 -0.0081897550005728941 -0.075987835109934343 0.0022589568931582274 0.033810691570021048 0.14981195614008716 -0.035549657450390203 0.14801027055228907 -0.0036226379760196099 -0.06760084325742681 0.078531384159374093 -0.065754573748340914 0.0041992519599299647 0.024903157961744721 0.023244158497137058 0.1393903868344592
leaf_weight=1496.2142709158361 1480.8940170258284 14787.534517288208 3212.8224394470453 719.91253466159105 4774.4785938709974 2634.7653373330832 9358.4984237253666 3838.9594522714615 246.57282119989395 2427.6799926757812 1054.7569735907018 3700.7439057901502 4412.143443107605 916.27715162932873 9498.6566638946533 1609.6620635986328 3122.8150583319366 7033.1345414891839 12303.2163586393 692.48997865244746 2438.7619017399848 405.07553453370929 5544.9826345331967 3884.2993683964014 742.83493481576443 1255.657790184021 4852.685714058578 919.2099749147892 1767.0708282887936 341.2737825512886
leaf_count=18440 3738 30180 20926 1652 27897 5546 18246 11285 444 13313 6344 29683 15619 1738 18434 3860 25656 38177 26363 1904 16363 1161 32018 30734 3114 9730 16494 5128 3979 974
internal_value=0.0248494 0.0396037 0.0126415 0.00447067 0.00750105 0.0477729 0.0324257 0.0038489 -0.0158227 0.00549861 -0.0106354 0.00401397 0.0325304 0.0181152 0.0618356 0.0504484 -0.0476391 0.0258348 0.0223345 0.00233818 0.0123166 0.00244911 0.0153011 -0.0435891 -0.0487543 -0.0121238 -0.0142122 0.007402 0.0647976 0.0559004
internal_weight=111474 64660 15035.5 46814.1 45317.8 49624.5 23728.7 12603.1 8764.13 44597.9 19570.8 14020.3 5466.9 25027.1 25895.9 16397.2 5550.5 20252.6 19336.4 13554.6 10341.8 9649.3 7210.54 6129.36 5882.79 1998.49 8553.43 6805.47 11125.6 1260.48
internal_count=439140 217764 82212 221376 202936 135552 83078 60853 49568 201284 107109 68140 21963 94175 52474 34040 38969 66278 64540 78474 57548 55644 39281 44022 43578 12844 46177 38120 22225 6102
is_linear=0
shrinkage=0.1


Tree=20
num_leaves=31
num_cat=0
split_feature=6 6 9 9 10 11 5 2 11 2 9 2 1 4 4 10 6 8 9 10 2 5 5 0 8 6 8 1 11 4
split_gain=2858.3 1239.56 1119.06 3314.56 1070.96 1060.1 955 803.544 659.371 577.717 753.603 570.94 564.912 615.387 523.257 452.123 385.036 384.167 629.113 381.239 378.126 358.826 382.821 351.944 346.05 340.482 338.259 336.787 336.741 1001.58
threshold=14.500000000000002 2.5000000000000004 -0.34049999999999864 1.2485000000000002 -22.511500000000204 0.027973395931138855 1.5000000000000002 17.500000000000004 0.51408730158730165 4.5000000000000009 -2.9769999999999963 1.0000000180025095e-35 1.0000000180025095e-35 14.500000000000002 36.500000000000007 -1.943999999999882 3.5000000000000004 79.237500000000011 -1.9769999999999965 -81.837499999999949 22.500000000000004 2.5000000000000004 4.5000000000000009 176.50000000000003 93.988500000000016 27.500000000000004 98.412500000000009 1.5000000000000002 0.25677655677655681 18.500000000000004
decision_type=2 2 2 2 2 2 2 2 2 2 2 2 2 2 2 2 2 2 2 2 2 2 2 2 2 2 2 2 2 2
left_child=1 -1 7 4 19 16 9 12 17 11 20 -7 -2 -14 -10 24 -3 18 -8 -4 23 -16 -23 -11 -6 -5 -9 -15 -19 -30
right_child=2 5 3 25 15 6 8 26 14 10 -12 -13 13 27 21 -17 -18 28 -20 -21 -22 22 -24 -25 -26 -27 -28 -29 29 -31
leaf_value=-0.051797622442849869 0.051035201231087117 0.23667890887298695 0.083175424685014709 0.045257907016551004 -0.082359024831114347 -0.077876930895577193 0.018675186163831969 0.078258370861466642 -0.10387087966728743 -0.036317016496596785 -0.043469470301172805 0.035508708936500204 0.14478277346674692 -0.096243343514744908 -0.1114148136526365 0.018829099263655454 0.081935925961520079 0.046124226019434694 -0.088021681267140384 0.0015715906875758017 0.040076034268242196 0.011914994454116194 -0.081923360882212415 0.011262967199782776 -0.021738541814090816 0.08229373180595316 0.021089336385730528 0.013327311884959427 -0.1152336201565565 0.02707109317927921
leaf_weight=3383.3498126417398 13497.502131044865 205.08370095491409 688.67023277282715 9728.7541936188936 3225.7876165658236 500.28117550909519 2482.6779165267944 10280.452079415321 518.04574927687645 2824.5778138637543 6601.540253482759 3954.0842056274414 348.1121466755867 294.33938384056091 275.30541414022446 756.25658291578293 744.63421477377415 9499.7471222877502 710.84544742852449 3393.89404296875 1970.739185333252 6026.13090467453 468.54818198084831 3457.712354183197 1329.8953687399626 3332.572016403079 1150.827064871788 5975.781522154808 517.37769536674023 11231.159568026662
leaf_count=33379 30763 685 1434 28225 32775 4904 5788 23911 3942 19652 58379 17802 743 1331 1420 4128 1658 22552 4672 14171 5681 20876 2737 19384 11007 7299 4033 23667 2846 29296
internal_value=0.0228172 0.00685259 0.0391866 0.0221245 -0.0231762 0.0106695 0.00872158 0.0513317 0.0193924 -0.00881344 -0.0182854 0.0227741 0.0393006 0.0153687 -0.00700693 -0.052776 0.115351 0.0272641 -0.00507444 0.015337 0.00185911 0.000405196 0.00514518 -0.0101294 -0.0646627 0.0547075 0.072503 0.00818372 0.0321244 0.0208043
internal_weight=109375 55371.8 54002.8 22455.8 9394.5 51988.5 51038.8 31547 31729.8 19308.9 14854.6 4454.37 20115.7 6618.23 7288.03 5311.94 949.718 24441.8 3193.52 4082.56 8253.03 6769.98 6494.68 6282.29 4555.68 13061.3 11431.3 6270.12 21248.3 11748.5
internal_count=439140 255653 183487 99039 63515 222274 219931 84448 94129 125802 103096 22706 56504 25741 28975 47910 2343 65154 10460 15605 44717 25033 23613 39036 43782 35524 27944 24998 54694 32142
is_linear=0
shrinkage=0.1


Tree=21
num_leaves=31
num_cat=0
split_feature=6 6 11 5 11 9 9 10 6 11 4 6 11 8 9 2 2 9 2 8 2 6 11 10 11 5 11 2 2 12
split_gain=2557.36 1284.52 1163.26 1362.95 1212.4 710.923 1448.58 935.91 666.908 1108.18 569.015 549.318 1491.89 439.491 885.981 598.419 541.396 503.502 437.179 580.315 428.545 338.81 1051.41 329.725 307.075 297.742 332.572 296.667 293.596 283.287
threshold=21.500000000000004 5.5000000000000009 0.069605943152454761 1.5000000000000002 0.66885964912280704 -0.97050000000000114 1.5880000000000012 -22.511500000000204 1.5000000000000002 0.014389233954451302 48.500000000000007 8.5000000000000018 0.11483516483516476 93.938500000000019 -0.34049999999999864 17.500000000000004 13.500000000000002 1.2485000000000002 21.500000000000004 99.940000000000012 17.500000000000004 10.500000000000002 0.13888888888888948 -1.943999999999882 0.84752415458937203 1.5000000000000002 0.48025974025974033 15.500000000000002 22.500000000000004 2.5000000000000004
decision_type=2 2 2 2 2 2 2 2 2 2 2 2 2 2 2 2 2 2 2 2 2 2 2 2 2 2 2 2 2 2
left_child=1 8 -3 11 13 20 7 -7 -1 -10 -6 -4 -13 14 15 16 -5 -16 -15 -20 27 -14 -23 29 -12 -11 -27 -2 -24 -9
right_child=5 2 3 4 10 6 -8 23 9 25 24 12 21 18 17 -17 -18 -19 19 -21 -22 22 28 -25 -26 26 -28 -29 -30 -31
leaf_value=-0.083011900952653095 0.056283365343285111 0.10448565731094245 -0.038483194416649408 0.028728489221791428 -0.086648653818052812 0.034291859123842756 0.063363882521960971 -0.062469630382786717 0.11580312679073586 -0.033964309642237803 0.0095812851574824109 0.1152476008965717 -0.041358691728627522 0.050243299257857858 -0.039328010281200636 0.061013151482477802 -0.037294793013462217 0.023286269606861334 0.047255657644032667 -0.055162452363236969 0.083834742256079314 0.11625183402814387 -0.01340504055829073 0.028348897456854111 -0.066453106478622168 0.0084835839063152011 -0.048099482983985815 0.0067230188855035376 0.027066598586625409 0.071756483395858967
leaf_weight=1336.5898795984685 7886.5081901550293 1503.9523064568639 4089.0710563585162 9991.6031711176038 1058.2784368991852 3430.7961578369141 6600.0209045410156 2604.6773814111948 676.28983820229769 5135.9308977425098 3077.3932991176844 1094.9405917339027 2256.1395548470318 14274.339978933334 3106.393070936203 5366.5118386149406 1418.2991705462337 2189.4308382570744 1275.7108244895935 976.8752760887146 5531.3586921691895 741.57391043379903 10244.387305762619 583.33519864082336 641.96241067349911 5554.8177389502525 1277.6796037182212 1426.241828918457 2172.5913415104151 167.33785735070705
leaf_count=18440 19429 3284 31496 22455 10740 10701 16439 24849 1581 43911 9735 2374 17383 33290 18516 10990 3764 4936 2782 3680 12870 1592 66374 2777 5356 20007 6699 4538 7776 376
internal_value=0.0208645 0.0116793 0.0175544 0.0155108 0.0255691 0.0467183 0.0300073 -0.00243443 -0.0158358 -0.0087351 -0.0219509 -0.00567 0.0024571 0.0314509 0.0222176 0.0334742 0.0205215 -0.0134416 0.0437823 0.00284017 0.061788 -0.00555466 0.000584225 -0.0399865 -0.00354228 -0.0157723 -0.00209747 0.0486932 -0.00632374 -0.0543668
internal_weight=107691 79460.8 65479.5 63975.5 43376.8 28230.3 13386.2 6786.15 13981.3 12644.7 4777.63 20598.7 16509.6 38599.2 22072.2 16776.4 11409.9 5295.82 16526.9 2252.59 14844.1 15414.7 13158.6 3355.35 3719.36 11968.4 6832.5 9312.75 12417 2772.02
internal_count=439140 347161 256523 253239 126244 91979 55142 38703 90638 72198 25831 126995 95499 100413 60661 37209 26219 23452 39752 6462 36837 93125 75742 28002 15091 70617 26706 23967 74150 25225
is_linear=0
shrinkage=0.1


Tree=22
num_leaves=31
num_cat=0
split_feature=6 5 4 6 11 4 11 9 9 12 12 6 2 6 11 4 5 10 10 6 11 5 1 11 6 4 6 1 11 8
split_gain=2176.44 1121.08 1148.71 881.017 785.841 881.276 690.889 617.432 850.356 698.591 814.559 601.957 586.169 430.696 404.028 1036.11 400.872 387.463 573.087 381.202 394.943 343.429 335.295 332.578 266.402 958.96 285.693 258.631 256.158 252.97
threshold=12.500000000000002 1.5000000000000002 12.500000000000002 1.5000000000000002 0.73746867167919816 52.500000000000007 0.013986697965569402 -1.3280000000000027 1.5880000000000012 2.5000000000000004 -1.0000000180025095e-35 26.500000000000004 5.5000000000000009 32.500000000000007 0.51408730158730165 36.500000000000007 3.5000000000000004 -0.60700000000000631 -24.51199999999989 4.5000000000000009 0.057417582417582359 2.5000000000000004 2.5000000000000004 0.62537500000000013 14.500000000000002 14.500000000000002 30.500000000000004 1.0000000180025095e-35 0.16901408450823807 91.165500000000023
decision_type=2 2 2 2 2 2 2 2 2 2 2 2 2 2 2 2 2 2 2 2 2 2 2 2 2 2 2 2 2 2
left_child=3 2 28 -1 11 -6 -5 19 9 10 -9 14 -10 -7 16 -16 22 18 -12 -8 -21 23 -3 -17 -4 -26 -27 -22 -2 -23
right_child=1 4 24 6 5 13 7 8 12 -11 17 -13 -14 -15 15 21 -18 -19 -20 20 27 29 -24 -25 25 26 -28 -29 -30 -31
leaf_value=-0.080326582200452468 0.10519789172033817 0.050380935197692982 -0.033068945329582662 0.1070903008420112 -0.073451769558940783 0.0025705606290401212 -0.011770235814138054 0.015701433901320269 0.047361319930630377 0.039752575755778286 -0.016015992940984398 0.066783762313584835 -0.0063647527795917206 0.061012253752203441 -0.10188915913389085 0.020216061703797913 -0.061755740006481444 0.0051467127911661026 -0.08607207010067619 0.085685647287340821 0.029800853629243423 0.026752469504753774 -0.047196913135781497 -0.056856669700371856 0.1226053726497075 -0.0083164806808657139 0.041431007011367448 0.0062867646323208964 -0.041418395979299021 0.066029916686066781
leaf_weight=1247.7751272246242 1331.1443674638867 18177.352667272091 2200.2177538722754 651.59031227603555 1120.4542196914554 3447.5189143419266 4695.4373109191656 1987.089389950037 3083.7090787887573 1239.923866070807 1619.0593325197697 9388.3572025075555 5947.1227831840515 1988.3141813725233 632.95174089819193 2605.269922170788 335.7948746830225 866.40834958478808 4188.5404153987765 872.99438876658678 8518.1461065486073 3982.7193937040865 359.10443910211325 713.1278715133667 652.9268289282918 9415.7705484852195 1315.7144540175796 10374.711067184806 130.87989942729473 2787.4030280038714
leaf_count=18440 2873 44948 15061 1444 14843 12801 27940 8243 9981 4158 8993 23128 28433 5259 4853 6446 1655 5098 42366 1740 19195 11211 1741 2611 1781 55519 6113 45345 865 6056
internal_value=0.019118 0.0315146 0.00784969 0.00253588 0.0393339 0.00730204 0.00488335 0.00334862 -0.0102104 -0.0304512 -0.0405016 0.0447212 0.0119808 0.0239473 0.0377221 0.02222 0.046529 -0.0572352 -0.0665416 0.0138426 0.019927 0.0300066 0.0484906 0.00365303 -0.0012147 0.00494164 -0.00221728 0.0168885 0.0920729 0.0429238
internal_weight=105878 60585 15046.7 45292.5 45538.4 6556.29 44044.7 43393.1 18931.9 9901.02 8661.1 38982.1 9030.83 5435.83 29593.7 10721.5 18872.3 6674.01 5807.6 24461.3 19765.9 10088.5 18536.5 3318.4 13584.6 11384.4 10731.5 18892.9 1462.02 6770.12
internal_count=439140 217764 82212 221376 135552 32903 202936 201492 107272 68858 64700 102649 38414 18060 79521 31177 48344 56457 51359 94220 66280 26324 46689 9057 78474 63413 61632 64540 3738 17267
is_linear=0
shrinkage=0.1


Tree=23
num_leaves=31
num_cat=0
split_feature=6 12 12 12 9 9 9 9 5 3 8 2 10 6 11 5 5 3 8 10 2 2 2 6 2 0 5 2 11 10
split_gain=1933.46 1065.62 2488.87 936.767 598.796 1607.99 588.94 605.678 571.329 642.58 485.824 386.686 385.17 378.326 368.93 371.95 337.895 322.354 316.821 411.373 305.094 268.222 262.003 257.005 255.902 250.645 218.817 266.769 339.655 217.102
threshold=22.500000000000004 1.5000000000000002 -1.0000000180025095e-35 1.0000000180025095e-35 -0.34049999999999864 0.45700000000000074 1.9234999999999969 -2.6814999999999993 1.5000000000000002 1.0000000180025095e-35 91.165500000000023 17.500000000000004 -22.13699999999999 2.5000000000000004 0.033370411568409301 1.5000000000000002 1.5000000000000002 1.0000000180025095e-35 97.366000000000014 -1.3444999999999823 4.5000000000000009 15.500000000000002 22.500000000000004 6.5000000000000009 5.5000000000000009 132.50000000000003 2.5000000000000004 3.5000000000000004 0.72264957264957275 -52.688000000000024
decision_type=2 2 2 2 2 2 2 2 2 2 2 2 2 2 2 2 2 2 2 2 2 2 2 2 2 2 2 2 2 2
left_child=1 2 8 6 11 12 7 23 20 -10 -9 21 -6 -3 -15 22 -12 -17 19 26 -1 -2 25 -4 -11 -16 -18 -28 -29 -20
right_child=4 13 3 -5 5 -7 -8 10 9 24 16 -13 -14 14 15 17 18 -19 29 -21 -22 -23 -24 -25 -26 -27 27 28 -30 -31
leaf_value=0.034185306273740473 0.050498019260451658 -0.041276372658239135 -0.052479193344858566 0.0042279936826957439 0.0076278698828796607 0.054971917105386126 0.024003180651624913 -0.084738070425252957 0.043043016353847635 0.034872708871598296 -0.075129682542900922 0.077209879136607332 -0.05539058834226776 0.1310413342592274 -0.019128692256318594 0.043878583178604255 -0.060157594015345872 0.011635048478091291 0.071264295448261405 0.1226214609859821 -0.0073761130235852623 0.0029072035179121278 0.043149775435613658 0.013790075672695391 -0.0051409661002003101 0.017082401370349561 -0.13827462230002405 0.094956829912016025 -0.078158416213387288 -0.054794081504003771
leaf_weight=2208.6317627280951 7360.9378814697266 816.60917302966118 837.0559196472168 7077.6923955827951 1786.070408821106 6334.0845489501953 1279.8949909210205 4184.851241543889 12693.192025892437 2253.9159946367145 1781.9429596439004 5222.7512741088867 2122.3734597563744 341.81377309560776 3075.2500623837113 12340.873989999294 526.49111871048808 4141.0405932739377 146.47843261063099 280.70825243741274 8818.3013706207275 1411.3228969573975 2080.5758597403765 1945.1291389465332 5494.7026319503784 5051.2522400617599 86.369343381375074 435.65051873028278 153.18800327926874 2030.3408165425062
leaf_count=10440 19177 7834 5468 34729 6720 16745 4913 40035 29060 5855 26062 13207 21458 711 18999 27559 3818 10160 333 778 56559 4590 6197 6646 16416 25924 580 1462 2043 14662
internal_value=0.0174745 0.00998484 0.0015622 -0.0253091 0.0422207 0.0238477 -0.0405818 -0.0472436 0.0192942 0.0291904 -0.0591214 0.0556672 -0.0265926 0.0257835 0.0278094 0.0264873 -0.0394195 0.0357775 -0.0220296 0.013627 0.000948402 0.0428414 0.011486 -0.00614788 0.0064982 0.00337931 -0.0118333 0.0258474 0.0499204 -0.0463116
internal_weight=104319 80082 52234.5 20765.8 24237.5 10242.5 13688.1 12408.2 31468.7 20441.8 9626.02 13995 3908.44 27847.4 27030.8 26689 5441.17 16481.9 3659.23 1482.41 11026.9 8772.26 10207.1 2782.19 7748.62 8126.5 1201.7 675.208 588.839 2176.82
internal_count=439140 357243 259859 141529 81897 44923 106800 101887 118330 51331 89773 36974 28178 97384 89550 88839 49738 37719 23676 8681 66999 23767 51120 12114 22271 44923 7903 4085 3505 14995
is_linear=0
shrinkage=0.1


Tree=24
num_leaves=31
num_cat=0
split_feature=6 5 11 12 12 12 6 11 3 9 8 6 11 5 9 9 2 6 4 2 11 8 2 1 12 12 10 2 8 8
split_gain=1687.89 1084.33 1082.21 710.675 1659.5 784.428 637.897 618.815 554.59 471.035 504.463 388.399 382.775 383.626 346.908 568.864 376.372 333.214 1003.03 318.763 310.604 309.466 299.895 262.784 241.342 320.57 240.161 227.133 387.717 381.088
threshold=9.5000000000000018 1.5000000000000002 0.12588028169014087 1.5000000000000002 -1.0000000180025095e-35 1.0000000180025095e-35 1.5000000000000002 0.013986697965569402 1.0000000180025095e-35 -2.6814999999999993 92.321000000000012 25.500000000000004 0.72438780609695164 2.5000000000000004 -1.3280000000000027 -1.0000000180025095e-35 12.500000000000002 12.500000000000002 12.500000000000002 16.500000000000004 0.56350832266325235 93.355000000000004 2.5000000000000004 1.0000000180025095e-35 1.5000000000000002 -1.0000000180025095e-35 -25.9725 19.500000000000004 97.366000000000014 93.731500000000011
decision_type=2 2 2 2 2 2 2 2 2 2 2 2 2 2 2 2 2 2 2 2 2 2 2 2 2 2 2 2 2 2
left_child=6 2 -2 4 8 9 -1 -8 -3 -6 19 20 13 23 -9 24 21 -4 -19 -11 -5 -17 -15 -12 25 -16 -21 29 -29 -20
right_child=1 3 17 11 5 -7 7 14 -10 10 12 -13 -14 22 15 16 -18 18 27 26 -22 -23 -24 -25 -26 -27 -28 28 -30 -31
leaf_value=-0.076949496210420631 0.098228898051165595 0.051976169650653603 -0.026113719747035993 0.048049360376847844 0.028316813220287632 0.031142730062982838 0.096819149011148631 0.0064297175364874531 0.012212502146651982 -0.070647275354070393 -0.031012418676019435 0.072752767779643304 -0.066350242141733393 -0.12656354968818939 7.2423190299478643e-05 -0.028858879676219813 -0.025807427908168562 0.089289937357613314 -0.023311940710802791 0.03257829441835728 0.013098229704577802 0.029253023506386394 0.079376106631661281 0.064780243948749455 0.0060793376097941481 -0.082869477313344875 -0.047747299735181915 0.042221148473424785 -0.023132804510087326 0.020271556249836117
leaf_weight=1145.3325514532626 1163.8162585273385 14754.969548784196 4162.6537057831883 10142.875214137137 1765.9465618133545 4744.474028877914 634.30670365318656 16519.406460016966 4601.3292408958077 2910.4681293666363 1449.8892015106976 4662.8100407868624 709.94290256500244 76.330177668482065 600.73303674161434 1204.2863821797073 3971.2826772779226 1314.7081906758249 6791.9693432413042 637.98097033798695 3393.2653742432594 3833.4124984741211 960.58848919719458 356.85965950787067 596.30546197295189 2077.5137279257178 893.5221189185977 2465.3604101836681 1436.79909324646 2847.2609887123108
leaf_count=18440 2552 33518 28813 22504 4288 15101 1441 69705 10866 23547 7303 10616 9460 482 2640 7567 24962 3437 45390 2453 8484 16101 2885 1040 2438 21707 8316 8960 8950 15174
internal_value=0.0159607 0.0242967 0.00462012 0.0319247 0.0233594 -0.00221278 -0.00373096 -0.000882206 0.0425237 -0.0184248 -0.0287484 0.0478619 -0.000665476 0.0157332 -0.00303381 -0.0157608 -0.00278656 -0.00110809 0.00589844 -0.051215 0.0392877 0.0153611 0.0642164 -0.0120919 -0.0514555 -0.0642655 -0.0142859 -0.00219789 0.0181574 -0.0104381
internal_weight=102826 72243.8 20182.6 52061.3 33862.3 14506 30582.6 29437.2 19356.3 9761.53 7995.58 18199 3553.61 2843.67 28802.9 12283.5 9008.98 19018.8 14856.1 4441.97 13536.1 5037.7 1036.92 1806.75 3274.55 2678.25 1531.5 13541.4 3902.16 9639.23
internal_count=439140 274139 113276 160863 119259 74875 165001 146561 44384 59774 55486 41604 21170 11710 145120 75415 48630 110724 81911 34316 30988 23668 3367 8343 26785 24347 10769 78474 17910 60564
is_linear=0
shrinkage=0.1


Tree=25
num_leaves=31
num_cat=0
split_feature=6 6 12 12 12 12 12 9 9 9 10 10 2 3 10 3 5 11 0 8 4 5 5 4 10 6 11 6 11 1
split_gain=1535.11 774.544 705.372 1292.33 1226.81 486.992 1039.31 468.447 585.468 446.662 517.038 678.561 369.95 328.098 305.568 290.923 441.041 270.282 243.768 240.715 226.852 259.753 221.319 234.894 215.992 205.36 398.062 210.536 367.301 192.684
threshold=21.500000000000004 2.5000000000000004 2.5000000000000004 -1.0000000180025095e-35 1.0000000180025095e-35 1.5000000000000002 -1.0000000180025095e-35 -1.9769999999999965 1.5880000000000012 1.9234999999999969 -24.138499999999997 -0.60700000000000631 5.5000000000000009 1.0000000180025095e-35 -21.812000000000126 1.0000000180025095e-35 1.5000000000000002 0.027973395931138855 142.50000000000003 78.698000000000022 2.5000000000000004 1.5000000000000002 1.5000000000000002 21.500000000000004 0.95300000000000307 5.5000000000000009 0.071946169772256721 8.5000000000000018 0.11189358372456962 1.0000000180025095e-35
decision_type=2 2 2 2 2 2 2 2 2 2 2 2 2 2 2 2 2 2 2 2 2 2 2 2 2 2 2 2 2 2
left_child=1 -1 3 12 9 6 22 -8 14 10 19 -12 -3 20 -9 16 17 -14 -19 -5 -4 25 23 -2 -16 -22 -27 -28 -29 -7
right_child=5 2 13 4 -6 29 7 8 -10 -11 11 -13 15 -15 24 -17 -18 18 -20 -21 21 -23 -24 -25 -26 26 27 28 -30 -31
leaf_value=-0.042658846047276711 0.13930486904195416 0.038038475753579909 0.12092803055513718 -0.060557742513802137 0.008861308387032486 0.065351868589541548 0.04021355614532196 -0.0053304272439684613 0.045437188385197946 0.022074864348134483 -0.072437693451469165 0.010735440443511145 0.11097478900278744 -0.0028116221463579888 -0.067514348269410093 -0.0080052638158524658 0.033179146326310575 -0.025968872632295484 0.012139471828250597 0.00059314773977928788 -0.024436316732934629 0.041726854845741186 0.055442126668747975 0.0090899423363324291 0.051126536227640608 0.11229079978611441 -0.02325328876298197 0.11809277533592884 0.017069451799406953 0.034223259412242343
leaf_weight=2967.813905486837 149.3106684088707 6855.1046165078878 277.69293290749192 823.33485424518585 12072.760456714779 5819.1276875734329 1891.9326524734497 1934.179612994194 1159.2302150726318 1183.2254323959351 5891.1275851130486 1176.8437762334943 212.11464397236705 3398.040288746357 2164.4390013068914 5701.8335061408579 8875.9238045811653 2862.683874450624 4058.0047425255179 2950.7742590904236 1061.0831715464592 8581.1220452785492 7492.3435909003019 1918.9903176128864 165.15974521636963 463.78728637844324 1107.877825640142 390.13031758368015 4644.2175325900316 3020.7506076693535
leaf_count=33379 397 20278 583 4887 51317 14182 5524 8123 3252 4410 65060 6385 490 10199 24215 18053 20864 18882 22897 14339 7174 19324 17925 7658 885 890 6545 696 20509 9818
internal_value=0.0145969 0.00741409 0.00946137 0.00339806 -0.0136573 0.0357008 0.0257408 -0.00263066 -0.0175778 -0.0362648 -0.0426316 -0.0585891 0.017786 0.0254881 -0.0347102 0.0113913 0.0182998 -0.0002158 -0.00362372 -0.0127471 0.0313071 0.0297754 0.0474481 0.0184902 -0.0591032 0.0163992 0.0229583 0.016213 0.0248981 0.0547146
internal_weight=101271 75555.5 72587.7 52663.7 24098.1 25715.5 16875.6 7314.94 5423.01 12025.3 10842.1 7067.97 28565.7 19924 4263.78 21710.6 16008.7 7132.8 6920.69 3774.11 16525.9 16248.2 9560.64 2068.3 2329.6 7667.1 6606.01 6142.23 5034.35 8839.88
internal_count=439140 347161 313782 247862 146398 91979 67979 41999 36475 95081 90671 71445 101464 65920 33223 81186 63133 42269 41779 19226 55721 55138 25980 8055 25100 35814 28640 27750 21205 24000
is_linear=0
shrinkage=0.1


Tree=26
num_leaves=31
num_cat=0
split_feature=6 5 11 4 6 10 9 9 9 10 11 3 0 12 12 2 8 9 2 5 5 10 1 2 1 9 11 10 9 9
split_gain=1340.68 777.775 899.194 701.539 548.004 478.442 476.284 803.745 483.953 503.554 464.538 455.864 389.842 351.645 991.994 345.324 343.748 484.114 439.675 327.517 324.716 321.341 290.774 281.478 267.752 266.269 257.05 250.762 238.041 358.403
threshold=24.500000000000004 1.5000000000000002 0.61985915492957755 44.500000000000007 8.5000000000000018 -17.975499999999993 2.0545000000000049 -1.1249999999999927 5.5595000000000008 6.9885000000000028 0.15604707792207792 1.0000000180025095e-35 116.50000000000001 1.0000000180025095e-35 -1.0000000180025095e-35 4.5000000000000009 93.631500000000017 -5.2899999999999983 17.500000000000004 4.5000000000000009 2.5000000000000004 1.0000000180025095e-35 1.5000000000000002 19.500000000000004 2.5000000000000004 1.9234999999999969 0.80735492577597856 -110.75649999999999 2.0545000000000049 -0.34049999999999864
decision_type=2 2 2 2 2 2 2 2 2 2 2 2 2 2 2 2 2 2 2 2 2 2 2 2 2 2 2 2 2 2
left_child=1 5 4 -4 -3 11 7 -7 9 10 -8 12 22 14 -2 -10 17 -6 25 20 -5 -9 -1 -20 -24 -19 -22 -14 29 -16
right_child=13 2 3 19 16 6 8 21 15 -11 -12 -13 27 -15 28 -17 -18 18 23 -21 26 -23 24 -25 -26 -27 -28 -29 -30 -31
leaf_value=0.041465446607755981 0.049563404645124168 0.0043501816888222465 -0.09039441557102379 -0.077108058874258145 0.032641085641013631 -0.0067769473900016995 0.051248418275006452 -0.078286947171274462 0.052425805837942853 0.0075573593536365493 0.27685060431491715 -0.053755820987189201 -0.065739622507403089 0.054652949088549063 0.018593134057896383 -0.035867260254898094 0.040483576039579111 -0.035888658287627245 0.080986115059038827 -0.080578323792839787 0.017472820974827996 -0.002128950043510333 -0.034999655803982004 0.0083999253767204733 0.021748308026644528 0.01974193100521764 -0.032332223197175644 0.025096975165398518 0.055556274639986282 -0.04900409622118837
leaf_weight=882.57583477720618 6617.8750703632832 13715.858461156487 1062.8640196919441 484.00649253278971 10352.532562255859 5801.5977325439453 175.36260245740414 3261.8202480264008 635.60121778398752 413.1884491443634 190.33592273294926 1186.6105282045901 313.73244746029377 7490.169428050518 1254.8922357559204 1461.6001066789031 13304.428599834442 3164.812345162034 799.70672899484634 515.89471653476357 5309.1245406940579 667.3906055688858 3437.0077438354492 1609.383399695158 1096.7580918222666 1181.6202812939882 1287.5832787565887 9702.8703828155994 427.85418319702148 2091.8337229788303
leaf_count=3582 17811 47227 11361 2728 24241 35582 940 48946 2383 1956 458 8128 1867 21423 4385 11098 33829 15914 2134 3569 15808 5014 26701 6243 2917 2883 9836 49654 1139 19383
internal_value=0.0133259 0.00791637 0.0151625 -0.0143003 0.020944 -0.00517126 -0.0198616 -0.0304287 0.0158905 0.0832011 0.168668 0.00597223 0.0105646 0.0381352 0.0262304 -0.00910818 0.0284278 0.0190523 -0.00177182 -0.00365371 0.00195095 -0.0653512 -0.011049 0.0324952 -0.0212718 -0.0207649 0.00775159 0.0222519 -0.0146787 -0.0236578
internal_weight=99896.9 82014.3 52787.8 8659.47 44128.3 29226.5 12606.9 9730.81 2876.09 778.887 365.699 16619.6 15432.9 17882.6 10392.5 2097.2 30412.5 17108.1 6755.52 7596.61 7080.71 3929.21 5416.34 2409.09 4533.77 4346.43 6596.71 10016.6 3774.58 3346.73
internal_count=439140 374999 175773 43302 132471 199226 106377 89542 16835 3354 1398 92849 84721 64141 42718 13481 85244 51415 27174 31941 28372 53960 33200 8377 29618 18797 25644 51521 24907 23768
is_linear=0
shrinkage=0.1


Tree=27
num_leaves=31
num_cat=0
split_feature=6 6 5 4 9 8 2 2 2 2 8 10 9 2 9 9 9 10 9 8 6 1 3 11 10 10 8 11 6 11
split_gain=1160.48 607.901 530.072 630.379 479.826 721.885 717.397 572.929 454.914 893.145 439.862 421.961 411.08 536.039 365.343 321.909 442.489 296.943 281.804 419.846 274.51 272.235 396.169 267.572 259.353 258.761 254.818 233.869 354.926 573.231
threshold=18.500000000000004 1.5000000000000002 1.5000000000000002 18.500000000000004 -2.6814999999999993 94.095500000000015 16.500000000000004 17.500000000000004 17.500000000000004 15.500000000000002 92.95750000000001 -26.826499999999893 -1.9769999999999965 9.5000000000000018 -1.0000000180025095e-35 1.0000000180025095e-35 1.5880000000000012 1.0000000180025095e-35 1.5880000000000012 98.07050000000001 27.500000000000004 1.0000000180025095e-35 1.0000000180025095e-35 0.63944444444444459 -95.899000000000001 -32.17199999999999 90.874500000000012 0.014389233954451302 5.5000000000000009 0.069605943152454761
decision_type=2 2 2 2 2 2 2 2 2 2 2 2 2 2 2 2 2 2 2 2 2 2 2 2 2 2 2 2 2 2
left_child=1 -1 3 -2 21 7 18 14 9 10 12 -9 -4 24 -6 -16 -17 -13 19 -7 23 -3 27 -10 -14 -21 -11 -23 -29 -30
right_child=2 4 8 -5 5 6 -8 11 20 26 -12 17 13 -15 15 16 -18 -19 -20 25 -22 22 -24 -25 -26 -27 -28 28 29 -31
leaf_value=-0.07216646254126223 0.10680596104550331 0.023988032816182531 0.038032220610533338 -0.0040231842385261424 -0.068091275190257955 0.042308780106113525 -0.01993377167264648 0.037287226837716562 0.051846527592463977 -0.070096218218172732 0.059050853936706532 -0.039979224806929461 0.077851904463061838 0.035924037055953796 0.045285967141984046 -0.086962771076359871 -0.013262326059825347 0.053195518999458437 0.035913221149197892 0.035066194607685439 0.073018033749390907 0.093766964923879037 -0.027095753724850086 4.7445116909926629e-05 -0.04703837298175665 -0.028723669472802544 0.0014699079255765346 -0.020774442367864052 0.10301195516660643 0.012405884654591972
leaf_weight=1019.6753379609436 553.91041159257293 14866.263442635536 6140.5076826959848 6984.226322684437 2765.9798994064331 2034.2523371577263 5845.3575944155455 2196.266265630722 3538.0267693400383 1104.798018541187 4549.3826096914709 1946.5481037646532 181.3201357126236 1901.9144233092666 611.28135468810797 1098.9135427474976 3149.0479500517249 414.95388185977936 6963.8776868730783 820.2786500453949 3799.8779448866844 344.15555223077536 3050.0337261557579 1388.634926199913 2004.3082618974149 2829.2360800504684 905.13508502021432 2957.6287003532052 741.39661955088377 12000.020499236882
leaf_count=18440 1606 38488 15864 38120 25375 8609 36882 7336 10202 3971 14662 15643 372 7238 3378 12463 15043 1283 23185 2421 11128 818 12801 6210 12673 17864 3715 20719 1482 51149
internal_value=0.012137 0.00444373 0.027419 0.00412066 0.00565232 -0.00341309 0.00903801 -0.0223131 0.0343025 0.0246752 0.0331819 0.00573633 0.0216755 -0.00289632 -0.0390788 -0.0225644 -0.032328 -0.0236069 0.0224279 0.00590537 0.0528228 0.0138412 0.00594074 0.0372464 -0.0366775 -0.014386 -0.0378678 0.0122214 0.0104338 0.0176781
internal_weight=98707.2 65655.2 33052 7538.14 64635.5 30676 18493 12183 25513.9 16787.4 14777.4 4557.77 10228.1 4087.54 7625.22 4859.24 4247.96 2361.5 12647.6 5683.77 8726.54 33959.5 19093.2 4926.66 2185.63 3649.51 2009.93 16043.2 15699 12741.4
internal_count=439140 313379 125761 39726 294939 169482 88961 80521 86035 58495 50809 24262 36147 20283 56259 30884 27506 16926 52079 28894 27540 125457 86969 16412 13045 20285 7686 74168 73350 52631
is_linear=0
shrinkage=0.1


Tree=28
num_leaves=31
num_cat=0
split_feature=6 5 11 4 6 12 2 2 2 9 9 5 5 8 10 2 8 9 8 11 5 11 4 5 9 2 2 8 1 10
split_gain=1046.9 731.512 695.998 814.905 544.297 386.733 354.294 576.713 556.469 469.05 449.363 317.214 322.902 292.763 277.791 276.908 261.429 383.391 387.628 256.511 733.82 555.89 434.229 414.778 246.845 268.016 245.428 438.134 228.521 234.456
threshold=28.500000000000004 1.5000000000000002 0.61985915492957755 44.500000000000007 13.500000000000002 9.5000000000000018 4.5000000000000009 9.5000000000000018 1.0000000180025095e-35 -1.8265000000000031 0.45700000000000074 4.5000000000000009 2.5000000000000004 94.635000000000005 -20.948 23.500000000000004 93.038500000000013 -1.9769999999999965 78.511500000000012 0.25987012987012992 2.5000000000000004 0.40288142620232176 18.500000000000004 3.5000000000000004 5.5595000000000008 24.500000000000004 7.5000000000000009 77.82350000000001 1.5000000000000002 -85.921500000000165
decision_type=2 2 2 2 2 2 2 2 2 2 2 2 2 2 2 2 2 2 2 2 2 2 2 2 2 2 2 2 2 2
left_child=1 5 4 -4 15 6 8 26 -1 13 14 12 -5 -9 -11 19 17 -6 -19 23 21 22 -21 -3 25 -12 27 28 29 -8
right_child=-2 2 3 11 16 -7 7 9 -10 10 24 -13 -14 -15 -16 -17 -18 18 -20 20 -22 -23 -24 -25 -26 -27 -28 -29 -30 -31
leaf_value=-0.07223810847179811 0.041156993584777146 0.026475367072832164 -0.088409329285231278 -0.044588326202694283 0.034143467295100885 0.053968793213219582 0.20374259604368841 0.018484519918219987 0.025035997342147755 0.0015786088329828461 0.040045597971277658 -0.074173939515676343 0.012442204194765924 -0.019160673565249711 -0.071311870529512267 -0.03645569175905166 0.044587794445192598 -0.073540095963071914 0.010354599803741218 -0.11645124680825543 0.024165188525038503 -0.083124742152108244 0.00030613239636163094 -0.13771656034697435 -0.023958418309135997 -0.043066538689615012 -0.070989420442368889 -0.040962269718504946 0.16864466879425463 -0.053286704760056827
leaf_weight=660.23033257387578 10330.145147264004 10048.653676819056 1148.6626448631287 1136.8275718055665 8351.7421650886536 1072.3209973573685 46.403613545000553 7922.190797150135 5382.5385284423828 680.38418437540531 1643.2901439666748 533.19997211545706 7835.4607206396759 2794.5763437747955 2258.1454114466906 1242.7232131958008 8740.2144117355347 660.53213739395142 3313.3619327545166 341.81142989546061 7464.0581568703055 1211.2825903296471 4676.5733188390732 156.24748513102531 3002.474515914917 507.9281005859375 2000.2718315124512 2164.1883025467396 157.69101439416409 150.88583374768496
leaf_count=7034 37796 29266 12781 5233 21639 4636 121 38841 26065 4704 7618 3824 30361 20097 37203 5086 23708 4526 13150 2255 23046 5192 13119 865 21157 3782 14182 20095 888 870
internal_value=0.0110535 0.00749158 0.0141894 -0.00885109 0.0195019 -0.00501829 -0.00717186 -0.0127617 0.0144079 -0.00505446 -0.0232274 0.000762888 0.00521619 0.00866791 -0.0544349 0.0095671 0.0313587 0.0219778 -0.0035902 0.0119603 0.00301672 -0.0223223 -0.00764643 0.0239614 -0.00543352 0.0204218 -0.0448375 -0.0240723 0.0788999 0.00716807
internal_weight=97635 87304.9 56861.4 10654.2 46207.2 30443.5 29371.2 23328.4 6042.77 18809 8092.22 9505.49 8972.29 10716.8 2938.53 25141.3 21065.9 12325.6 3973.89 23898.6 13693.7 6229.67 5018.38 10204.9 5153.69 2151.22 4519.44 2519.17 354.98 197.289
internal_count=439140 401344 194051 52199 141852 207293 202657 169558 33099 133402 74464 39418 35594 58938 41907 78829 63023 39315 17676 73743 43612 20566 15374 30131 32557 11400 36156 21974 1879 991
is_linear=0
shrinkage=0.1


Tree=29
num_leaves=31
num_cat=0
split_feature=6 6 11 5 11 4 6 11 8 2 2 2 9 8 6 11 8 10 5 10 2 8 2 2 5 11 4 1 9 4
split_gain=910.622 653.401 688.641 699.014 667.33 361.774 342.359 544.937 331.275 661.453 672.76 423.704 351.861 320.236 299.236 868.264 293.2 261.675 278.049 263.424 250.201 644.958 249.515 250.262 297.908 394.739 240.723 442.133 258.967 219.722
threshold=6.5000000000000009 30.500000000000004 0.083920187719298212 1.5000000000000002 0.72438780609695164 51.500000000000007 1.5000000000000002 0.014389233954451302 93.631500000000017 17.500000000000004 15.500000000000002 19.500000000000004 -5.9405000000000063 71.964500000000015 9.5000000000000018 0.12793235133660666 77.992500000000021 -24.138499999999997 3.5000000000000004 -17.733499999999996 21.500000000000004 99.940000000000012 4.5000000000000009 8.5000000000000018 2.5000000000000004 0.4388104407359863 32.500000000000007 1.5000000000000002 18.97300000000001 31.500000000000004
decision_type=2 2 2 2 2 2 2 2 2 2 2 2 2 2 2 2 2 2 2 2 2 2 2 2 2 2 2 2 2 2
left_child=6 2 -2 14 8 -6 -1 -8 9 10 12 -11 -5 -14 -4 -16 -13 18 -15 -19 22 -22 26 -24 25 -25 27 28 -10 -27
right_child=1 -3 3 4 5 -7 7 -9 20 11 -12 16 13 17 15 -17 -18 19 -20 -21 21 -23 23 24 -26 29 -28 -29 -30 -31
leaf_value=-0.069083654819216966 0.081953625996488103 0.042058887109967247 -0.031772572612169668 0.022429304580781489 -0.075550364267555736 -0.0053435857190973317 0.083378035130940747 -0.010969519938099768 -0.051864665591632886 0.071127944405190949 -0.050673212005492276 -0.044073501725904379 -0.095830655862417846 0.021438377054612587 0.090336785167668229 -0.0048664643562904564 0.030063567185230702 -0.068707807911939187 -0.074348300281291371 -0.00031338202866907386 0.042766937470996469 -0.056773948993100315 0.065171528792670338 0.036012569765764134 0.061230507460582541 -0.12296536379050921 0.042108352552082277 0.068413167884945753 0.043066848332464228 -0.010383656672172665
leaf_weight=949.1081647798419 1364.1348498985171 7803.3224974274635 3431.850648149848 9325.1420196294785 919.02774472907186 3645.0768200159073 636.85908972099423 15802.955363404006 1362.1263391375542 2563.7186774984002 2071.7117200270295 603.7878518179059 388.01061420887709 3621.8017639219761 1014.0897873453796 17307.991145271808 4579.2053357511759 967.92194658517838 330.71993947029114 1346.573236707598 1634.7948123216629 1081.5653854608536 3689.3380088806152 3618.5648595392704 2528.1650913059711 205.76481446623802 1846.9590787887573 590.3694474697113 364.18861544132233 1100.6165482103825
leaf_count=18440 3010 28539 28150 23092 14325 15875 1607 91254 5579 6658 7158 3237 3065 9841 2326 104555 13277 7673 1598 5783 4050 4341 8460 9070 6342 1253 4900 1226 881 3575
internal_value=0.0100385 0.0145826 0.011584 0.0102154 0.0169092 -0.0194804 -0.010686 -0.00731461 0.0206993 0.0134322 0.00294286 0.0378752 0.00989379 -0.00767119 -0.00467308 0.000402841 0.021427 -0.00221297 0.0134236 -0.0289159 0.031102 0.00313303 0.0360656 0.0438704 0.0333263 0.0190019 0.0151789 -0.00629034 -0.0318376 -0.0281161
internal_weight=96695.5 79306.5 71503.2 70139.1 48385.2 4564.1 17388.9 16439.8 43821 25798.6 18051.9 7746.71 15980.2 6655.03 21753.9 18322.1 5182.99 6267.02 3952.52 2314.5 18022.5 2716.36 15306.1 11142.4 7453.11 4924.95 4163.64 2316.68 1726.31 1306.38
internal_count=439140 327839 299300 296290 161259 30200 111301 92861 131059 81382 58210 23172 51052 27960 135031 106881 16514 24895 11439 13456 49677 8391 41286 28700 20240 13898 12586 7686 6460 4828
is_linear=0
shrinkage=0.1


Tree=30
num_leaves=31
num_cat=0
split_feature=6 12 12 12 9 9 10 10 9 2 2 3 3 5 10 8 6 3 8 0 2 2 12 2 8 2 4 8 5 11
split_gain=796.922 497.539 707.793 1000.45 328.013 834.795 316.84 423.544 491.026 313.983 266.775 261.657 243.956 308.99 223.449 212.447 197.463 194.45 176.023 174.767 165.911 152.54 148.037 147.802 144.273 136.98 137.537 130.259 130.127 124.172
threshold=22.500000000000004 3.5000000000000004 -1.0000000180025095e-35 1.0000000180025095e-35 -0.34049999999999864 0.29899999999999954 -23.917999999999996 -1.3444999999999823 2.0545000000000049 17.500000000000004 5.5000000000000009 1.0000000180025095e-35 1.0000000180025095e-35 1.5000000000000002 -22.13699999999999 93.731500000000011 4.5000000000000009 1.0000000180025095e-35 98.412500000000009 142.50000000000003 2.5000000000000004 7.5000000000000009 -1.4999999999999998 9.5000000000000018 71.145500000000013 15.500000000000002 30.500000000000004 94.959500000000006 2.5000000000000004 0.39455151964418084
decision_type=2 2 2 2 2 2 2 2 2 2 2 2 2 2 2 2 2 2 2 2 2 2 2 2 2 2 2 2 2 2
left_child=1 2 10 6 9 14 20 8 17 15 -1 24 13 19 -6 25 -5 -8 -11 -12 -4 -14 -16 -21 -3 26 28 -25 -2 -7
right_child=4 11 3 16 5 29 7 -9 -10 18 12 -13 21 -15 22 -17 -18 -19 -20 23 -22 -23 -24 27 -26 -27 -28 -29 -30 -31
leaf_value=0.027787788036127605 -0.0004517058336228133 -0.070257144846090192 -0.060356602893158876 -0.026074096183486564 0.00029376367304764241 0.0074105596832837158 -0.069854285339409891 -0.0020837542995130794 0.04506383855035765 0.065731679795346401 -0.02114765082024235 -0.0095110706906109954 -0.064524424326614691 0.024597994692596475 0.054471053937704454 0.069898250505307832 0.0083937310214381791 0.035832104827593816 -0.001363378169765866 -0.02790694409733524 -0.0042042985012569088 -0.0067806457916102306 -0.058161766099227713 0.031514791985287519 0.026798323011108696 -0.01053031652138684 0.033121551132255019 -0.0085730937610073773 -0.17811381899285464 0.043554004824929687
leaf_weight=7120.1599815934896 927.68050663918257 154.9705606661737 609.50082492828369 1867.4316812492907 1640.6521272659302 1210.8638209104538 5269.0360542628914 1738.2390305958688 426.43461656570435 3841.0670921206474 3099.2298775091767 2515.8247114233673 498.1610209196806 8870.8173913434148 125.22903124988079 931.80317229032516 15116.431121826172 180.03725992701948 435.32476311922073 850.00512966513634 3849.4016485214233 5602.3375291824341 1711.7689733058214 2470.4509887397289 13109.12215667963 1277.2005769312382 4540.0049521401525 1206.3569512665272 43.14398005604744 4421.0474911928177
leaf_count=23910 3800 741 4294 14389 6567 4588 67991 13438 1426 11554 22224 8491 2103 22628 344 2695 60331 641 1653 5746 19010 20059 20660 12439 48161 4266 12810 9221 196 12764
internal_value=0.00914673 0.00429039 5.74943e-05 -0.0110405 0.0263012 0.0119952 -0.0330491 -0.0454466 -0.0582753 0.0371648 0.0109086 0.0200563 0.00559023 0.0119087 -0.0265283 0.0251237 0.00460388 -0.0663624 0.0589016 -0.00285193 -0.0118799 -0.0114959 -0.0504835 0.00967402 0.0256644 0.0189774 0.0258162 0.018362 -0.00834711 0.0357831
internal_weight=95659.7 74553.9 58774 29056.5 21105.8 9109.56 12072.6 7613.75 5875.51 11996.2 29717.5 15779.9 22597.4 16496.9 3477.65 7719.83 16983.9 5449.07 4276.39 7626.04 4458.9 6100.5 1837 4526.81 13264.1 6788.03 5510.83 3676.81 970.824 5631.91
internal_count=439140 357243 299850 181520 81897 44923 106800 83496 70058 36974 118330 57393 94420 72258 27571 23767 74720 68632 13207 49630 23304 22162 21004 27406 48902 21072 16806 21660 3996 17352
is_linear=0
shrinkage=0.1


Tree=31
num_leaves=31
num_cat=0
split_feature=5 5 6 11 4 5 2 2 8 9 8 12 12 12 9 9 1 2 11 4 11 5 5 8 9 2 9 9 4 3
split_gain=706.196 582.502 515.499 386.303 960.873 528.375 368.899 581.051 320.378 404.575 311.965 292.097 314.89 409.831 293.306 369.019 271.164 312.803 269.583 240.843 720.692 392.552 303.438 233.024 229.874 355.45 217.161 207.302 204.441 201.318
threshold=1.5000000000000002 4.5000000000000009 19.500000000000004 0.46756905066764226 33.500000000000007 2.5000000000000004 17.500000000000004 15.500000000000002 79.237500000000011 -1.9769999999999965 93.502500000000012 3.5000000000000004 -1.0000000180025095e-35 1.0000000180025095e-35 1.063500000000005 -0.87500000000000699 1.5000000000000002 8.5000000000000018 0.61143790849673219 26.500000000000004 0.36677206093705089 2.5000000000000004 3.5000000000000004 82.080500000000015 -1.9769999999999965 9.5000000000000018 -1.8789999999999976 5.5595000000000008 44.500000000000007 1.0000000180025095e-35
decision_type=2 2 2 2 2 2 2 2 2 2 2 2 2 2 2 2 2 2 2 2 2 2 2 2 2 2 2 2 2 2
left_child=11 2 3 8 -5 -6 7 10 9 -2 24 12 -1 14 15 -14 19 -18 29 20 22 -21 -10 -19 -4 -26 -8 -16 -20 -7
right_child=1 -3 6 4 5 18 26 -9 16 -11 -12 -13 13 -15 27 -17 17 23 28 21 -22 -23 -24 -25 25 -27 -28 -29 -30 -31
leaf_value=0.001331808886628396 0.0048736297471812179 -0.072592562131360533 0.030043820019942175 -0.10773327690236574 -0.046186515520184379 0.038426453666465743 0.064709903769443883 -0.032895264327267498 0.01385619993966373 -0.079534345053416791 0.051646698428453541 0.012338219508252257 -0.012185784245310943 -0.0061759470576545246 0.07787158573966671 -0.079002186361606039 0.068830494332570741 0.061829043667737595 -0.062588647492100927 0.0080747020922085477 -0.10663020165518795 0.067141521714240052 -0.10030285172426252 0.0074733763483912823 -0.031802286730332384 0.030776399361208791 0.030000249128441344 -0.034150021283988932 0.00076680149347613203 -6.0005186617855838e-05
leaf_weight=12600.815670013428 2834.1176657676697 759.35812989622355 5207.0701605826616 848.29344790428877 1932.903138011694 3877.9971831552684 3424.7181329727173 1892.0857353210449 11452.045236434788 710.13031820207834 3549.2443471960723 8299.0358948782086 1244.1335649490356 6656.0850435495377 295.85425043106079 2462.8180682789534 2160.459939558059 1069.7734579741955 572.33509954437613 2650.584690362215 539.98421635851264 1955.0520479679108 237.66796594485641 3001.8082586526871 1951.1283101402223 1697.2086267471313 3805.4381284713745 374.0610671043396 4626.8828628771007 2092.5256196968257
leaf_count=73895 7557 5175 14642 7433 7578 10583 10574 7240 35024 5867 12800 39131 10021 44323 1326 45101 5256 2529 6637 7262 3835 4945 1351 8848 11948 6814 14264 2491 18561 6129
internal_value=0.00830805 0.0144608 0.0155255 0.00888756 -0.00459074 0.00208693 0.0280332 0.0187239 0.0159534 -0.0120385 0.0265973 -0.00380157 -0.00946908 -0.0218049 -0.0455724 -0.0565771 0.0202543 0.0380746 0.0104406 0.0136577 0.00631777 0.033148 0.0115352 0.0217549 0.0165576 -0.00269064 0.0464412 0.015322 -0.00620743 0.0249379
internal_weight=94781.6 62848.8 62089.5 40562.6 13950.9 13102.6 21526.9 14296.7 26611.6 3544.25 12404.7 31932.8 23633.8 11033 4376.87 3706.95 23067.4 6232.04 11169.7 16835.3 12229.7 4605.64 11689.7 4071.58 8855.41 3648.34 7230.16 669.915 5199.22 5970.52
internal_count=439140 222852 217677 139395 56921 49488 78282 53444 82474 13424 46204 216288 177157 103262 58939 55122 69050 16633 41910 52417 40210 12207 36375 11377 33404 18762 24838 3817 25198 16712
is_linear=0
shrinkage=0.1


Tree=32
num_leaves=31
num_cat=0
split_feature=6 11 5 11 6 11 4 5 6 11 2 3 11 4 6 11 6 4 2 4 11 8 6 11 5 4 11 1 11 6
split_gain=683.269 569.055 621.41 392.676 397.66 365.781 937.812 363.241 324.856 408.418 319.183 280.137 266.596 397.727 255.125 1256.29 277.612 291.057 244.966 228.31 361.075 225.429 214.808 231.343 522.57 314.768 329.587 210.847 189.563 286.234
threshold=8.5000000000000018 0.11189358372456962 1.5000000000000002 0.91228073549259314 33.500000000000007 0.51408730158730165 36.500000000000007 3.5000000000000004 1.5000000000000002 0.014389233954451302 2.5000000000000004 1.0000000180025095e-35 0.72438780609695164 52.500000000000007 11.500000000000002 0.15277777777777893 12.500000000000002 12.500000000000002 6.5000000000000009 8.5000000000000018 0.18441295546558703 91.165500000000023 16.500000000000004 0.25987012987012992 2.5000000000000004 18.500000000000004 0.40288142620232176 2.5000000000000004 0.097391598915989155 7.5000000000000009
decision_type=2 2 2 2 2 2 2 2 2 2 2 2 2 2 2 2 2 2 2 2 2 2 2 2 2 2 2 2 2 2
left_child=8 -2 14 4 5 7 -7 22 -1 -10 -9 12 21 -14 -3 -16 -17 -18 -11 28 -21 -8 23 -4 25 -25 -27 -24 29 -20
right_child=1 2 3 -5 -6 6 11 10 9 18 -12 -13 13 -15 15 16 17 -19 19 20 -22 -23 27 24 -26 26 -28 -29 -30 -31
leaf_value=-0.065986687765160534 0.08147215408944794 -0.027512805508426594 0.037611972076412453 -0.0424254582189907 0.050450559414787058 -0.099043298000591626 0.013351543999746555 -0.13643962171784565 0.074633876608671545 0.0083562846318285169 0.014470300812166699 -0.011501154307448391 -0.068307093793889467 0.012744391935782744 0.1060357540918575 -0.050657108608804874 0.064532759884014579 -0.0045630382755982588 -0.02459275424737464 0.042572683202758206 -0.011645393506453857 0.044130947823616144 0.039245659192140479 -0.1183586171339942 0.049688202264550681 0.012747701704024157 -0.036916701080081472 -0.063904896299641051 -0.063195850411926088 0.059329440825103587
leaf_weight=885.94298213906586 1183.3710338324308 3578.5001464523375 4201.2957485206425 1061.1991345062852 3721.0400130562484 817.21411589533091 5725.3886692672968 259.58333122730255 637.67833310365677 7590.9699244052172 304.6269149184227 4328.6476429477334 795.25483406335115 2536.3849370479584 1083.0197605732828 1246.354426106438 638.90043445490301 13312.838640699163 6322.1468393653631 1500.768408421427 6765.9313440397382 4071.7913925647736 10008.687801804394 233.41773209907115 2412.5068102404475 5091.6037575993687 1811.6734927035868 202.16615617275238 1145.2180559523404 434.33366453647614
leaf_count=18440 2782 27290 11177 9329 13124 7465 19466 1649 1643 35761 1284 11602 12130 9555 2526 9392 2146 78471 49878 4172 25478 11414 30919 1391 6160 13771 6883 1219 11534 1089
internal_value=0.00754994 0.0127274 0.0115211 0.0177225 0.0190945 0.0163684 0.00565886 0.0243484 -0.00650315 -0.0043431 -0.0549607 0.0105602 0.0178339 -0.00660241 -0.0033369 0.00197684 -0.00543843 -0.00139889 -0.00646276 -0.0134202 -0.00180244 0.0261437 0.0262159 0.0180568 0.00945329 -0.00414783 -0.000286062 0.0372034 -0.0255747 -0.0191979
internal_weight=93908.5 68625.5 67442.1 47582.5 46521.3 42800.2 18274.7 24525.6 25283 24397 564.21 17457.5 13128.8 3331.64 19859.6 16281.1 15198.1 13951.7 23759.4 16168.4 8266.7 9797.18 23961.4 13750.5 9549.2 7136.69 6903.28 10210.9 7901.7 6756.48
internal_count=439140 291145 288363 168538 159209 146085 71632 74453 147995 129555 2933 64167 52565 21685 119825 92535 90009 80617 127912 92151 29650 30880 71520 39382 28205 22045 20654 32138 62501 50967
is_linear=0
shrinkage=0.1


Tree=33
num_leaves=31
num_cat=0
split_feature=6 11 5 11 6 2 2 8 2 8 9 2 11 6 4 6 11 10 10 4 11 4 1 1 8 4 7 11 5 11
split_gain=574.584 688.847 570.634 327.528 311.763 309.531 826.955 401.919 365.347 525.956 506.336 320.93 306.177 250.451 512.899 244.007 680.472 241.376 341.49 204.553 440.753 306.812 199.503 275.934 188.846 185.207 182.809 182.117 181.451 423.109
threshold=11.500000000000002 0.15277777777777893 1.5000000000000002 0.91228073549259314 1.5000000000000002 17.500000000000004 15.500000000000002 92.95750000000001 19.500000000000004 100.08050000000001 0.84649999999999903 4.5000000000000009 0.014389233954451302 13.500000000000002 13.500000000000002 4.5000000000000009 0.05594679186228476 -23.917999999999996 -16.912500000000247 11.500000000000002 0.23746867167919791 16.500000000000004 1.0000000180025095e-35 1.5000000000000002 77.992500000000021 8.5000000000000018 15.500000000000002 0.18105242566510174 2.5000000000000004 0.30839160839160845
decision_type=2 2 2 2 2 2 2 2 2 2 2 2 2 2 2 2 2 2 2 2 2 2 2 2 2 2 2 2 2 2
left_child=4 25 13 5 -1 6 7 17 10 24 26 -9 -6 -3 27 -14 -17 22 -19 -18 -21 -22 -4 -24 -10 -2 -7 -15 29 -23
right_child=1 2 3 -5 12 8 -8 11 9 -11 -12 -13 15 14 -16 16 19 18 -20 20 21 28 23 -25 -26 -27 -28 -29 -30 -31
leaf_value=-0.063142589698622673 -0.0094286232741554957 -0.034507266035423916 0.024713622296678575 -0.037891458044724012 0.067570103007151633 0.076862392291603299 -0.037827932881745657 0.010947477527280194 -0.025541561186864722 -0.053930580362769258 -0.022805750329853613 0.051865176978836885 -0.018303920066291515 0.093188186577701823 -0.0048246398658674701 0.074901722742763938 -0.011325014653490109 -0.049657462702009804 0.0092334807709602042 0.039878925446952027 -0.1202484810962819 0.01357849117871255 -0.11943931058128628 0.0022035929339919102 0.033233197199973155 0.10045804832228629 0.0083491103704026789 -0.032736573740797505 0.010163530185843836 -0.046222278135341605
leaf_weight=835.90054639894515 177.78683634102345 2406.2841464467347 8226.91845247522 1023.8339061886072 632.93552992865443 3425.1528082191944 2834.0848807692528 3008.5318186916411 596.35128034651279 871.77345445007086 710.01167584955692 5282.5693895816803 7742.6791479773819 752.52459636330605 11843.88096690923 1216.533314999193 11914.246672157198 1455.5039386749268 3043.7348995059729 3089.177138119936 217.49146574735641 2444.7429863940924 210.37995877489448 1641.4853253364563 6562.0265179499984 1117.2361465841532 439.40914608538151 135.53419855237007 6756.3596329241991 2292.7276054043323
leaf_count=18440 583 17807 23283 9050 1650 10192 10283 11580 3219 4169 2277 16425 52383 1696 69610 2896 79481 11994 11898 6963 1455 5968 1113 5377 22018 2564 1675 896 23544 8651
internal_value=0.00687325 0.0132914 0.0115776 0.0179275 -0.00276269 0.0194194 0.0131246 0.0194389 0.0322555 0.0194056 0.0548121 0.0370177 -0.00137255 -0.00492048 0.000671305 -0.00259575 0.00175863 0.00944121 -0.00981774 -0.00157215 0.0062788 -0.00258414 0.0180385 -0.0116156 0.0283368 0.0853723 0.0690723 0.0739697 -0.000357645 -0.0153625
internal_weight=92907.8 55765 54470 39331.8 37142.8 38307.9 25703.2 22869.1 12604.7 8030.15 4574.57 8291.1 36306.9 15138.2 12731.9 35674 27931.3 14578 4499.24 26714.7 14800.5 11711.3 10078.8 1851.87 7158.38 1295.02 3864.56 888.059 11493.8 4737.47
internal_count=439140 237709 234562 144553 201431 135503 91953 81670 43550 29406 14144 28005 182991 90009 72202 181341 128958 53665 23892 126062 46581 39618 29773 6490 25237 3147 11867 2592 38163 14619
is_linear=0
shrinkage=0.1


Tree=34
num_leaves=31
num_cat=0
split_feature=6 12 12 12 10 8 3 3 5 12 12 8 1 1 10 9 5 8 1 9 9 9 9 2 2 0 10 0 2 5
split_gain=538.464 369.309 744.369 687.924 289.219 425.909 261.397 227.829 229.334 205.045 414.651 185.31 183.883 197.475 178.535 227.02 170.78 330.94 224.871 162.901 326.508 152.152 147.09 141.606 213.965 140.253 137.417 144.678 135.716 135.594
threshold=26.500000000000004 2.5000000000000004 -1.0000000180025095e-35 1.0000000180025095e-35 -27.236499999999932 91.165500000000023 1.0000000180025095e-35 1.0000000180025095e-35 1.5000000000000002 1.5000000000000002 -1.4999999999999998 71.145500000000013 1.0000000180025095e-35 1.5000000000000002 0.95300000000000307 2.0545000000000049 1.5000000000000002 97.366000000000014 1.5000000000000002 1.9234999999999969 -0.25550000000000489 -6.5255000000000001 1.2485000000000002 20.500000000000004 15.500000000000002 88.500000000000014 6.9885000000000028 442.50000000000006 23.500000000000004 1.5000000000000002
decision_type=2 2 2 2 2 2 2 2 2 2 2 2 2 2 2 2 2 2 2 2 2 2 2 2 2 2 2 2 2 2
left_child=1 2 7 4 -4 14 11 8 25 10 -2 -3 23 -14 15 21 22 18 -18 20 -12 -6 -7 24 -9 -1 27 -27 -22 -13
right_child=9 6 3 -5 5 16 -8 12 -10 -11 19 29 13 -15 -16 -17 17 -19 -20 -21 28 -23 -24 -25 -26 26 -28 -29 -30 -31
leaf_value=-0.015614973954697565 0.04448006943168048 -0.070532292950740372 -0.0094327185734942795 0.0024335106366061149 -0.025590350796076335 -0.060310898989854679 -0.009805164349832439 0.010149858079835485 0.023662123241102003 0.044932740489603488 0.017118457733038363 0.01158236466029775 -0.12536504693243586 -0.017130932507922077 0.001615966913836563 0.058483937578200633 0.000201906541603006 -0.032964094771444456 0.090629591287600855 0.039450978597954246 -0.044961383765437693 -0.089682709198632415 0.023241945331937366 0.048264516581237087 -0.045591059345720025 0.032925943612719055 -0.016449458641550535 0.0018542425514265 0.068128202459493845 0.028998421131355208
leaf_weight=2784.7461833525449 3324.2434612810612 226.72518889419734 4455.5945148468018 13399.106635656208 432.25221520662308 1412.4523873329163 3717.3158577326685 4062.9610083829612 12638.799866870046 3840.7237351536751 2252.5909458398819 8784.3664787858725 178.24215683341026 3106.8120502829552 335.73118996620178 122.26468268036842 740.21500856429338 2009.1988945007324 437.55460272729397 833.07974529266357 1868.4575506746769 2588.2843488287181 247.63948244601488 717.82305717468262 829.18257965147495 3005.9150153249502 1495.3667487055063 2988.3433417677879 112.50691163539886 9102.7028035074472
leaf_count=18640 9939 1074 22412 63042 2006 28693 12449 11734 33820 12205 8204 43141 959 13699 1886 358 5148 15772 1821 2513 16323 38422 1480 1884 2835 18348 9042 16691 522 24078
internal_value=0.00625762 0.00326363 -0.00090994 -0.0133983 -0.0299955 -0.0410001 0.0143496 0.00936883 0.0146419 0.0257955 0.0170358 0.0193066 -0.00421442 -0.0230036 -0.0676989 -0.0751035 -0.0218395 -0.00829207 0.0337968 -0.000970437 -0.00892457 -0.0805108 -0.0478471 0.00678802 0.00070218 0.00354591 0.0106702 0.0174356 -0.0385386 0.0204454
internal_weight=92051.2 79819.6 57988.5 26180.3 12781.2 8325.59 21831.1 31808.2 22913.2 12231.6 8390.88 18113.8 8895.02 3285.05 3478.53 3142.8 4847.06 3186.97 1177.77 5066.64 4233.56 3020.54 1660.09 5609.97 4892.14 10274.4 7489.63 5994.26 1980.96 17887.1
internal_count=439140 389434 308692 181040 117998 95586 80742 127652 96541 49706 37501 68293 31111 14658 42672 40786 52914 22741 6969 27562 25049 40428 30173 16453 14569 62721 44081 35039 16845 67219
is_linear=0
shrinkage=0.1


Tree=35
num_leaves=31
num_cat=0
split_feature=6 11 6 5 11 4 6 11 8 2 2 2 5 9 8 6 11 8 2 8 0 9 8 8 11 9 2 4 9 10
split_gain=465.043 524.685 386.051 297.994 409.674 447.686 212.39 320.37 204.342 366.723 311.174 284.728 201.965 198.612 245.499 195.138 609.465 185.029 200.205 307.869 208.665 189.635 244.675 182.15 172.298 170.659 167.212 166.22 224.848 173.518
threshold=6.5000000000000009 0.083920187719298212 30.500000000000004 1.5000000000000002 0.66885964912280704 48.500000000000007 1.5000000000000002 0.014389233954451302 93.631500000000017 17.500000000000004 23.500000000000004 15.500000000000002 2.5000000000000004 -5.9405000000000063 71.964500000000015 9.5000000000000018 0.12588028169014087 101.94250000000001 19.500000000000004 99.756500000000017 140.50000000000003 -0.6385000000000004 79.58150000000002 82.438500000000019 0.91228073549259314 2.0545000000000049 6.5000000000000009 32.500000000000007 1.9234999999999969 -73.619500000000002
decision_type=2 2 2 2 2 2 2 2 2 2 2 2 2 2 2 2 2 2 2 2 2 2 2 2 2 2 2 2 2 2
left_child=6 -2 3 15 8 25 -1 -8 9 11 23 13 -7 -5 -15 -3 -17 18 20 -20 -18 22 -22 -11 -14 -6 -9 28 29 -16
right_child=1 2 -4 4 5 12 7 26 -10 10 -12 -13 24 14 27 16 17 -19 19 -21 21 -23 -24 -25 -26 -27 -28 -29 -30 -31
leaf_value=-0.06008138669132871 0.071941248403380287 -0.026686726769627075 0.030260554498838212 0.014698373271112284 -0.086023458833787425 -0.058317818990181951 0.064021657921894293 0.0052915511203770003 0.023017900996986768 0.052021451064944824 -0.03120976702708966 -0.037066585638156173 0.010020404284330667 -0.09296786751033527 0.026176645402694224 0.077377164887766567 -0.032560882684533957 0.027750255183514396 0.019203862117186891 -0.059702399177025037 -0.027955512001925975 -0.027248624056574602 0.024491262633200197 0.015853518092316044 -0.0530931323200107 0.050300617171246481 -0.016910083141422266 0.012218871074627892 0.023329443455715398 -0.056182427553018638
leaf_weight=786.33260134514421 1303.9206637665629 3263.8303079158068 7009.4366117715836 8280.2582436203957 936.26124074682593 566.03919954970479 613.41672597452998 5034.3532073535025 15705.393853068352 3214.5588536635041 774.79115699976683 1837.7508067861199 4919.6116006672382 332.16384591162205 308.75521875917912 960.84037080593407 4255.5822086539119 1611.0124493986368 4046.0943851023912 563.31674861907959 1278.2869505882263 2285.7157253995538 2924.7064135074615 2456.576886087656 474.24740440770984 101.81620770692825 10400.648523703218 2845.0619571134448 742.79594540596008 1491.8470735214651
leaf_count=18440 3010 28150 28539 21757 14121 2876 1607 25526 46441 9779 3709 6202 18374 2879 746 2282 31717 7784 17281 4977 6768 22280 13792 7586 4686 244 65728 9843 1827 10189
internal_value=0.00567229 0.00906466 0.00794442 0.00558072 0.010186 -0.0120481 -0.00933832 -0.00685204 0.0142817 0.00812473 0.0282334 -5.89911e-05 -0.00149213 0.00479861 -0.00953069 -0.00419701 -0.000102153 -0.00449039 -0.0078733 0.00956072 -0.0153527 -0.00406676 0.00854024 0.0363545 0.00447124 -0.0726526 -0.00966869 -0.00438733 -0.0229631 -0.04206
internal_weight=91325.4 74490.7 73186.8 66177.3 44987.9 6997.98 16834.8 16048.4 37990 22284.6 6445.93 15838.6 5959.9 14000.9 5720.62 21189.4 17925.6 16964.7 15353.7 4609.41 10744.3 6488.71 4202.99 5671.14 5393.86 1038.08 15435 5388.46 2543.4 1800.6
internal_count=439140 327839 324829 296290 161259 40301 111301 92861 120958 74517 21074 53443 25936 47241 25484 135031 106881 104599 96815 22258 74557 42840 20560 17365 23060 14365 91254 22605 12762 10935
is_linear=0
shrinkage=0.1


Tree=36
num_leaves=31
num_cat=0
split_feature=6 4 5 11 4 6 11 4 8 9 8 6 11 5 6 11 5 5 6 11 11 6 11 5 11 5 4 11 2 2
split_gain=420.853 483.939 390.672 284.304 577.982 255.378 452.088 289.53 208.84 318.95 210.641 207.283 188.605 184.791 164.019 816.915 234.63 166.76 281.774 328.106 196.13 847.654 194.704 379.512 309.6 301.44 277.472 212.584 156.827 237.574
threshold=14.500000000000002 14.500000000000002 1.5000000000000002 0.67974358974358984 48.500000000000007 2.5000000000000004 0.027973395931138855 1.5000000000000002 91.940000000000012 -0.28150000000000114 78.946500000000015 38.500000000000007 0.014389233954451302 4.5000000000000009 5.5000000000000009 0.069605943152454761 1.5000000000000002 1.5000000000000002 6.5000000000000009 0.085960591133004915 0.15277777777777893 11.500000000000002 0.25987012987012992 2.5000000000000004 0.40288142620232176 2.5000000000000004 18.500000000000004 0.51408730158730165 4.5000000000000009 8.5000000000000018
decision_type=2 2 2 2 2 2 2 2 2 2 2 2 2 2 2 2 2 2 2 2 2 2 2 2 2 2 2 2 2 2
left_child=5 -2 -3 8 -5 -1 7 12 9 -4 -11 -6 -7 14 16 -16 -8 18 -17 -20 21 -21 25 24 26 -19 -24 -25 -10 -30
right_child=1 2 3 4 11 6 13 -9 28 10 -12 -13 -14 -15 15 17 -18 22 19 20 -22 -23 23 27 -26 -27 -28 -29 29 -31
leaf_value=-0.032085643117438868 0.074329142712123153 -0.0060210526471930429 0.022629176190734492 -0.081083121216124598 0.0014450187608505971 0.050943850276198722 -0.032271435544305366 0.14657461084670217 0.0066222385822150356 -0.062751624247188845 -0.00018031346683613559 0.047911290469524165 -0.12728824696329846 -0.066371429801321602 0.082682459331526806 -0.056298433872313175 0.00057159060870815655 0.026295409962719715 0.072111182925861536 -0.012407700317646845 -0.025715995589809162 0.087694064937536453 -0.10542483096835416 0.031916660371814308 -0.056468602146071939 -0.050898048971144784 -0.00096859185571960237 -0.00012415711809779853 0.072604942065479974 0.030207091323647108
leaf_weight=2537.4730647252873 1227.6428120732307 10497.799327220768 9938.2075417488813 791.73131651617587 5863.0860551632941 399.93854500353336 3543.9385601021349 331.22154238820076 1781.058390237391 690.09943708218634 2441.2488527297974 1148.0146354995668 69.722589612007141 425.96891262754798 1238.1783101391047 1153.1093000937253 5631.9774169921875 5967.7399999499321 533.90273075923324 5817.5177853703499 4016.589942920953 989.86868712306023 268.47697258647531 3525.0262176627293 1638.4077144498006 552.72327518463135 4816.5085218250751 5019.182918346487 1695.3449597358704 5995.56947825104
leaf_count=33379 3610 61632 30362 11138 25174 1036 34076 822 6515 5196 11631 4264 485 3050 3035 11216 20456 15257 1365 40098 33829 2391 1862 9473 7563 2742 13348 20170 4822 19143
internal_value=0.00514816 0.0124665 0.010607 0.0163596 -9.23914e-05 -0.00120285 0.00050295 0.0749775 0.0220545 0.0138603 -0.01397 0.00905352 0.0244848 -0.000818418 -0.000193914 0.00288369 -0.0121131 2.99306e-06 -0.00919871 -0.0044169 -0.00819172 0.00214819 0.00528673 -0.000891041 -0.0186644 0.0197519 -0.00648367 0.0130947 0.0333609 0.0395531
internal_weight=90547.3 42069.8 40842.2 30344.4 7802.83 48477.5 45940 800.883 22541.5 13069.6 3131.35 7011.1 469.661 45139.1 44713.1 35537.2 9175.92 34299.1 12511 11357.9 10824 6807.39 21788.1 15267.6 6723.39 6520.46 5084.99 8544.21 9471.97 7690.91
internal_count=439140 183487 179877 118245 40576 255653 222274 2343 77669 47189 16827 29438 1521 219931 216881 162349 54532 159314 88899 77683 76318 42489 70415 52416 22773 17999 15210 29643 30480 23965
is_linear=0
shrinkage=0.1


Tree=37
num_leaves=31
num_cat=0
split_feature=6 5 12 12 12 4 11 4 11 11 8 4 8 12 12 2 9 9 10 8 3 3 2 5 2 2 3 11 9 9
split_gain=390.792 277.875 257.654 350.299 626.043 235.105 282.457 359.5 256.536 238.641 257.506 214.966 205.839 201.205 531.285 186.256 182.53 166.994 155.74 144.433 141.946 141.656 177.302 172.893 186.591 182.472 140.481 136.58 133.486 137.668
threshold=24.500000000000004 4.5000000000000009 4.5000000000000009 -1.0000000180025095e-35 1.0000000180025095e-35 25.500000000000004 0.48025974025974033 34.500000000000007 0.73105625717566025 0.35076327181590344 93.355000000000004 18.500000000000004 91.71250000000002 1.0000000180025095e-35 -1.0000000180025095e-35 5.5000000000000009 -3.7124999999999981 1.063500000000005 -1.3444999999999823 95.840000000000018 1.0000000180025095e-35 1.0000000180025095e-35 24.500000000000004 2.5000000000000004 11.500000000000002 12.500000000000002 1.0000000180025095e-35 0.51408730158730165 2.0545000000000049 -1.9769999999999965
decision_type=2 2 2 2 2 2 2 2 2 2 2 2 2 2 2 2 2 2 2 2 2 2 2 2 2 2 2 2 2 2
left_child=1 2 3 15 5 9 12 -8 -9 10 16 18 -7 14 -2 -1 -5 -18 -12 -20 -15 22 23 24 -17 -26 -4 -27 29 -16
right_child=13 -3 26 4 -6 6 7 8 -10 -11 11 -13 -14 20 28 21 17 -19 19 -21 -22 -23 -24 -25 25 27 -28 -29 -30 -31
leaf_value=0.021707663084672535 0.02876539641735586 -0.064138452152881748 0.02027747163344662 -0.016983050024235068 0.0027320775811974073 -0.010037076317710183 -0.10295042885909547 0.0088535056789156973 -0.054160331699490631 -0.093738457352826474 -0.039256452372002648 0.052486063269070495 0.071416984925418009 0.03826869681613148 0.014676323029423838 -0.015602073614730597 -0.079908536152118015 0.013624139615942048 0.084122023567801588 -0.012282637304595001 -0.012555361707508431 -0.0098550662058933466 -0.046460821299082682 0.030333056975545364 0.047673485250869369 0.0087178485978089502 -0.010258719386580052 -0.066874800817132554 0.035265639532056678 -0.039133331392875809
leaf_weight=7057.9872337579727 5554.8025662899017 635.35012756660581 10148.827486706898 960.84434787929058 20933.793650507927 607.64420076832175 494.80736014246941 2056.01486559771 942.10703212954104 701.82519179210067 1725.9470284841955 450.28878974914551 633.88422501087189 5558.6205474510789 592.24009156227112 3360.8691355157644 1796.6052319407463 213.57771097868681 216.35269914194942 551.68604242801666 609.80574401468039 6146.9278346579522 578.46081924438477 3286.9200346022844 1235.6724128723145 7824.5949905030429 1769.1908425893635 246.54788898304105 368.28857612609863 2411.1806980371475
leaf_count=24637 17811 4765 39165 5552 92558 3843 6123 10583 14505 8098 21451 1801 1894 19461 2103 18464 27017 1149 1014 6406 1962 22661 3822 8638 5329 38550 6111 863 1139 21665
internal_value=0.00468229 0.00171227 0.0022781 -0.000309515 -0.00752216 -0.0264323 -0.00941848 -0.0239806 -0.0109475 -0.0386054 -0.0320642 -0.0111052 0.0315507 0.0193557 0.00975839 0.00752098 -0.0528344 -0.0699709 -0.0225866 0.0148741 0.0332443 0.0031061 0.00792501 0.00989686 0.00459422 0.0118875 0.0157445 0.00640873 -0.0215551 -0.0285227
internal_weight=89671.7 74576.7 73941.4 62023.4 32285.4 11351.6 4734.46 3492.93 2998.12 6617.13 5915.3 2944.27 1241.53 15094.9 8926.51 29738 2971.03 2010.18 2493.99 768.039 6168.43 22680 16533.1 15954.6 12667.7 9306.82 11918 8071.14 3371.71 3003.42
internal_count=439140 374999 370234 324958 201994 109436 36948 31211 25088 72488 64390 30672 5737 64141 42718 122964 33718 28166 28871 7420 21423 98327 75666 71844 63206 44742 45276 39413 24907 23768
is_linear=0
shrinkage=0.1


Tree=38
num_leaves=31
num_cat=0
split_feature=6 11 5 6 11 4 5 11 6 11 4 2 8 8 9 9 9 9 9 9 2 8 8 4 1 1 1 8 6 5
split_gain=334.469 554.192 304.261 224.201 203.472 396.37 185.343 180.736 184.522 355.548 210.782 166.114 200.298 196.686 340.734 483.463 817.497 506.329 238.987 274.04 209.84 321.567 269.08 202.594 161.004 177.824 151.584 151.611 150.982 147.267
threshold=17.500000000000004 0.22378240377062056 1.5000000000000002 1.5000000000000002 0.67974358974358984 48.500000000000007 4.5000000000000009 0.013986697965569402 3.5000000000000004 0.043167701863354009 1.5000000000000002 24.500000000000004 99.940000000000012 101.94250000000001 -0.34049999999999864 -1.0000000180025095e-35 1.0000000180025095e-35 0.45700000000000074 5.9415000000000058 10.279499999999993 17.500000000000004 95.970500000000015 87.946500000000015 27.500000000000004 1.0000000180025095e-35 2.5000000000000004 2.5000000000000004 79.237500000000011 38.500000000000007 2.5000000000000004
decision_type=2 2 2 2 2 2 2 2 2 2 2 2 2 2 2 2 2 2 2 2 2 2 2 2 2 2 2 2 2 2
left_child=3 -2 -3 -1 26 -6 7 -5 -9 10 -10 13 -13 14 20 23 -17 -18 -19 -20 21 -11 -22 -16 -24 -26 -4 -28 -7 -14
right_child=1 2 4 6 5 28 -8 8 9 11 -12 12 29 -15 15 16 17 18 19 -21 22 -23 24 -25 25 -27 27 -29 -30 -31
leaf_value=-0.055631502067408758 0.11339768452442299 -0.0062368587229931867 0.024058090032356212 0.057569209160715486 -0.07364923854846793 0.0023971080037923876 -0.060803596907889404 -0.020212048220760708 -0.076433876882490204 -0.0059784195853735348 0.077125954172248296 0.030773226675812355 -0.035568612069719778 0.020091017403470291 -0.071303160617679551 0.070294115259004558 -0.068720781060990319 0.015156151343821042 -0.046965172973542572 0.0015512683248015472 0.03348276475810643 0.026936442382208436 0.025219825468292642 -0.014892654780515017 -0.029598741311482209 0.02544846037420392 -0.11488155692479998 0.0099392603363236461 0.043234767838082118 -0.1293931162684375
leaf_weight=723.53328901156783 534.97122740745544 7880.241224206984 16041.753264769912 557.65459349937737 629.14403124898672 5091.1384438052773 490.69792015105486 4045.2186630573124 99.464447000995278 16705.477895045653 882.34598775207996 395.64635939337313 999.80313647724688 5272.4299176391214 1754.8686095476151 1305.77790087834 1439.3122787475586 3550.7280883789062 2028.7104797363281 2732.1040272712708 5120.667721323669 3609.4786061774939 1624.6584304571152 999.1425369977951 2084.1910061836243 816.83605825901031 156.42913007736206 257.4828832000494 1101.1257056519389 200.90857518464327
leaf_count=18440 1359 44576 57055 1445 8869 21921 3721 32489 564 69224 2155 1344 7870 21615 22652 5332 19461 13768 10855 11596 14947 10748 4241 9661 13126 2168 1415 781 4264 1478
internal_value=0.00423292 0.0124798 0.0107471 -0.000317302 0.0164968 0.00197539 0.000388346 0.000922389 0.000354926 0.00196658 0.0615692 0.000811023 -0.0309345 0.00184431 -0.000353542 -0.0133488 -0.00401092 -0.0139614 -0.00447873 -0.0191229 0.00563659 -0.000130241 0.0177814 -0.0508377 1.57748e-05 -0.0140992 0.0225164 -0.0372341 0.00965897 -0.0512678
internal_weight=89131.9 31692.3 31157.3 57439.7 23277.1 6821.41 56716.1 56225.4 55667.8 51622.6 981.81 50640.7 1596.36 49044.4 43772 13810.6 11056.6 9750.85 8311.54 4760.81 29961.3 20315 9646.35 2754.01 4525.69 2901.03 16455.7 413.912 6192.26 1200.71
internal_count=439140 140240 138881 298900 94305 35054 280460 276739 275294 242805 2719 240086 10692 229394 207779 93325 61012 55680 36219 22451 114454 79972 34482 32313 19535 15294 59251 2196 26185 9348
is_linear=0
shrinkage=0.1


Tree=39
num_leaves=31
num_cat=0
split_feature=6 12 12 12 9 9 9 9 6 10 4 9 3 5 2 8 6 1 2 1 5 4 3 4 5 6 10 9 12 8
split_gain=303.752 233.759 345.596 373.988 403.409 546.553 661.334 542.533 362.231 345.822 209.931 187.154 185.006 188.346 149.75 244.681 148.584 144.74 142.673 140.041 138.997 138.079 137.362 124.66 122.042 121.277 115.131 108.607 105.828 106.595
threshold=28.500000000000004 4.5000000000000009 -1.4999999999999998 1.0000000180025095e-35 1.9234999999999969 1.0000000180025095e-35 -1.0000000180025095e-35 -0.34049999999999864 4.5000000000000009 -75.316000000000017 28.500000000000004 5.5595000000000008 1.0000000180025095e-35 1.5000000000000002 17.500000000000004 93.731500000000011 6.5000000000000009 1.0000000180025095e-35 14.500000000000002 1.5000000000000002 1.5000000000000002 1.5000000000000002 1.0000000180025095e-35 39.500000000000007 2.5000000000000004 4.5000000000000009 -8.0989999999999949 9.8685000000000063 11.500000000000002 71.145500000000013
decision_type=2 2 2 2 2 2 2 2 2 2 2 2 2 2 2 2 2 2 2 2 2 2 2 2 2 2 2 2 2 2
left_child=1 2 12 4 5 6 7 16 -8 -7 -9 -6 13 -1 15 18 -4 -14 23 -19 26 -10 28 24 -2 -5 -16 -13 29 -3
right_child=14 22 3 25 11 9 8 10 21 -11 -12 27 17 -15 20 -17 -18 19 -20 -21 -22 -23 -24 -25 -26 -27 -28 -29 -30 -31
leaf_value=0.0030684978231725986 -0.0086612364371928489 -0.077391750965356859 -0.032909588797933612 -0.020063683381485151 0.05235372383672731 0.095018353654171744 -0.020377085175422801 -0.080888277145627213 -0.11711703361847783 -0.068535250835707814 -0.0294361646937812 -0.036265550530163351 0.0061776117393763366 0.023801067503861913 -0.025945421971939931 0.051982181630826754 -0.0015822736544326803 -0.12041535478747019 -0.033272744113128846 -0.017687288158185155 0.049779571930789031 0.091239954989925307 -0.010871031799044388 0.022260684821722984 -0.12864966606732736 0.0050801306845830833 0.054769600238767362 0.014256322599694938 0.053171039894039221 0.016935891305555929
leaf_weight=8033.4912523273379 845.79933648556471 121.26664390787482 1957.8919920921326 2116.3117183595896 1005.5957174301147 135.41541278362274 497.84012684132904 1705.0002580359578 32.905317828059196 2853.5035025626421 1482.5119861289859 595.48828506469727 4608.8093987386674 9639.5185127779841 517.76699929684401 1167.0613350868225 6677.8806076049805 140.0321506857872 975.42876043915749 2535.042084723711 2515.0365210473537 952.19677610695362 1848.6763384900987 2405.0814478397369 94.20987419039011 20501.700714111328 268.28877720981836 1490.5883827209473 819.46108607947826 9912.4810761883855
leaf_count=49300 3803 587 15364 16874 3411 348 7865 27989 157 35908 18709 2994 13815 26490 2827 4775 28163 793 4710 11439 9942 4479 6412 9905 687 82788 1147 6212 2826 38421
internal_value=0.00383484 0.00188842 -0.000470831 -0.00600837 -0.0162002 -0.0224835 -0.0138036 -0.021699 0.0491456 -0.0611253 -0.0569579 0.0169168 0.00884938 0.0143768 0.0214779 0.0113537 -0.00868476 -0.00456194 0.000379082 -0.0230648 0.0383079 0.0842802 0.0143259 0.010192 -0.0206868 0.00272749 0.00160343 -0.000165575 0.0186178 0.0157959
internal_weight=88452.3 79663.6 66961.7 42004.8 19386.8 16295.1 13306.2 11823.3 1482.94 2988.92 3187.51 3091.67 24956.9 17673 8788.67 5487.58 8635.77 7283.88 4320.52 2675.07 3301.09 985.102 12701.9 3345.09 940.009 22618 786.056 2086.08 10853.2 10033.7
internal_count=439140 401344 353098 251261 151599 138982 102726 90225 12501 36256 46698 12617 101837 75790 37796 23880 43527 26047 19105 12232 13916 4636 48246 14395 4490 99662 3974 9206 41834 39008
is_linear=0
shrinkage=0.1


Tree=40
num_leaves=31
num_cat=0
split_feature=1 2 2 2 8 5 10 8 9 8 9 2 2 2 8 7 7 9 5 11 2 5 2 5 9 2 8 2 6 2
split_gain=270.663 375.813 321.645 723.937 328.409 313.603 290.19 785.337 512.993 289.932 279.061 239.208 225.844 409.626 419.728 260.884 225.151 220.035 284.913 204.055 198.09 196.333 315.612 194.996 193.881 185.758 232.646 179.416 177.402 176.338
threshold=1.0000000180025095e-35 1.5000000000000002 6.5000000000000009 9.5000000000000018 94.959500000000006 3.5000000000000004 -23.917999999999996 93.502500000000012 -1.7154999999999985 71.671500000000023 2.0545000000000049 4.5000000000000009 17.500000000000004 12.500000000000002 87.383500000000012 8.5000000000000018 9.5000000000000018 22.953500000000002 2.5000000000000004 0.42179392142327649 8.5000000000000018 1.5000000000000002 4.5000000000000009 1.5000000000000002 -1.8265000000000031 16.500000000000004 75.631500000000017 2.5000000000000004 24.500000000000004 1.0000000180025095e-35
decision_type=2 2 2 2 2 2 2 2 2 2 2 2 2 2 2 2 2 2 2 2 2 2 2 2 2 2 2 2 2 2
left_child=6 5 9 -4 12 29 23 8 25 16 -10 17 13 -5 -15 -14 -3 18 -9 21 -13 22 -11 -1 -22 26 -8 -23 -25 -2
right_child=1 2 3 4 -6 -7 7 11 10 19 -12 20 15 14 -16 -17 -18 -19 -20 -21 24 27 -24 28 -26 -27 -28 -29 -30 -31
leaf_value=0.053664387051753963 -0.063711997049737665 -0.075591473211618021 -0.041371613276154878 0.019635531539791144 -0.015842227495106782 -0.13329140450752516 0.041236847394313422 -0.046796443295293581 -0.063472442068781762 0.032551825457769773 0.0051474772254360779 0.06253781559761544 0.032480565721721186 -0.041803408299619906 0.015910696086328963 0.0024293690227270835 0.020783811474018948 0.053918857276095536 0.022427946523352005 -0.009092788744411542 0.042668716385621142 -0.068947868641165269 -0.031444688448781566 0.0092302064893951385 0.0055712859045633075 0.033226722447355472 -0.025451043757617677 0.060392895494613325 0.029786568605547625 0.0052533644362869067
leaf_weight=1329.5674089118838 689.06378172338009 570.37848923541605 4613.4080657958984 4327.54619795084 8166.2827658653259 337.94929613173008 649.19607216119766 1431.8243754170835 3053.5493424246088 3364.9504033327103 735.37800407409668 1361.3033356666565 5684.7403787374496 3574.2866534590721 1946.2287306785583 5873.7093095779419 421.56669487059116 513.9686450958252 1016.7640591487288 1634.0103411767632 2327.713718149811 112.7954227142036 999.52737236022949 17148.212492443621 3568.6084143295884 1209.9492034912109 2693.6830753684044 2180.8165586739779 5559.2271710932255 802.58351135253906
leaf_count=4516 7324 4354 31150 21949 63449 2165 1683 7641 33969 14803 2260 3923 25092 24273 13732 25859 2210 1524 4665 8943 6958 649 11290 51262 19437 4064 9399 5650 19217 5730
internal_value=0.00346701 -0.00191413 -4.55143e-05 -0.00452817 0.00121947 -0.0463114 0.00918932 -0.000202943 -0.0229705 0.0164608 -0.0501543 0.0183801 0.00772826 -0.00339943 -0.0214566 0.0172093 -0.0346329 -0.00556538 -0.0180514 0.0225729 0.0281546 0.0303442 0.0178957 0.0164422 0.0202164 -0.000347828 -0.0125001 0.0540322 0.0142628 -0.0266051
internal_weight=87898.8 45299.8 43470.2 34186.2 29572.8 1829.6 42598.9 18561.9 8341.76 9284.05 3788.93 10220.2 21406.5 9848.06 5520.52 11558.4 991.945 2962.56 2448.59 8292.1 7257.63 6658.09 4364.48 24037 5896.32 4552.83 3342.88 2293.61 22707.4 1491.65
internal_count=439140 268622 253403 205504 174354 15219 170518 95523 51375 47899 36229 44148 110905 59954 38005 50951 6564 13830 12306 41335 30318 32392 26093 74995 26395 15146 11082 6299 70479 13054
is_linear=0
shrinkage=0.1


Tree=41
num_leaves=31
num_cat=0
split_feature=6 11 6 8 2 2 8 5 1 11 6 12 9 11 9 6 10 2 10 6 11 5 10 2 8 4 5 1 12 12
split_gain=264.131 337.705 206.817 219.144 456.875 256.651 289.999 285.6 320.395 251.205 263.509 223.07 259.608 190.508 179.58 178.138 176.866 175.074 166.881 156.037 184.899 140.178 142.656 138.321 213.316 137.419 129.967 128.582 122.661 225.288
threshold=9.5000000000000018 0.12588028169014087 38.500000000000007 92.321000000000012 17.500000000000004 21.500000000000004 99.578000000000017 2.5000000000000004 1.0000000180025095e-35 0.53957811194653316 19.500000000000004 -1.4999999999999998 -1.9769999999999965 0.41742424242424242 1.8204999999999956 28.500000000000004 -22.13699999999999 1.5000000000000002 1.0000000180025095e-35 1.5000000000000002 0.014389233954451302 2.5000000000000004 -39.847500000000004 15.500000000000002 79.054500000000019 46.500000000000007 4.5000000000000009 1.0000000180025095e-35 -1.4999999999999998 1.5000000000000002
decision_type=2 2 2 2 2 2 2 2 2 2 2 2 2 2 2 2 2 2 2 2 2 2 2 2 2 2 2 2 2 2
left_child=19 -2 3 4 11 7 27 9 -9 10 13 -3 -13 -5 16 -11 23 -10 -18 -1 -21 -8 -23 24 25 -14 -6 -7 -22 -30
right_child=1 2 -4 5 26 6 21 8 17 15 -12 12 14 -15 -16 -17 18 -19 -20 20 28 22 -24 -25 -26 -27 -28 -29 29 -31
leaf_value=-0.052244546792199892 0.061829026827165401 0.0058717087274580519 0.036556880963748872 0.0098945103773280391 0.01909317120098078 0.045107870336120098 -0.023312639604056638 0.054280427099157563 -0.13218658950782466 -0.059553305317965891 0.037013537088968131 -0.0050843824332073365 -0.083887637602262366 -0.041586534294244699 -0.0071972706189461404 0.0080966338476509709 -0.077064402222842596 0.0070294788487147725 0.023352348594938743 0.051262199403796338 0.0042977439021344875 -0.20503261774619874 -0.056068688478179064 -0.076009517284584216 0.021976751456037235 0.0092474682949810153 -0.081149130518203508 -0.0057818720523294528 -0.021468738588215998 0.0015099935956748704
leaf_weight=680.78598197828978 1097.6099255755544 7846.3529772609472 2113.5595034360886 7741.3316019661725 9642.1895779520273 941.97615921497345 1977.9796021953225 3482.7895848527551 97.272687358781695 828.74180953204632 3717.795280456543 10152.101830273867 459.24618038535118 792.39527513086796 1982.1226562857628 733.97794151306152 1632.3282595351338 1266.0917928125709 184.17119239270687 597.02133175358176 9188.145683683455 84.49827952682972 268.77770025283098 404.07664489746094 890.88141386210918 241.85411894321442 131.09776158630848 1049.8774964809418 8573.2874288372695 8493.6662222296
leaf_count=18440 2764 28072 9471 37803 38941 2946 12108 12813 667 5723 16497 38116 3835 3608 8091 4296 26372 5091 888 1647 40789 378 2006 1840 4335 1158 1206 5114 66292 37833
internal_value=0.00313881 0.00687246 0.00584421 0.00469632 -0.000454834 0.0122193 -0.00973525 0.0173056 0.038193 0.00997817 0.0147943 -0.00793206 -0.014724 0.00511426 -0.0316123 -0.0277795 -0.0443055 -0.00290324 -0.0668834 -0.00496521 -0.00376653 -0.0336758 -0.0916986 -0.0237586 -0.0104963 -0.0517594 0.0177485 0.0182846 -0.00501784 -0.010033
internal_weight=87294 59761.1 58663.5 56549.9 33566.4 22983.5 4323.11 18660.4 4846.15 13814.2 12251.5 23793.1 15946.8 8533.73 5794.68 1562.72 3812.56 1363.36 1816.5 27532.9 26852.1 2331.26 353.276 1996.06 1591.98 701.1 9773.29 1991.85 26255.1 17067
internal_count=439140 274139 271375 261904 152854 109050 22552 86498 18571 67927 57908 112707 84635 41411 46519 10019 38428 5758 27260 165001 146561 14492 2384 11168 9328 4993 40147 8060 144914 104125
is_linear=0
shrinkage=0.1


Tree=42
num_leaves=31
num_cat=0
split_feature=6 11 6 11 4 5 2 2 11 5 5 10 6 11 6 11 4 7 2 8 9 9 10 9 11 8 8 6 11 4
split_gain=237.004 245.437 173.414 312.295 235.735 163.541 187.99 283.137 155.487 453.555 268.68 264.363 240.269 698.521 251.139 233.86 218.27 181.729 162.283 148.48 195.615 147.513 167.518 157.388 146.218 143.724 140.841 140.545 339.585 165.61
threshold=22.500000000000004 0.29198717948717956 2.5000000000000004 0.027973395931138855 1.5000000000000002 1.5000000000000002 17.500000000000004 14.500000000000002 0.51408730158730165 2.5000000000000004 1.5000000000000002 -110.75649999999999 5.5000000000000009 0.069605943152454761 6.5000000000000009 0.085960591133004915 36.500000000000007 3.5000000000000004 23.500000000000004 78.946500000000015 -6.059499999999999 1.9234999999999969 -54.857500000000002 -0.25550000000000489 0.79193722943722955 81.97450000000002 95.265500000000017 7.5000000000000009 0.099295774647887317 6.5000000000000009
decision_type=2 2 2 2 2 2 2 2 2 2 2 2 2 2 2 2 2 2 2 2 2 2 2 2 2 2 2 2 2 2
left_child=2 -2 -1 4 -4 -3 7 21 10 -10 11 -5 -13 -14 -15 -16 -11 -12 24 20 -19 22 -7 -24 -18 -21 -8 -17 29 -29
right_child=1 5 3 8 -6 6 26 -9 9 16 17 12 13 14 15 27 18 19 -20 25 -22 -23 23 -25 -26 -27 -28 28 -30 -31
leaf_value=-0.026438795682924905 0.096916104783745127 -0.005533080954145779 0.017003182932106634 -0.079313364280380438 0.12992668570160543 0.033953175289792407 0.045345275986187733 -0.029015187835379638 -0.055498072365730455 -0.082116390943946904 0.03055453138046331 -0.02846886570581952 0.077758123474431257 -0.051201049847360583 0.065080081687947017 -0.039592225666915781 0.0087829515155009395 0.002711568555858778 -0.049973929917150293 0.030946390090686768 -0.048619933251000919 0.043524863683558845 0.010911485540119394 -0.032542338409495088 -0.028119392630159668 0.0062362509654858931 0.0062038301679066439 -0.11768772938689337 -0.0036996740330153136 0.093688534224679029
leaf_weight=2367.8229648293927 341.94223046302795 4326.6643452867866 435.0785549916327 472.70728535950184 321.44984113425016 1886.2177320942283 3103.5040196329355 1640.8302273005247 1843.5201699100435 327.07026223838329 3462.5102632883936 3362.3810665439814 1103.4150573797524 1068.5495768673718 515.67354010790586 1002.7924004420638 8326.8959020096809 2423.3144819736481 590.9624849408865 2665.4013493061066 1070.2821938991547 1623.8935249298811 2745.0329016596079 1196.9802738577127 1232.6691284682602 20137.661123991013 1306.2162620425224 40.098944766446948 15439.813306393102 490.01409403979778
leaf_count=33379 1013 22349 1529 3072 826 6006 13278 7205 11208 3604 11115 33618 2816 11008 1357 9732 28376 6550 3631 7900 7133 5486 9456 11694 11717 63232 5410 299 104094 1047
internal_value=0.00283951 0.0129956 0.000153218 0.00110246 0.0649845 0.0113861 0.0168075 0.00859057 0.000365468 -0.00975801 0.00270766 -0.00528622 -0.00376628 0.000458445 -0.00413787 -0.00126229 -0.0017101 0.00901898 0.000880752 0.00618337 -0.0130141 0.0168707 0.00944419 -0.00228314 0.00402454 0.00912457 0.0337511 -0.00327794 -0.000997671 0.0776996
internal_weight=86871.4 18171.3 68700.1 66332.3 756.528 17829.3 13502.7 9092.95 65575.7 12321.1 53254.6 23495.4 23022.7 19660.4 18556.9 17488.4 10477.6 29759.2 10150.5 26296.7 3493.6 7452.12 5828.23 3942.01 9559.57 22803.1 4409.72 16972.7 15969.9 530.113
internal_count=439140 81897 357243 323864 2355 80884 58535 39847 321509 58536 262973 167043 163971 130353 127537 116529 47328 95930 43724 84815 13683 32642 27156 21150 40093 71132 18688 115172 105440 1346
is_linear=0
shrinkage=0.1


Tree=43
num_leaves=31
num_cat=0
split_feature=6 4 1 2 8 1 3 1 5 4 12 12 10 8 11 11 4 6 11 5 2 5 2 2 9 11 12 11 6 2
split_gain=217.228 315.074 192.288 286.42 191.366 197.857 185.01 249.155 230.702 181.127 171.734 408.666 194.025 282.187 156.202 135.664 167.579 130.713 141.556 122.536 121.976 172.886 149.089 147.066 225.192 143.784 130.289 119.918 156.548 143.735
threshold=12.500000000000002 12.500000000000002 1.0000000180025095e-35 1.5000000000000002 77.992500000000021 2.5000000000000004 1.0000000180025095e-35 1.5000000000000002 1.5000000000000002 9.5000000000000018 1.0000000180025095e-35 -1.4999999999999998 -22.511500000000204 90.051500000000019 0.16774891774891773 0.35076327181590344 25.500000000000004 1.5000000000000002 0.013986697965569402 2.5000000000000004 6.5000000000000009 3.5000000000000004 1.0000000180025095e-35 9.5000000000000018 -5.2899999999999983 0.13867521367521368 -12.499999999999998 0.069605943152454761 5.5000000000000009 5.5000000000000009
decision_type=2 2 2 2 2 2 2 2 2 2 2 2 2 2 2 2 2 2 2 2 2 2 2 2 2 2 2 2 2 2
left_child=17 9 10 -4 5 -5 8 -8 -6 -2 11 -3 -13 -14 -11 -10 -17 -1 -19 -15 21 22 25 -22 -25 -20 -24 28 29 -28
right_child=1 2 3 4 6 -7 7 -9 15 14 -12 12 13 19 -16 16 -18 18 20 -21 23 -23 26 24 -26 -27 27 -29 -30 -31
leaf_value=-0.04795428070027196 -0.048047803182664488 0.020964966735229393 -0.067797186268856058 -0.010617420823018706 -0.0021371893284036383 -0.07753062660390829 -0.14269053315901478 -0.013742639583151778 0.051917548032796614 0.079249025658885641 0.020939872113780834 0.0032641795830209174 -0.060706727180811326 -0.019869436480887973 -0.03370452908471034 -0.12379613477006235 0.01802418909063682 0.04870759632115805 -0.086366687293460628 0.036112539804009879 -0.023638124262659006 -0.04060559645637464 0.11090467126803323 0.006663179775709082 -0.013569236069542271 -0.0039837280898076741 0.0062079693872457466 0.0060564150072160254 0.092072383451363315 0.10055426937639396
leaf_weight=633.87890655780211 154.70479241013527 7346.8288009315729 632.81489376723766 2408.4177048336715 8595.3748752456158 541.20758058130741 165.25955959782004 1606.454075820744 1300.8801007866859 1102.4975913725793 10969.067890897393 3734.9665579944849 1583.3602849394083 1333.3106843233109 137.72389758005738 84.80804680287838 4744.2041182667017 539.16870532743633 295.01847794093192 553.22033892571926 4284.1485670506954 759.73063743114471 132.65391567349434 11074.756047904491 10930.950010672212 751.53645392507315 1172.4796828497201 8153.7510649245232 376.42043054103851 187.26870906352997
leaf_count=18440 662 23037 4458 12748 53833 4166 726 5738 3861 2604 37465 14232 17790 11722 964 488 18689 1444 3632 4581 23662 4042 332 45426 76505 4229 7357 34214 846 1247
internal_value=0.00257584 0.00716369 0.00573159 -0.0015893 0.000565181 -0.0228949 0.00475979 -0.0257705 0.00843313 0.053979 0.0114916 0.00436946 -0.0125531 -0.0295786 0.0667058 0.0232549 0.0155335 -0.00291149 -0.00217292 -0.00345287 -0.0028926 0.00554058 0.00870783 -0.00668702 -0.00338692 -0.0272071 0.0124581 0.0111376 0.0350008 0.0192016
internal_weight=86286.9 46995.1 45600.2 20079.4 19446.6 2949.63 16497 1771.71 14725.3 1394.93 25520.8 14551.7 7204.86 3469.89 1240.22 6129.89 4829.01 39291.8 38657.9 1886.53 38118.7 11828.9 11069.1 26289.9 22005.7 1046.55 10022.6 9889.92 1736.17 1359.75
internal_count=439140 217764 213534 104707 100249 16914 83335 6464 76871 4230 108827 71362 48325 34093 3568 23038 19177 221376 202936 16303 201492 55899 51857 145593 121931 7861 43996 43664 9450 8604
is_linear=0
shrinkage=0.1


Tree=44
num_leaves=31
num_cat=0
split_feature=5 6 1 12 12 12 10 8 10 9 5 8 10 9 9 3 2 5 1 12 12 11 4 11 3 5 8 5 5 9
split_gain=197.912 192.243 162.873 147.873 220.574 397.779 201.984 283.317 191.914 158.991 140.469 198.47 166.977 171.971 126.382 126.101 120.058 125.268 119.365 117.981 157.189 111.607 130.365 140.606 109.556 98.5476 98.2531 98.0009 93.3617 91.8446
threshold=4.5000000000000009 30.500000000000004 3.5000000000000004 4.5000000000000009 -1.0000000180025095e-35 1.0000000180025095e-35 -27.236499999999932 91.165500000000023 2.7355000000000094 2.0545000000000049 2.5000000000000004 96.770500000000013 -1.3444999999999823 1.2485000000000002 -3.4420000000000002 1.0000000180025095e-35 24.500000000000004 2.5000000000000004 1.5000000000000002 2.5000000000000004 -1.4999999999999998 0.85982456140350882 45.500000000000007 0.64967532467532474 1.0000000180025095e-35 1.5000000000000002 99.940000000000012 3.5000000000000004 1.5000000000000002 2.2704999999999989
decision_type=2 2 2 2 2 2 2 2 2 2 2 2 2 2 2 2 2 2 2 2 2 2 2 2 2 2 2 2 2 2
left_child=1 2 3 4 15 6 -6 8 9 14 12 -12 13 -9 -8 16 17 -1 -14 20 -3 22 23 29 -5 -20 -18 -17 -11 -22
right_child=-2 19 -4 24 5 -7 7 10 -10 28 11 -13 18 -15 -16 27 26 -19 25 -21 21 -23 -24 -25 -26 -27 -28 -29 -30 -31
leaf_value=0.0071066389635178881 -0.05281690257087595 0.037559891948686447 -0.085399912997105282 0.015478140485596387 -0.0035494758082567157 0.0020719633678029409 -0.02370820163164742 -0.052167583028192438 0.0164450083512735 0.176917712038374 0.072504090806688487 -0.012633038281960666 -0.041869444000643533 0.03012737464000852 -0.079194686780021673 -0.0021061719744666966 0.03788503649167365 0.025689000999435177 -0.00041229199791782147 0.045265911471097896 -0.014133973383953252 -0.040480831866615927 0.031607813952974455 -0.10179818875996383 -0.010937763025277554 0.076753267279200454 -0.055006521281093568 -0.053306148391572397 -0.0095087060162763054 0.056707680721552446
leaf_weight=17682.272145247087 645.80139201506972 1633.2876488268375 215.52407226338983 10705.432675730437 4430.2498723082244 22441.362326301634 511.68190097808838 1897.9614457618445 344.18742221593857 38.084988109767437 394.56189277395606 894.73865127563477 323.94043802656233 293.14619542658329 2075.8775606555864 8432.1743386443704 148.77368044108152 4564.1774087548256 395.38891923427582 1394.0301654562354 1028.6373723968863 574.18932340294123 1252.2381092756987 157.45362208038568 1839.8512542694807 284.64687347412109 485.28637052327394 391.18750667572021 91.166866734623909 222.61785910278559
leaf_count=83904 5175 5511 1328 42367 22988 100686 2478 33732 1970 138 1885 8986 2115 1193 39472 29990 603 12881 6195 4937 5993 4369 5275 1684 6428 793 3512 1617 256 679
internal_value=0.00233318 0.00275148 0.00141263 0.00165047 -0.000238047 -0.00578146 -0.0204981 -0.0304495 -0.0539034 -0.0628157 -0.0144401 0.0134213 -0.0256829 -0.0411574 -0.0682224 0.00577976 0.00969616 0.0109191 0.00808919 0.0196156 0.0122709 -0.000496497 0.00813148 -0.0127373 0.0116041 0.0318874 -0.0332108 -0.00437614 0.0454232 -0.00153014
internal_weight=85789.9 85144.1 78881.7 78666.2 66120.9 34417 11975.6 7545.38 3061 2716.81 4484.38 1289.3 3195.08 2191.11 2587.56 31703.9 22880.5 22246.4 1003.98 6262.45 4868.42 3235.14 2660.95 1408.71 12545.3 680.036 634.06 8823.36 129.252 1251.26
internal_count=439140 433965 405517 404189 355394 222887 122201 99213 44314 42344 54899 10871 44028 34925 41950 132507 100900 96785 9103 28448 23511 18000 13631 8356 48795 6988 4115 31607 394 6672
is_linear=0
shrinkage=0.1


Tree=45
num_leaves=31
num_cat=0
split_feature=6 4 5 11 4 6 4 4 12 3 11 5 4 6 11 4 11 6 4 8 1 2 11 4 5 2 1 9 7 7
split_gain=175.352 439.203 195.682 190.586 426.333 128.954 416.767 139.2 126.545 123.883 150.707 122.993 252.857 121.431 247.046 197.054 120.46 117.153 112.577 111.651 119.162 107.812 107.194 104.144 102.819 151.828 102.573 102.364 98.974 98.4683
threshold=16.500000000000004 16.500000000000004 1.5000000000000002 0.63944444444444459 45.500000000000007 18.500000000000004 18.500000000000004 18.500000000000004 13.500000000000002 1.0000000180025095e-35 0.91228073549259314 3.5000000000000004 33.500000000000007 2.5000000000000004 0.027973395931138855 1.5000000000000002 0.014389233954451302 24.500000000000004 65.500000000000014 88.922500000000014 2.5000000000000004 16.500000000000004 0.22378240377062056 12.500000000000002 2.5000000000000004 21.500000000000004 3.5000000000000004 2.6374999999999962 10.500000000000002 15.500000000000002
decision_type=2 2 2 2 2 2 2 2 2 2 2 2 2 2 2 2 2 2 2 2 2 2 2 2 2 2 2 2 2 2
left_child=8 22 5 11 -5 7 -7 -3 13 10 17 19 -13 -1 15 16 -15 -6 -12 20 21 -4 23 -2 28 -26 -16 -24 -21 -23
right_child=1 2 3 4 9 6 -8 -9 -10 -11 18 12 -14 14 26 -17 -18 -19 -20 24 -22 29 27 -25 25 -27 -28 -29 -30 -31
leaf_value=-0.024416739590274142 0.006234401965734577 -0.039996443860261022 0.0055959996591346227 -0.082923752065790834 -0.0032251369930321374 0.11246919164716043 -0.0066371129003659508 0.16492077099371782 0.067856097487935765 -0.021913319582954314 -0.076590773423850567 -0.14259530329212419 0.018572228224062178 0.034337672901325104 -0.001372642984842727 0.11730180644617501 -0.11789674676092357 0.026813138680985584 0.00034669076481136656 0.033463536505918455 -0.067482400068997569 0.040448920728372945 -0.090128625396098727 0.11362259911530792 0.065636937945647608 -0.064864546988239166 -0.081220068013282465 0.17194204705628349 0.0059661960752666384 -0.028094489152258102
leaf_weight=2272.272071625106 107.50678453873843 1342.4040693286806 5424.5456512616947 592.51529758330435 1982.5143297631294 307.0299594309181 6808.2689773980528 33.989194119349122 262.07320979610085 1406.9342762231827 313.84143768250942 144.9194568246603 296.54084944725037 356.29010545089841 49356.092250477523 310.93483290821314 60.855444610118866 3762.5804158877581 482.68215043842793 3400.9181533753872 188.71585018932819 1811.9516103342175 60.652464990504086 564.45763611793518 1107.0630359053612 96.957727491855621 161.41025760024786 19.759996175765991 2128.0975425168872 237.00120651721954
leaf_count=33203 369 10207 20371 7866 9187 909 38120 181 898 4161 5437 1087 1365 1021 248384 810 487 15510 2179 12160 1494 7500 537 1437 3441 366 1069 37 8248 1099
internal_value=0.00210305 0.00786676 0.00608393 0.0108066 -0.00109372 -0.00691755 -0.0014976 -0.0349361 -0.00145933 0.00500621 0.0107959 0.0176572 -0.0343347 -0.00180523 -0.000782662 0.0570442 0.0121289 0.0164475 -0.0299677 0.0192516 0.010996 0.0129777 0.0833843 0.0964417 0.0286466 0.0551279 -0.00163292 -0.0257292 0.0228799 0.0325205
internal_weight=85401.8 32621.8 31869.5 23377.8 8541.07 8491.69 7115.3 1376.39 52779.9 7948.55 6541.62 14836.7 441.46 52517.9 50245.6 728.08 417.146 5745.09 796.524 14395.3 7662.21 7473.5 752.377 671.964 6733.04 1204.02 49517.5 80.4125 5529.02 2048.95
internal_count=439140 153268 150888 101471 44340 49417 39029 10388 285872 36474 32313 57131 2452 284974 251771 2318 1508 24697 7616 54679 30464 28970 2380 1806 24215 3807 249453 574 20408 8599
is_linear=0
shrinkage=0.1


Tree=46
num_leaves=31
num_cat=0
split_feature=5 5 3 10 7 2 1 8 8 2 2 11 9 10 2 2 2 10 1 0 2 10 1 10 2 0 7 2 7 2
split_gain=161.52 159.027 190.547 181.667 173.617 246.017 227.565 172.535 216.413 216.236 269.478 178.554 210.553 170.808 170.785 288.142 354.093 250.493 267.397 291.511 235.059 390.326 384.331 357.347 218.587 180.067 289.2 230.677 209.466 174.201
threshold=4.5000000000000009 1.5000000000000002 1.0000000180025095e-35 -138.77999999999994 9.5000000000000018 3.5000000000000004 1.0000000180025095e-35 91.165500000000023 82.080500000000015 16.500000000000004 23.500000000000004 0.80735492577597856 6.9665000000000044 -50.765500000000067 1.0000000180025095e-35 4.5000000000000009 9.5000000000000018 -17.871500000000001 1.5000000000000002 116.50000000000001 7.5000000000000009 81.697500000000005 1.5000000000000002 -99.405499999999861 11.500000000000002 348.50000000000006 4.5000000000000009 13.500000000000002 7.5000000000000009 23.500000000000004
decision_type=2 2 2 2 2 2 2 2 2 2 2 2 2 2 2 2 2 2 2 2 2 2 2 2 2 2 2 2 2 2
left_child=1 2 3 -1 5 6 -3 8 9 13 -11 12 -9 -7 -5 -16 20 18 24 -20 21 23 -23 -17 -18 26 -21 28 -28 -19
right_child=-2 4 -4 14 -6 7 -8 11 -10 10 -12 -13 -14 -15 15 16 17 29 19 25 -22 22 -24 -25 -26 -27 27 -29 -30 -31
leaf_value=-0.068811819838667437 -0.048417966168923132 -0.0033991772523344326 -0.034742047356159857 -0.056943554815027386 0.00071073022393504566 0.02681695671422157 -0.083620904147283154 0.035857861822574368 -0.011676679594957591 0.056369549416409107 -0.034011316906829965 -0.052880820518676264 0.0009124030628024 -0.018527277476215156 0.022162258373933211 0.15433148076419079 -0.053889206788003463 -0.018498602317987941 -0.021811478983895429 -0.014823778048353381 -0.059092109463408093 -0.006233063310884749 0.25016653030699371 -0.033571622510192488 0.05677485089526977 0.00062437271409840095 0.011213277080831315 0.033592994809310425 0.14517610182069263 0.027958698268390699
leaf_weight=395.8610929697752 633.12319187819958 2826.53365666233 1844.431628366001 527.28268744796515 31893.797123491764 1548.5790085420012 404.17112621106207 7485.4115722030401 3825.7138919830322 2033.8257319116965 393.76035231351852 282.20076566934586 2240.1611824855208 1792.1281765019521 5008.1168540716171 106.59841638803482 199.17683131992817 6363.494590960443 2903.2862925641239 781.95829972624779 1723.0183429718018 127.09695589542389 108.2576984167099 2002.1186598017812 1718.4394526705146 3070.7118036933243 159.71285580843687 1270.553209669888 433.59715151786804 924.37174582481384
leaf_count=2486 5175 13824 14108 6842 125195 4410 2803 25792 15850 7604 2440 5095 7362 7302 24657 360 1343 66554 20335 4919 13736 762 303 20652 5561 16759 904 6638 1948 7421
internal_value=0.00190273 0.00228023 -0.00361542 -0.00155203 0.00547637 0.0121333 -0.0134352 0.0163474 0.00676535 0.0189967 0.0417096 0.0255333 0.0278086 0.00249196 -0.000581279 0.00052349 -0.00442661 0.00164824 0.0115068 0.00399327 -0.0310515 -0.0104402 0.111705 -0.0240729 0.0452805 0.0170989 0.036219 0.0576333 0.109115 -0.0126061
internal_weight=85027.5 84394.4 29668.1 27823.7 54726.3 22832.5 3230.7 19601.8 9594.01 5768.29 2427.59 10007.8 9725.57 3340.71 27427.8 26900.5 21892.4 17825.3 10537.4 8619.82 4067.09 2344.07 235.355 2108.72 1917.62 5716.53 2645.82 1863.86 593.31 7287.87
internal_count=439140 433965 216288 202180 217677 92482 16627 75855 37606 21756 10044 38249 33154 11712 199694 192852 168195 132382 58407 51503 35813 22077 1065 21012 6904 31168 14409 9490 2852 73975
is_linear=0
shrinkage=0.1


Tree=47
num_leaves=31
num_cat=0
split_feature=6 12 12 12 9 9 9 9 6 10 4 9 3 5 4 11 2 2 2 6 3 5 2 12 10 10 5 11 9 2
split_gain=155.819 134.12 228.65 226.168 326.062 488.001 590.017 427.015 281.696 276.148 165.076 164.824 136.896 123.572 118.305 127.647 116.77 131.016 108.166 104.355 99.4005 98.345 95.3683 94.3986 93.2611 138.801 181.358 114.287 92.1374 82.8149
threshold=38.500000000000007 4.5000000000000009 -1.4999999999999998 1.0000000180025095e-35 1.9234999999999969 1.0000000180025095e-35 -1.0000000180025095e-35 -0.25550000000000489 10.500000000000002 -75.316000000000017 27.500000000000004 5.5595000000000008 1.0000000180025095e-35 1.5000000000000002 39.500000000000007 0.75162337662337675 2.5000000000000004 6.5000000000000009 18.500000000000004 6.5000000000000009 1.0000000180025095e-35 3.5000000000000004 1.5000000000000002 -6.4999999999999991 -15.709999999999985 5.0050000000000106 1.5000000000000002 0.152475845410628 9.8685000000000063 19.500000000000004
decision_type=2 2 2 2 2 2 2 2 2 2 2 2 2 2 2 2 2 2 2 2 2 2 2 2 2 2 2 2 2 2
left_child=1 2 12 4 5 6 7 19 16 -7 -9 24 13 23 -11 18 -8 -18 -16 -4 -3 -14 -2 -1 -6 26 27 -26 -13 -20
right_child=22 20 3 -5 11 9 8 10 -10 14 -12 28 21 -15 15 -17 17 -19 29 -21 -22 -23 -24 -25 25 -27 -28 -29 -30 -31
leaf_value=-0.017461615113177373 -0.055497567729836175 0.013973469579886585 -0.028115270629020667 0.001590637618406038 0.023528017609726809 0.075900586080651589 -0.087781182388423529 -0.077127190586521469 0.10773368899894874 -0.074769869617995421 -0.030038056392031082 -0.031037727632001012 -0.0022628858920349794 0.018799352916593029 -0.036961904019887817 -0.068000248160339949 0.077473918634985706 -0.0018582018210159972 0.14888098705880143 -0.0018101303362086088 -0.010884301956627155 -0.05805542459523403 0.035299544182993456 0.0080543335255991808 0.046298995881636454 -0.0097455126302204934 0.033032440935241034 0.23022149183105511 0.013438252612595396 0.01318552588132545
leaf_weight=1864.0938375890255 123.45735538378358 11118.577218081802 1886.5537205934525 23546.097828522325 632.41148386895657 154.10517251491547 95.977069796994328 1301.6633948907256 525.61032688617706 2026.4186793193221 1739.1161796227098 657.20813369750977 7016.9788611829281 10117.200705930591 237.93604411929846 452.03105342388153 336.26811899244785 546.48745045438409 71.826750576496124 7518.0195957422256 1880.7740390822291 330.83232341334224 1836.4196053110063 6525.5845450721681 45.085088044404984 117.06246972084045 142.27595030516386 134.80024861544371 1599.161262512207 120.31028237938881
leaf_count=12282 1231 44369 15974 106173 2265 426 1421 24911 2205 28417 23388 3284 25240 30041 1905 8149 2063 7083 130 34263 6637 1457 8240 38571 243 555 395 246 6736 840
internal_value=0.00171164 0.00105152 -0.000686701 -0.00508157 -0.0128054 -0.0184053 -0.0104694 -0.0176197 0.048684 -0.0545516 -0.0501955 0.0158207 0.00677327 0.0113583 -0.0614635 -0.0308952 0.0169725 0.0283618 0.00810426 -0.00708693 0.010377 -0.00477492 0.02958 0.00238497 0.048113 0.0835114 0.117398 0.184125 0.000483824 0.0639127
internal_weight=84700.3 82740.5 69741.1 43886.4 20340.3 17012.3 13949.7 12445.4 1504.34 3062.63 3040.78 3328 25854.7 18506.9 2908.52 882.104 978.733 882.756 430.073 9404.57 12999.4 7347.81 1959.88 8389.68 1071.64 439.224 322.161 179.885 2256.37 192.137
internal_count=439140 429669 378663 271072 164899 151175 111308 98536 12772 39867 48299 13724 107591 80894 39441 11024 10567 9146 2875 50237 51006 26697 9471 50853 3704 1439 884 489 10020 970
is_linear=0
shrinkage=0.1


Tree=48
num_leaves=31
num_cat=0
split_feature=6 11 4 5 4 11 5 5 2 10 2 2 2 10 2 8 8 2 8 7 9 1 2 2 2 1 10 9 1 0
split_gain=143.776 132.594 406.726 244.64 224.553 700.699 225.742 187.768 197.133 168.083 172.746 229.492 273.009 213.75 209.053 304.834 202.645 187.989 161.185 285.49 153.544 151.055 302.961 215.478 150.134 146.725 192.787 141.741 137.942 135.761
threshold=25.500000000000004 0.51408730158730165 36.500000000000007 2.5000000000000004 28.500000000000004 0.39455151964418084 3.5000000000000004 1.5000000000000002 23.500000000000004 -138.77999999999994 1.0000000180025095e-35 4.5000000000000009 9.5000000000000018 -17.871500000000001 7.5000000000000009 77.82350000000001 94.88600000000001 23.500000000000004 109.00700000000002 15.500000000000002 2.0545000000000049 1.5000000000000002 2.5000000000000004 8.5000000000000018 23.500000000000004 1.5000000000000002 -71.896000000000242 2.0545000000000049 2.5000000000000004 122.50000000000001
decision_type=2 2 2 2 2 2 2 2 2 2 2 2 2 2 2 2 2 2 2 2 2 2 2 2 2 2 2 2 2 2
left_child=1 4 27 -4 5 6 7 9 21 -1 -11 18 14 16 15 25 29 -15 -12 -20 -7 -9 -23 -24 -5 26 -13 -3 -16 -14
right_child=-2 2 3 24 -6 20 -8 8 -10 10 11 12 13 17 28 -17 -18 -19 19 -21 -22 22 23 -25 -26 -27 -28 -29 -30 -31
leaf_value=-0.07426697054045521 0.011681581459566961 -0.095207102808277044 -0.032442163923487102 0.0045986997540563776 0.015125141216101959 -0.099849279283884707 -0.083952091567053078 0.0050853784049537934 -0.042550005584869287 -0.061345999655022257 0.0097707123492297657 0.2095447705245877 -0.0022331341642284563 -0.021995449010589564 -0.076161361141812919 -0.02652388410079061 -0.014164340997315887 0.028076696298841259 0.021410294392048199 0.16461006090227864 0.072116170745193442 -0.094292256836562532 0.058516647514579037 0.015025480665121283 -0.04361553752397182 0.1502560259887184 -0.047487335961162364 0.057899064942834526 -0.011261346669062734 0.027051770560051692
leaf_weight=338.4061289280653 11988.233750522137 666.0361693687737 2601.520915155299 10446.308129991405 10636.480712540448 829.82847601175308 312.70527830719948 13784.41862834245 724.39962005615234 503.29053377825767 4408.2760360464454 38.280938185751438 2408.0409430470318 5722.1026149615645 1182.4024677276611 1775.7762505486608 2962.4355902671814 862.85647617280483 493.06509279459715 193.99869943410158 55.38757461309433 204.77106855064631 1723.4096477031708 3360.6323326602578 688.4075041115284 153.46876399219036 122.7597932908684 66.503224175423384 452.95367050170898 4620.4641904924065
leaf_count=2364 56857 8785 11618 45979 34008 8875 2344 47021 3428 7023 22845 84 14281 62507 11923 18832 22607 7354 2557 679 138 1809 4489 10694 4321 843 815 182 2034 21844
internal_value=0.00153853 -0.000142394 -0.00870465 -0.00483282 0.00199834 -0.000957639 0.000725587 0.00130077 0.00865309 -0.00424674 -0.00333187 -0.0021822 -0.00694449 -0.00144672 -0.0314048 -0.0104526 0.00777237 -0.0154343 0.0167924 0.061844 -0.0890895 0.0105978 0.0249649 0.0297683 0.00161784 0.080289 0.0136117 -0.0813074 -0.0581856 0.0170184
internal_weight=84327.6 72339.4 14468.8 13736.2 57870.6 47234.1 46348.9 46036.2 19797.6 26238.6 25900.2 25396.9 20301.5 16575.9 3725.64 2090.29 9990.94 6584.96 5095.34 687.064 885.216 19073.2 5288.81 5084.04 11134.7 314.509 161.041 732.539 1635.36 7028.51
internal_count=439140 382283 70885 61918 311398 277390 268377 266033 67441 198592 196228 189205 163124 128593 34531 20574 58732 69861 26081 3236 9013 64013 16992 15183 50300 1742 899 8967 13957 36125
is_linear=0
shrinkage=0.1


Tree=49
num_leaves=31
num_cat=0
split_feature=6 11 8 4 5 6 11 4 2 2 9 2 8 4 8 10 7 8 8 2 4 1 1 9 10 10 8 9 2 10
split_gain=139.352 385.067 157.376 122.931 120.911 150.886 153.449 130.374 127.953 650.041 235.917 364.859 244.247 225.573 191.876 182.275 180.919 141.537 187.315 198.791 129.258 171.89 125.825 151.189 125.802 249.386 124.334 121.802 120.202 123.583
threshold=8.5000000000000018 0.11189358372456962 71.46050000000001 7.5000000000000009 1.5000000000000002 9.5000000000000018 0.12588028169014087 8.5000000000000018 17.500000000000004 15.500000000000002 5.5595000000000008 19.500000000000004 99.836500000000015 28.500000000000004 90.874500000000012 -153.04499999999996 14.500000000000002 75.631500000000017 95.970500000000015 4.5000000000000009 32.500000000000007 1.5000000000000002 2.5000000000000004 -5.579499999999995 -16.656499999999991 -26.450000000000006 81.788500000000013 19.837500000000006 10.500000000000002 -174.33299999999997
decision_type=2 2 2 2 2 2 2 2 2 2 2 2 2 2 2 2 2 2 2 2 2 2 2 2 2 2 2 2 2 2
left_child=-1 3 -3 -2 5 -4 7 -7 9 17 11 15 24 -11 22 -10 -17 -6 28 20 21 27 23 -15 25 -13 -27 -20 29 -19
right_child=1 2 4 -5 8 6 -8 -9 10 13 -12 12 -14 14 -16 16 -18 18 19 -21 -22 -23 -24 -25 -26 26 -28 -29 -30 -31
leaf_value=-0.0052015708045374748 0.039491099092974852 -0.032148605589759231 -0.046830498890483976 0.11168749201929958 0.03751971341534753 -0.080328767096562032 -0.0025984969918185362 0.085005839900886171 -0.096403010385140597 -0.11686218196319825 -0.022967044786085408 0.017780834448956444 -0.043097788208890431 -0.035887305750217945 0.0013267937915945028 0.059662312161157777 0.0062422282129789676 0.036272507620381804 -0.056453639894614008 0.031723579604571617 0.01907388090094167 0.038450024426802794 0.0018844214149525398 -0.10291071093633547 0.038040275148500377 -0.081767583217594766 -0.012377614635387217 0.024276096090533134 0.013216469783562458 -0.0096117166711249882
leaf_weight=23251.489280538168 703.4476185888052 1258.2747872825712 755.96038817428052 354.80194209516048 1567.0844944100827 55.740764585323632 17399.029397758655 330.37935394048691 89.291588306427002 337.65658458694816 1465.4645509719849 4065.131917886436 861.49117417633533 767.82070474326611 1142.20759293437 2944.9905938766897 807.8976158760488 627.37348955869675 932.1945383399725 4733.7291674613953 1606.3615139201283 363.99198410660028 350.60659519582987 599.22730876505375 1590.6553983315825 375.70514354109764 825.79115253686905 233.75447699427605 4424.3586790291592 9119.5075432127342
leaf_count=147995 1920 6850 7884 862 5058 306 109384 776 405 1708 4796 13541 5116 2035 4685 11128 3416 1868 4529 18471 7783 1011 889 3180 5970 4632 4668 737 17685 39852
internal_value=0.00138108 0.00390302 0.0028419 0.0636966 0.00359614 -0.00307461 -0.00121476 0.0611379 0.00670124 0.00275025 0.0148316 0.019623 0.00708924 -0.0395635 -0.030437 0.0448027 0.0481624 0.00848123 0.00641666 0.0187871 -0.000738475 -0.0215405 -0.0515594 -0.0652661 0.0133943 0.0059506 -0.0340757 -0.0402686 -0.000453264 -0.00665831
internal_weight=83941.4 60689.9 59631.7 1058.25 58373.4 18541.1 17785.1 386.12 39832.3 26805.9 13026.4 11561 7718.77 3197.52 2859.86 3842.18 3752.89 23608.4 22041.3 7870.03 3136.3 1529.94 1717.65 1367.05 6857.28 5266.63 1201.5 1165.95 14171.2 9746.88
internal_count=439140 291145 288363 2782 281513 118350 110466 1082 163163 109491 53672 48876 33927 12497 10789 14949 14544 96994 91936 32531 14060 6277 6104 5215 28811 22841 9300 5266 59405 41720
is_linear=0
shrinkage=0.1


Tree=50
num_leaves=31
num_cat=0
split_feature=5 6 11 4 4 8 2 2 7 5 2 2 1 9 8 2 6 1 2 9 2 1 11 5 9 9 1 7 2 5
split_gain=129.445 123.181 317.642 145.802 144.846 130.356 215.311 175.504 147.773 142.109 193.763 211.309 157.348 144.27 132.608 130.192 126.348 123.267 127.418 208.506 122.198 189.65 161.073 120.343 119.83 111.458 107.168 103.77 100.035 107.668
threshold=4.5000000000000009 13.500000000000002 0.18105242566510174 10.500000000000002 13.500000000000002 92.321000000000012 16.500000000000004 21.500000000000004 13.500000000000002 2.5000000000000004 19.500000000000004 16.500000000000004 1.0000000180025095e-35 1.0000000180025095e-35 99.442000000000021 12.500000000000002 14.500000000000002 1.5000000000000002 4.5000000000000009 22.953500000000002 8.5000000000000018 1.0000000180025095e-35 0.4388104407359863 1.5000000000000002 1.9234999999999969 -1.0000000180025095e-35 1.0000000180025095e-35 7.5000000000000009 6.5000000000000009 2.5000000000000004
decision_type=2 2 2 2 2 2 2 2 2 2 2 2 2 2 2 2 2 2 2 2 2 2 2 2 2 2 2 2 2 2
left_child=1 28 3 -3 -5 6 8 9 15 10 11 17 -11 25 26 23 -6 18 19 -7 21 -20 -22 27 -12 -13 -9 -4 -1 -30
right_child=-2 2 5 4 16 7 -8 14 -10 12 24 13 -14 -15 -16 -17 -18 -19 20 -21 22 -23 -24 -25 -26 -27 -28 -29 29 -31
leaf_value=0.0051325422557524951 -0.044467659371093704 -0.034601094327297896 -0.044791297868636303 0.080739335630057182 -0.043819214435401835 -0.042649611389932611 0.013514925835469383 0.040325353774526437 0.0091963057407843957 0.048966764938393706 0.031671563912699825 -0.0033006141415623039 -0.0053411737443201388 -0.043505527065452687 -0.028001980913199755 -0.029552473902152494 0.13448251665367653 0.036789606393614775 0.071611623883501924 0.045523967394147033 0.03442009276556339 -0.051350665561682655 -0.040025234784288911 0.0002443800479777826 0.11057970731547606 0.11881809609289265 -0.016175636870604516 -0.0043874951070290531 -0.0088976726909906299 0.0054601499877330838
leaf_weight=12761.689666834194 614.57741850428283 170.39453857764602 1301.4941689409316 1000.5574493408203 187.62077694386244 1003.7751692701131 7493.2864542007446 710.70412829890847 4339.2865644805133 2208.9030880779028 1180.1395484656096 1148.9941227734089 703.38508684933186 1260.748123884201 1769.7862060070038 3221.0217410046607 50.423884138464928 1806.6446414478123 693.39952147006989 365.96947479248047 618.90435137879103 153.13339877128601 547.94922526087612 7199.7507763784379 229.95223332941532 79.938662678003311 636.22160359844565 1242.5297250747681 22055.80758733023 6843.3969172984362
leaf_count=64832 5175 677 9018 2289 1295 5513 34414 2598 18237 9590 6198 7329 3259 7460 10426 17518 105 10456 2423 1110 2179 725 2983 31629 715 234 3130 6901 142758 27964
internal_value=0.00125712 0.00159575 0.00546412 0.052128 0.0640594 0.00381692 -0.000645241 0.0111357 -0.0067771 0.0166262 0.0104669 0.00421054 0.0358501 -0.019739 -0.0100072 -0.0121234 -0.00605039 0.0156998 0.00443751 -0.0190913 0.0204446 0.0493684 -0.0005391 -0.00636178 0.0445396 0.00464287 0.0136371 -0.0250576 -0.00224142 -0.00549771
internal_weight=83600.4 82985.8 41324.9 1409 1238.6 39915.9 24797.4 15118.5 17304.1 12001.8 9089.55 7679.46 2912.29 2489.68 3116.71 12964.8 238.045 5189.78 3383.13 1369.74 2013.39 846.533 1166.85 9743.77 1410.09 1228.93 1346.93 2544.02 41660.9 28899.2
internal_count=439140 433965 198411 4366 3689 194045 117717 76328 83303 60174 47325 40412 12849 15023 16154 65066 1400 25389 14933 6623 8310 3148 5162 47548 6913 7563 5728 15919 235554 170722
is_linear=0
shrinkage=0.1


Tree=51
num_leaves=31
num_cat=0
split_feature=9 8 12 2 1 2 4 2 2 2 8 5 8 8 9 9 9 11 8 9 10 8 8 10 5 2 4 11 4 10
split_gain=125.177 271.699 213.456 189.168 287.353 183.995 174.775 166.355 224.581 178.394 279.678 169.046 253.635 174.996 195.449 225.184 227.479 186.2 161.277 155.688 151.433 147.62 191.57 146.613 146.113 251.267 137.405 249.029 155.549 136.21
threshold=-1.9769999999999965 78.946500000000015 -1.4999999999999998 11.500000000000002 1.5000000000000002 6.5000000000000009 39.500000000000007 1.5000000000000002 12.500000000000002 22.500000000000004 101.83850000000001 3.5000000000000004 90.874500000000012 81.97450000000002 1.2485000000000002 5.9415000000000058 9.5580000000000016 0.63944444444444459 100.08050000000001 -5.579499999999995 -143.90399999999997 91.165500000000023 99.756500000000017 -24.138499999999997 2.5000000000000004 9.5000000000000018 30.500000000000004 0.41742424242424242 22.500000000000004 -62.559000000000026
decision_type=2 2 2 2 2 2 2 2 2 2 2 2 2 2 2 2 2 2 2 2 2 2 2 2 2 2 2 2 2 2
left_child=3 2 -2 5 -5 -1 -4 -3 20 10 11 13 -13 -10 17 -16 -17 21 -11 24 -9 -15 26 -8 29 -26 27 28 -23 -7
right_child=1 7 6 4 -6 19 23 8 9 18 -12 12 -14 14 15 16 -18 -19 -20 -21 -22 22 -24 -25 25 -27 -28 -29 -30 -31
leaf_value=0.0069205733259656262 0.037949562980572914 -0.027282981647385407 -0.072138799828451269 0.02280920863602727 0.0010293418060251466 -0.0019884017962400291 0.015844676201149783 0.059824944372452706 0.026472857104705157 0.021353667578004547 0.025339930348378545 -0.052415885402072662 0.06729417938279561 -0.057424722290915775 0.02595896683092988 -0.050001777434705075 -0.0023147417733798649 -0.073319096461876274 -0.018341566036932763 0.013760763541794039 0.0082130790175944293 -0.019061012206924858 -0.072958425534655189 -0.05518559903921752 -0.019821980944981717 0.064552108511086601 0.031682343720054656 -0.10215706965037957 0.054744492206715692 -0.035504046011226448
leaf_weight=9898.2116088867188 360.86499902233481 2212.7010185001418 1162.9586669229902 10837.587355792522 13734.622010052204 1688.2262570559978 621.52570155262947 592.02590560913086 766.40605646464974 3633.3344452530146 1795.8571617007256 264.39761202223599 535.3674091398716 1196.0681787505746 1350.7466214224696 1643.7267837524414 2555.5539462566376 1079.2833342030644 1424.9184198379517 1807.3627490997314 14298.744277568534 1541.6729650571942 512.92876985669136 545.76615557074547 1071.4443952254951 526.34003829956055 706.91667937114835 309.44368597865105 350.47002652660012 4304.0167428143322
leaf_count=38303 1139 20058 14844 34870 66999 7937 2505 1909 4052 14196 11074 2102 2043 14505 5708 9995 12106 13774 12034 6880 76122 17264 6619 6920 3494 1344 2608 3877 1288 22571
internal_value=0.00114021 -0.00294626 -0.0336182 0.00481624 0.0106354 -0.0025942 -0.0447012 -0.000701488 0.00100049 -0.00601409 -0.0116183 -0.0167983 0.0277187 -0.019762 -0.0229126 -0.00955684 -0.0209809 -0.0359243 0.0101715 -0.0126161 0.0102651 -0.0271838 -0.0166121 -0.0173655 -0.018897 0.00797242 -0.00667513 -0.0189915 -0.00539047 -0.0260615
internal_weight=83329.5 39461.7 2691.12 43867.8 24572.2 19295.6 2330.25 36770.6 34557.9 19667.1 14608.8 12813 799.765 12013.2 11246.8 5550.03 4199.28 5696.78 5058.25 9397.39 14890.8 4617.5 3421.43 1167.29 7590.03 1597.78 2908.5 2201.59 1892.14 5992.24
internal_count=439140 256742 25408 182398 101869 80529 24269 231334 211276 133245 107015 95941 4145 91796 87744 27809 22101 59935 26230 42226 78031 46161 31656 9425 35346 4838 25037 22429 18552 30508
is_linear=0
shrinkage=0.1


Tree=52
num_leaves=31
num_cat=0
split_feature=6 11 11 4 5 4 11 5 5 2 5 10 8 1 2 7 1 2 2 10 0 0 0 6 1 9 8 2 2 10
split_gain=126.401 199.435 140.366 512.096 218.38 161.919 449.86 172.899 160.824 146.475 144.77 178.274 161.092 159.394 147.044 146.353 395.008 257.166 164.774 159.937 154.44 211.252 166.635 135.884 134.663 133.3 131.428 130.382 121.627 120.734
threshold=22.500000000000004 0.29198717948717956 0.48025974025974033 34.500000000000007 2.5000000000000004 27.500000000000004 0.3613247863246325 3.5000000000000004 2.5000000000000004 24.500000000000004 1.5000000000000002 -104.39899999999999 78.81750000000001 1.5000000000000002 8.5000000000000018 4.5000000000000009 2.5000000000000004 23.500000000000004 24.500000000000004 -29.220999999999993 92.500000000000014 396.50000000000006 228.50000000000003 16.500000000000004 2.5000000000000004 2.0545000000000049 87.946500000000015 17.500000000000004 19.500000000000004 -33.383000000000095
decision_type=2 2 2 2 2 2 2 2 2 2 2 2 2 2 2 2 2 2 2 2 2 2 2 2 2 2 2 2 2 2
left_child=2 -2 5 25 9 6 7 10 23 -5 11 -1 24 -14 -15 16 17 -13 -19 20 -17 22 -22 -7 29 -4 27 -16 -28 -12
right_child=1 -3 3 4 -6 8 -8 -9 -10 -11 12 15 13 14 26 19 -18 18 -20 -21 21 -23 -24 -25 -26 -27 28 -29 -30 -31
leaf_value=-0.057188258031552856 0.08570623325310997 0.0072051241747609178 -0.10319610521495633 -0.038178468526108726 0.00073620880199963871 -0.011526047827223027 -0.063346225195258107 -0.081551923478540136 0.034617373745613161 0.042381330856384916 -0.031508093923619189 -0.041469741606453864 0.0053455881881730198 0.052189861733392878 -0.0087932691106480439 -0.0096431939952650071 0.028263923362186694 0.084769126025329683 -0.030825920381185042 -0.0072602279765840126 0.025827363864211486 0.002850419382774133 0.080904735349537613 0.022221501267742763 -0.11802294504568389 0.049488376010217792 0.019430253246219765 0.05287119344289154 -0.041739319579851566 0.018389642036538204
leaf_weight=605.96645852923393 330.06597977876663 16601.116762161255 680.69414752721786 2461.3503887122497 11609.208659970202 2572.1703395135701 1119.7751698493958 252.99324133805931 2705.734563793987 248.48257255554199 1192.8586624637246 3633.7091144453734 11056.93531820178 1584.8731225952506 499.08381997421384 2505.0047049336135 1462.730751812458 285.54461145028472 217.04517936706543 9129.3483755923808 2332.4437770843506 3521.6868257522583 718.53273057937622 2225.3713855743408 125.43068927526474 62.423220187425613 694.07831947878003 1095.5840480029583 611.3886491060257 817.07581080775708
leaf_count=4371 1013 80884 9014 10540 51217 7448 9392 1942 8909 744 4818 39169 37306 4276 1502 17295 4529 690 2615 86306 13393 19279 2910 7424 1501 163 2145 2899 2376 3070
internal_value=0.0010271 0.00873547 -0.00094953 -0.00943082 -0.00523029 0.00155701 -0.000784963 0.000869517 0.0151227 -0.0307914 0.00136494 -0.00362573 0.00825696 0.0117954 0.0276962 -0.00226234 -0.0164014 -0.0321965 0.034849 0.0020857 0.0114848 0.0195373 0.0387986 0.00412798 -0.0174971 -0.0903703 0.0143109 0.033572 -0.00921726 -0.0112237
internal_weight=82958.7 16931.2 66027.5 15062.2 14319 50965.4 43462.1 42342.3 7503.28 2709.83 42089.3 24412 17677.3 15541.9 4485.01 23806 5599.03 4136.3 502.59 18207 9077.67 6572.66 3050.98 4797.54 2135.37 743.117 2900.13 1594.67 1305.47 2009.93
internal_count=439140 81897 357243 71678 62501 285565 261784 252392 23781 11284 250450 190557 59893 50504 13198 186186 47003 42474 3305 139183 52877 35582 16303 14872 9389 9177 8922 4401 4521 7888
is_linear=0
shrinkage=0.1


Tree=53
num_leaves=31
num_cat=0
split_feature=1 12 6 11 6 11 6 11 4 11 11 6 8 9 4 8 8 3 2 2 8 1 10 11 5 2 2 9 9 9
split_gain=117.647 114.713 114.325 270.15 108.932 105.138 99.7723 253.362 110.336 161.951 100.707 492.845 100.167 104.093 97.4721 93.9249 193.313 140.261 128.732 152.186 132.286 118.971 106.845 99.9779 94.5946 300.481 275.808 159.675 329.178 397.1
threshold=3.5000000000000004 10.500000000000002 4.5000000000000009 0.05594679186228476 43.500000000000007 0.48025974025974033 7.5000000000000009 0.097391598915989155 7.5000000000000009 0.19264507422402158 0.069605943152454761 5.5000000000000009 71.46050000000001 -6.9905000000000035 14.500000000000002 76.059500000000014 77.929500000000019 1.0000000180025095e-35 19.500000000000004 15.500000000000002 81.97450000000002 1.0000000180025095e-35 -121.12299999999999 0.91967741935483882 2.5000000000000004 1.5000000000000002 24.500000000000004 -0.45050000000000517 -1.0000000180025095e-35 1.0000000180025095e-35
decision_type=2 2 2 2 2 2 2 2 2 2 2 2 2 2 2 2 2 2 2 2 2 2 2 2 2 2 2 2 2 2
left_child=1 2 5 -4 6 -1 8 -8 10 -10 11 -5 13 -9 -11 21 -17 23 19 -19 -20 -14 -21 24 27 -26 -27 -18 -29 -30
right_child=-2 -3 3 4 -6 -7 7 12 9 14 -12 -13 15 -15 -16 16 17 18 20 22 -22 -23 -24 -25 25 26 -28 28 29 -31
leaf_value=-0.0072279076432203914 -0.076161342802941914 0.029564619504409164 0.051551688960801034 -0.033632011230106784 0.036606355805357399 -0.048448770761348181 0.050062176835245768 -0.0055262997626381732 0.036025246661882636 -0.083229316473832651 -0.032060698542583782 0.12081916332404884 0.034986023307532622 -0.064279420100839965 -0.0050439150194336963 -0.021911354503816798 0.0089548359939468723 -0.007679975340164776 0.059625064000615138 -0.098763533222715416 -0.00080191744005155626 -0.0010786683320001137 -0.031170562459796977 -0.039111549567548642 -0.042129566533993933 0.022073398630567783 -0.080766514247053833 -0.037716145864112947 0.068184893635561364 -0.0031723369142865748
leaf_weight=7386.8431649128906 197.51471900939941 1392.7297717183828 1078.2273763176054 863.44847327284515 854.88919834792614 675.33161428943276 1085.6481542866677 875.58781597018242 1027.4460564479232 165.21119282394648 2760.6076308339834 271.58051300048828 1880.6215913556516 459.96008009463549 4573.8457164727151 3479.1871877610683 18050.71713405475 4846.8433180525899 454.00856656581163 286.71806716918945 1793.280721001327 1780.8665930964053 1268.4456253051758 513.13763321470469 878.54272699542344 8949.3132959604263 268.61289978027344 2554.7533728647977 838.55344475340098 11144.552550565451
leaf_count=65190 1355 5242 2966 7130 4194 5559 2763 3013 2519 845 26180 873 5611 4251 15880 20140 75541 14875 1009 933 6231 9189 3987 6845 6143 36395 1848 33736 3486 65211
internal_value=0.000923962 0.0011086 0.000619729 0.00186769 0.00112289 -0.0106808 0.000696074 0.00218227 -0.00874971 3.35548e-05 -0.0217511 0.00332381 0.00132058 -0.0257608 -0.00776958 0.00193372 0.000907197 0.00243842 -0.00918536 -0.0164135 0.0114058 0.017445 -0.0436324 0.00476577 0.00529324 0.0137508 0.0190766 0.00267297 -0.00512682 0.0018211
internal_weight=82657 82459.5 81066.8 73004.6 71926.4 8062.17 71071.5 61409.4 9662.14 5766.5 3895.64 1135.03 60323.7 1335.55 4739.06 58988.2 55326.7 51847.5 8649.3 6402.01 2247.29 3661.49 1555.16 43198.2 42685 10096.5 9217.93 32588.6 14537.9 11983.1
internal_count=439140 437785 432543 361794 358828 70749 354634 301207 53427 19244 34183 8003 298444 7264 16725 291180 276380 256240 27035 19795 7240 14800 4920 229205 222360 44386 38243 177974 102433 68697
is_linear=0
shrinkage=0.1


Tree=54
num_leaves=31
num_cat=0
split_feature=6 4 11 4 5 8 2 8 2 4 4 10 10 2 8 2 2 11 1 9 1 12 5 10 7 4 2 2 2 10
split_gain=108.744 265.481 120.67 323.444 204.683 114.522 130.675 128.966 123.542 193.216 115.281 111.05 146.663 114.656 104.155 102.073 101.629 99.1753 121.931 94.6379 93.8612 93.367 92.413 168.373 123.488 119.478 119.714 147.392 128.495 145.146
threshold=19.500000000000004 19.500000000000004 0.48025974025974033 34.500000000000007 2.5000000000000004 92.321000000000012 16.500000000000004 98.149500000000018 13.500000000000002 26.500000000000004 32.500000000000007 -21.128999999999994 -11.505499999999996 18.500000000000004 103.23250000000002 23.500000000000004 24.500000000000004 0.61620294599018022 2.5000000000000004 2.0545000000000049 2.5000000000000004 13.500000000000002 1.5000000000000002 -110.75649999999999 1.5000000000000002 19.500000000000004 1.0000000180025095e-35 4.5000000000000009 9.5000000000000018 -18.569999999999975
decision_type=2 2 2 2 2 2 2 2 2 2 2 2 2 2 2 2 2 2 2 2 2 2 2 2 2 2 2 2 2 2
left_child=2 -2 21 19 16 6 8 -7 9 -3 14 13 -13 -8 -9 -6 -5 -10 -19 -4 -11 22 23 -1 -25 26 -26 -28 -29 -30
right_child=1 5 3 4 15 7 11 10 17 20 -12 12 -14 -15 -16 -17 -18 18 -20 -21 -22 -23 -24 24 25 -27 27 28 29 -31
leaf_value=-0.069393678724203031 0.075800540323951365 -0.036244257596502648 -0.094929591914250544 -0.048997786050797208 0.0010248171971967974 0.027649102750702273 0.047710355056386981 -0.039353830239968995 -0.0093453576160090479 0.006858059526011661 0.016471543758911585 -0.051775109544709666 0.015040705701612152 0.0080133734890866989 0.011149438596086393 -0.042997312972483055 0.037514276856983018 -0.075357614727421141 0.02665055587076004 0.047778970430733814 -0.062202190616520797 0.062480143076223828 0.0047837835166877974 -0.035594480176527804 -0.056260166133377788 0.14230639491002059 0.015614922708586464 -0.024098146101283011 0.0078885411665367677 -0.013686683148225791
leaf_weight=388.48725884407759 541.58372364938259 1341.9680966027081 538.30882929638028 1392.1272085793316 9454.9538183733821 3898.2939214147627 1295.1500707231462 963.13531079888344 1006.6911383066326 7238.4082373306155 2329.9627936780453 506.61628389358521 934.514115229249 1660.3011660017073 708.94582557678223 557.77627012878656 150.46555709838867 642.42729579471052 143.31889200210571 50.859584681689739 202.30254988372326 244.53715848922729 24332.046770706773 1102.015863772016 393.65574928373098 57.821164924651384 4398.83017051965 2900.8262104950845 7730.1191822197288 5226.2963446415961
leaf_count=3061 1906 8466 7731 6097 40719 21145 5286 5254 5113 32388 10986 5411 4855 6305 2765 3401 434 2711 344 136 1620 874 85245 10557 6117 315 22929 29323 47627 60019
internal_value=0.000836029 0.00660117 -0.00145496 -0.0103365 -0.00665147 0.00496261 -0.000177581 0.0147036 -0.00620145 -0.0013186 0.00209377 0.0143116 -0.00844779 0.0254095 -0.0179409 -0.00142751 -0.0405593 -0.0301267 -0.0567515 -0.0826104 0.00498041 0.000851027 0.000527137 -0.00413872 -0.00297635 -0.00124048 -0.00164242 -0.000580983 -0.00507376 -0.000814369
internal_weight=82332.7 23413.6 58919.1 12144.5 11555.3 22872 14971.7 7900.34 10575.1 8782.68 4002.04 4396.58 1441.13 2955.45 1672.08 10012.7 1542.59 1792.44 785.746 589.168 7440.71 46774.6 46530.1 22198.1 21809.6 20707.5 20649.7 20256.1 15857.2 12956.4
internal_count=439140 114555 324585 58518 50651 112649 72499 40150 50642 42474 19005 21857 10266 11591 8019 44120 6531 8168 3055 7867 34008 266067 265193 179948 176887 166330 166015 159898 136969 107646
is_linear=0
shrinkage=0.1


Tree=55
num_leaves=31
num_cat=0
split_feature=6 11 6 11 4 6 11 4 8 4 11 4 11 6 10 6 11 4 4 6 1 2 8 11 4 8 10 2 2 5
split_gain=104.917 104.213 99.8956 241.378 112.994 87.289 313.034 130.206 98.9108 96.2416 303.338 188.417 131.892 363.343 79.5571 76.0906 321.684 89.8662 105.428 100.453 87.891 159.351 109.147 123.386 176.779 109.794 274.255 155.03 143.768 323.906
threshold=1.5000000000000002 0.013986697965569402 4.5000000000000009 0.05594679186228476 1.5000000000000002 10.500000000000002 0.13888888888888948 7.5000000000000009 71.46050000000001 10.500000000000002 0.19727575982207463 14.500000000000002 0.097391598915989155 7.5000000000000009 -197.09599999999998 13.500000000000002 0.18105242566510174 13.500000000000002 10.500000000000002 14.500000000000002 1.0000000180025095e-35 1.5000000000000002 75.631500000000017 0.69504830917874405 50.500000000000007 87.383500000000012 -23.215 11.500000000000002 9.5000000000000018 2.5000000000000004
decision_type=2 2 2 2 2 2 2 2 2 2 2 2 2 2 2 2 2 2 2 2 2 2 2 2 2 2 2 2 2 2
left_child=-1 -2 -3 4 -4 9 7 -7 14 12 -11 -12 13 -5 -8 -10 17 18 -17 -19 22 -22 -18 25 -25 26 27 28 -24 -30
right_child=1 2 3 5 -6 6 8 -9 15 10 11 -13 -14 -15 -16 16 20 19 -20 -21 21 -23 23 24 -26 -27 -28 -29 29 -31
leaf_value=-0.041833520915054559 0.045544041357352918 -0.010494790988006141 -0.1281300223836252 -0.015678597171926125 0.05481269597966279 -0.033720776688999823 -0.14398445846355387 0.073815859175169043 -0.00477069277901878 0.044329742052661332 -0.1147025129483885 -0.0027980053369901742 -0.025718263227506123 0.05166815933548944 -0.021417259941147029 -0.074330315946530515 0.039240648259885026 -0.037530759481994379 0.075027187263224923 0.12519935484408326 -0.058014167193997684 -0.00045019573161837615 0.0075768108613562665 -0.057028919826366688 -0.00019170720687391765 0.016702852038225271 -0.02706035395645567 0.029112680241476226 -0.094042597637338715 0.089440793536810836
leaf_weight=574.46178959077224 523.09034031815827 7180.0957930218428 34.893294354900718 3673.1621449813247 1041.0243092477322 129.90559999458492 55.881354838609695 844.94684313237667 10220.116248205304 1451.9042288903147 152.66238663159311 10437.582376943901 3988.3147639334202 1024.5403366088867 1012.2727554831654 49.694195650517941 1031.0711778700352 175.26258219778538 965.15312194824219 48.412034809589386 495.55922591686249 16256.153865337372 1969.1101430188864 678.60034062713385 2826.6122521162033 9357.674048319459 2452.4332716241479 2878.9008552301675 409.06246528029442 125.79924431443214
leaf_count=18440 1446 52569 179 29106 2785 475 221 2099 51813 3450 1015 35831 35844 2586 5687 306 3312 1249 2269 103 3794 87488 6645 11572 14017 37196 15582 10074 1657 330
internal_value=0.000752575 0.00105279 0.000765347 0.00186106 0.0488796 0.00116531 0.00335323 0.0594859 0.00228044 -0.00432161 0.00146547 -0.00441115 -0.0123447 -0.000990679 -0.0278295 0.00292445 0.00490447 0.0550675 0.0677136 -0.00230953 0.00328996 -0.00215309 0.00748616 0.00590432 -0.0111952 0.00939049 0.000657367 0.0132855 -0.00491145 -0.0508874
internal_weight=82064.4 81489.9 80966.8 73786.7 1075.92 72710.8 51982.6 974.852 51007.8 20728.2 12042.1 10590.2 8686.02 4697.7 1068.15 49939.6 39719.5 1238.52 1014.85 223.675 38481 16751.7 21729.3 20698.2 3505.21 17193 7835.31 5382.87 2503.97 534.862
internal_count=439140 420700 419254 366685 2964 363721 255889 2574 253315 107832 40296 36846 67536 31692 5908 247407 195594 3927 2575 1352 191667 91282 100385 97073 25589 71484 34288 18706 8632 1987
is_linear=0
shrinkage=0.1


Tree=56
num_leaves=31
num_cat=0
split_feature=5 1 6 6 8 9 9 9 9 9 10 9 10 10 5 11 9 6 12 4 9 10 8 10 2 4 11 2 7 11
split_gain=99.059 96.5478 87.0906 84.1718 99.9076 191.682 220.76 260.897 482.183 489.94 345.831 198.68 198.102 200.258 223.971 227.703 164.382 156.157 146.344 142.633 130.487 148.899 125.724 124.753 115.67 113.826 134.401 105.866 109.616 104.706
threshold=4.5000000000000009 3.5000000000000004 38.500000000000007 1.5000000000000002 105.66100000000002 5.9415000000000058 2.0545000000000049 1.0000000180025095e-35 -1.0000000180025095e-35 -0.19749999999999798 -81.837499999999949 9.8685000000000063 -21.812000000000126 5.0050000000000106 1.5000000000000002 0.12588028169014087 0.29899999999999954 4.5000000000000009 -1.0000000180025095e-35 23.500000000000004 1.9234999999999969 -29.220999999999993 90.236500000000021 -8.0989999999999949 20.500000000000004 42.500000000000007 0.75162337662337675 18.500000000000004 4.5000000000000009 0.44884877027734177
decision_type=2 2 2 2 2 2 2 2 2 2 2 2 2 2 2 2 2 2 2 2 2 2 2 2 2 2 2 2 2 2
left_child=1 2 3 -1 5 6 7 8 9 -5 -9 24 -8 14 15 -14 25 -10 -11 -20 21 -6 -13 -17 27 -12 -27 -7 -29 -23
right_child=-2 -3 -4 4 20 11 12 10 17 18 16 22 13 -15 -16 23 -18 -19 19 -21 -22 29 -24 -25 -26 26 -28 28 -30 -31
leaf_value=-0.038458368725148691 -0.03995211788042452 -0.070854586605423556 0.022736356816249272 0.0030846353984283095 0.042111237478391211 -0.028878480771301635 0.0054016810351213357 0.057096808819806222 -0.0010155325490173459 0.011479066622683293 -0.066929858726062275 0.026073542834221631 0.016818944172121403 0.0001051469667127418 0.041905727731639704 0.10368477375218142 -0.014111022415936807 0.061693218219218575 -0.070184578674225798 -0.02659781223109477 0.023383398279397428 -0.0078034323182934948 -0.010519794351359161 0.23825017187417005 0.036953635817301517 0.044075052564752019 -0.058754922114777321 -0.14407143976150219 -0.051346420311182063 -0.068339394629485531
leaf_weight=546.51305709546432 595.47970804199576 186.65150270983577 1826.6980503946543 48016.255542360246 485.19926369190216 2150.8776290267706 2326.6068487167358 509.78243017196655 513.57739531155676 598.21146829798818 1401.3639253694564 1181.2868347167969 117.18251361697912 544.349693775177 768.13563534617424 117.62178809195757 2783.6404194831848 1751.0158727169037 1175.0597896268591 2079.2924352735281 4149.502908706665 1344.9263110961765 4575.5053548812866 166.30194513499737 210.62297093868256 233.71129814535379 278.64961759746075 168.12500703334808 527.50366151332855 362.79616305790842
leaf_count=18224 5175 1329 9452 206909 1661 10961 9551 1544 4053 2306 24822 4295 711 2585 2128 381 15872 6850 22129 26213 15652 8182 21722 319 653 1405 5860 1183 3124 3889
internal_value=0.000685176 0.000983568 0.00114929 0.000650666 0.000922813 -0.000134338 0.00178718 0.00024723 0.00230372 0.00033168 -0.021132 -0.0139519 0.0244052 0.0502071 0.0735325 0.134099 -0.0296218 0.0474718 -0.0339797 -0.0423358 0.0129562 -0.00677451 -0.00301089 0.182503 -0.0345547 -0.0521832 -0.0118495 -0.0398459 -0.0737569 -0.020664
internal_weight=81692.4 81097 80910.3 79083.6 78537.1 72194.7 63380.8 59340.6 54133.4 51868.8 5207.15 8813.92 4040.2 1713.59 1169.24 401.106 4697.37 2264.59 3852.56 3254.35 6342.42 2192.92 5756.79 283.924 3057.13 1913.72 512.361 2846.51 695.629 1707.72
internal_count=439140 433965 432636 423184 404960 375576 333638 317963 268460 257557 49503 41938 15675 6124 3539 1411 47959 10903 50648 48342 29384 13732 26017 700 15921 32087 7265 15268 4307 12071
is_linear=0
shrinkage=0.1


Tree=57
num_leaves=31
num_cat=0
split_feature=6 4 5 11 4 6 4 5 11 4 11 10 8 8 10 6 3 0 11 0 0 11 4 5 7 2 2 11 3 5
split_gain=84.2494 378.327 97.267 110.924 328.952 106.245 141.918 99.95 142.848 92.2351 92.2526 91.65 112.475 110.755 177.306 123.916 87.8646 90.8233 129.592 104.705 88.6942 85.2403 293.105 176.172 77.4917 76.7508 86.8896 98.2094 111.708 115.267
threshold=17.500000000000004 17.500000000000004 1.5000000000000002 0.62537500000000013 44.500000000000007 18.500000000000004 18.500000000000004 3.5000000000000004 0.44529914529914533 13.500000000000002 0.23746867167919791 -8.3855000000000128 92.95750000000001 96.628500000000017 22.698500000000006 23.500000000000004 1.0000000180025095e-35 584.50000000000011 0.87119815668202782 34.500000000000007 311.50000000000006 0.46756905066764226 33.500000000000007 2.5000000000000004 4.5000000000000009 23.500000000000004 22.500000000000004 0.80131578947368431 1.0000000180025095e-35 3.5000000000000004
decision_type=2 2 2 2 2 2 2 2 2 2 2 2 2 2 2 2 2 2 2 2 2 2 2 2 2 2 2 2 2 2
left_child=21 9 5 7 -5 -3 -7 -4 -9 -2 -11 24 -13 15 -15 -14 17 18 20 -20 -6 -1 -23 -24 -8 26 27 28 -25 -30
right_child=1 2 3 4 16 6 11 8 -10 10 -12 12 13 14 -16 -17 -18 -19 19 -21 -22 22 23 25 -26 -27 -28 -29 29 -31
leaf_value=0.00030180629323451377 -0.0015139447742482236 -0.046159574301069581 0.014674361367607209 -0.081222588342929947 0.0079336565636961617 0.07977899122381972 -0.038248822489307707 -0.13447954545640259 0.0074974905853168843 0.11555406603737335 -0.011259380643961002 -0.0081094118586146815 0.004409857853524427 0.10693421792799565 -0.016989931434278609 0.13546590929173899 -0.01908356092541481 0.020275779689665901 0.0080704249161093443 -0.084013420414525045 -0.11111414445169168 -0.085991409663293925 -0.041552610491928849 0.010238996186099249 -0.0065596866893247773 -0.039488331220417297 0.026760851625764016 -0.045171378292875472 -0.0064491729088060612 -0.061259172717693572
leaf_weight=42373.561685289489 109.61058779060841 618.96310660615563 11446.998887405731 492.17234896402806 2677.9832133240998 201.53042648732662 997.78053884021938 109.89029696583748 199.55325436592102 452.07082693744451 65.702381680719554 1271.332259805873 115.01232406497002 152.93640613555908 471.08925747871399 193.57395556569099 1459.9171823747456 3130.6447305679321 198.89341370016336 325.66676163673401 64.079970836639404 480.31578797101974 1234.9871174334548 4267.3344360594638 3405.3175577744842 498.32859545946121 1127.6186092495918 514.55808252096176 2313.235586874187 459.99335311166942
leaf_count=246733 440 5227 47288 6782 11806 631 6120 879 1117 1201 483 8486 1132 701 2248 994 4354 13709 1210 5929 1064 6842 5089 17430 18439 2994 3973 6893 6932 2014
internal_value=0.000611984 0.00503592 0.00328628 0.00689884 -0.00191498 -0.00649266 -0.00288657 0.0131584 -0.0429217 0.0818206 0.0994622 -0.00540806 0.0112392 0.037615 0.0133814 0.0866204 0.00305283 0.00810456 -0.00356001 -0.0490987 0.0051516 -0.00172669 -0.00961508 -0.00609313 -0.0137407 -0.00132332 0.000867087 -0.00299761 8.46456e-05 -0.0155405
internal_weight=81430.7 28160.7 27533.3 20105.8 8349.36 7427.54 6808.57 11756.4 309.444 627.384 517.773 6607.04 2203.94 932.612 624.026 308.586 7857.19 6397.27 3266.62 524.56 2742.06 53269.9 10896.4 10416.1 4403.1 9181.07 8682.74 7555.12 7040.56 2773.23
internal_count=439140 140240 138116 94138 44854 43978 38751 49284 1996 2124 1684 38120 13561 5075 2949 2126 38072 33718 20009 7139 12870 298900 52167 45325 24559 40236 37242 33269 26376 8946
is_linear=0
shrinkage=0.1


Tree=58
num_leaves=31
num_cat=0
split_feature=12 12 12 9 9 9 9 10 10 4 2 9 11 4 11 8 6 11 4 10 10 2 8 11 3 10 10 2 2 10
split_gain=82.9954 86.1362 229.623 223.035 321.678 401.068 277.772 217.387 181.835 155.522 146.815 127.554 126.299 164.424 194.125 132.163 123.912 111.25 223.769 109.886 97.234 129.755 92.4699 90.5163 90.1026 98.9309 95.5248 96.0359 88.4428 110.518
threshold=12.500000000000002 -1.4999999999999998 1.0000000180025095e-35 2.0545000000000049 1.0000000180025095e-35 -1.0000000180025095e-35 -2.6814999999999993 -75.316000000000017 -1.0000000180025095e-35 24.500000000000004 23.500000000000004 5.5595000000000008 0.79193722943722955 45.500000000000007 0.62537500000000013 78.81750000000001 30.500000000000004 0.46211251435132034 33.500000000000007 1.0000000180025095e-35 -61.749000000000002 13.500000000000002 71.145500000000013 0.039736842105263161 1.0000000180025095e-35 1.0000000180025095e-35 -9.0935000000000752 24.500000000000004 19.500000000000004 -81.837499999999949
decision_type=2 2 2 2 2 2 2 2 2 2 2 2 2 2 2 2 2 2 2 2 2 2 2 2 2 2 2 2 2 2
left_child=1 20 3 4 5 6 -3 -6 -7 23 -9 -5 13 14 15 -11 22 -17 -19 -10 21 -1 -4 -8 25 26 27 -22 -23 -30
right_child=-2 2 16 11 7 8 9 10 19 12 -12 -13 -14 -15 -16 17 -18 18 -20 -21 24 28 -24 -25 -26 -27 -28 -29 29 -31
leaf_value=0.0072696772550768611 0.038863973932035306 -0.00088617160466175182 -0.035322914958355899 0.043759813220424666 0.065467226504729067 0.069649660161280935 0.063333064216174254 -0.05959708981196498 -0.024043500300267747 -0.070997315511864639 0.015683373092930428 0.00041626192974465731 -0.053848316168414026 0.032161251945759889 -0.097577615338633572 0.039550819295447785 0.025935836811731033 -0.092188765539571754 0.014677670312566438 0.077879889409816799 0.014118303726149223 -0.042870017500929891 0.0021353162145385722 -0.057173334954297918 -0.0022785201310469229 -0.0053394535942976849 0.038143941031036577 -0.050772368033653495 0.020850392373711016 -0.043001373525406436
leaf_weight=2864.1012325286865 561.43984778225422 6625.7930330485106 672.69991083443165 975.25301945209503 167.62860727310181 872.32600310444832 64.382972548250109 2497.119117602706 476.7556823187042 296.70376403257251 289.05082054436207 2234.7945365905762 788.88517674757168 731.58786527067423 298.75271491566673 514.3611775948666 2189.8533323407173 284.49549448909238 629.45243512094021 135.93911637365818 9921.745965719223 1235.7687301635742 32434.329663261771 1956.0391813046299 5816.0286481184885 2566.4122171401978 1714.7845063405111 233.43652081489563 690.37521743774414 446.32052421569824
leaf_count=12373 2031 30222 3124 3429 502 5097 752 37419 7110 3728 3639 10195 13319 3762 5466 3024 9053 4758 3047 620 41628 5880 145916 33654 21580 13805 7657 1477 2586 2287
internal_value=0.000548996 0.000282187 -0.00194018 -0.010548 -0.0152065 -0.0087426 -0.0147197 -0.0451329 0.0403235 -0.0311913 -0.0517871 0.0135846 -0.018569 -0.00846823 -0.0231557 -0.0102667 0.00289803 0.00234894 -0.0185879 -0.00142967 0.00508947 -0.00705694 0.0013742 -0.0533333 0.00823011 0.0124638 0.016313 0.0126267 -0.0243524 -0.00422083
internal_weight=81186.6 80625.2 55136.2 19839.3 16629.3 13675.5 12190.5 2953.8 1485.02 5564.66 2786.17 3210.05 3544.24 2755.35 2023.77 1725.01 35296.9 1428.31 913.948 612.695 25489 5236.57 33107 2020.42 20252.4 14436.4 11870 10155.2 2372.46 1136.7
internal_count=439140 437109 327836 169743 156119 114559 101732 41560 12827 71510 41058 13624 37104 23785 20023 14557 158093 10829 7805 7730 109273 23126 149040 34406 86147 64567 50762 43105 10753 4873
is_linear=0
shrinkage=0.1


Tree=59
num_leaves=31
num_cat=0
split_feature=1 5 6 11 4 11 6 6 11 5 4 6 11 4 11 4 11 6 4 3 8 4 11 9 5 5 11 4 6 9
split_gain=82.3208 77.1627 75.0502 177.934 163.339 98.404 88.0983 84.6857 189.976 99.7776 86.9322 77.6966 262.681 149.601 109.339 107.521 99.1404 307.51 94.6176 75.5507 104.567 102.086 514.935 210.743 184.448 136.915 139.582 362.15 188.123 131.679
threshold=3.5000000000000004 4.5000000000000009 2.5000000000000004 0.027973395931138855 1.5000000000000002 0.014389233954451302 3.5000000000000004 3.5000000000000004 0.043167701863354009 1.5000000000000002 2.5000000000000004 6.5000000000000009 0.083920187719298212 6.5000000000000009 0.19264507422402158 13.500000000000002 0.069605943152454761 5.5000000000000009 3.5000000000000004 1.0000000180025095e-35 71.671500000000023 32.500000000000007 0.44529914529914533 2.0545000000000049 3.5000000000000004 3.5000000000000004 0.56956944444444446 41.500000000000007 20.500000000000004 2.2704999999999989
decision_type=2 2 2 2 2 2 2 2 2 2 2 2 2 2 2 2 2 2 2 2 2 2 2 2 2 2 2 2 2 2
left_child=1 2 -1 4 5 -4 -6 9 10 -5 -9 13 -13 16 -15 -16 17 -10 -19 20 -14 22 24 -24 -22 26 -23 29 -29 -28
right_child=-2 -3 3 7 6 -7 -8 8 11 -11 -12 12 19 14 15 -17 -18 18 -20 -21 21 25 23 -25 -26 -27 27 28 -30 -31
leaf_value=-0.017591585222208446 -0.066838174462453978 -0.035748651326885338 0.029560540455758968 -0.046347575390384345 0.17900879066863504 -0.11345666964579991 0.066514177625993126 -0.055253236520288573 -0.022957440788243015 -0.002449135177526738 0.069578974074511843 0.052172411766633321 -0.028836737093289402 0.027985611612189033 -0.12518155655409363 -0.0025939029519616939 -0.042291028764089633 -0.09401914626365343 0.10326366045245863 -0.0057644357041950417 0.0032589632842801976 0.017129086615101739 -0.088250520559687795 0.076390356164668979 -0.077442312807295743 0.033131405875399644 -0.082261018013926823 -0.019491006922761595 0.013491615011010514 0.049397907358762157
leaf_weight=2135.8709885810968 181.20299744606018 578.58502717502415 346.63744194060564 805.96949960663915 108.73460929468274 55.863400340080261 193.49943705275655 62.066067151725292 2145.8698900267482 1447.9617173671722 551.36076578497887 1039.6165726650506 1003.6867254693061 1348.1605359669775 72.791143843904138 4190.3428445905447 1517.9113457500935 26.709209471940994 270.69069287180901 11697.825762294233 31223.122002535965 7080.994548138231 842.31477272557095 85.651566311717033 285.8055125195533 2190.9634628295898 677.47482050210238 2390.2872268147767 6253.5726634152234 85.559475526213646
leaf_count=32990 1355 5149 1038 11268 364 490 457 247 17817 6430 1461 2708 6813 3499 492 15262 17168 191 797 36311 170411 26078 11903 205 2263 9781 9303 14096 32566 227
internal_value=0.00048819 0.000639334 0.000902052 0.00140845 0.0514287 0.00971107 0.106986 0.000952405 0.00152605 -0.0181465 0.0569485 0.00106927 0.00231053 -0.00734071 0.00316284 -0.00468703 -0.0222197 -0.00975019 0.0855459 0.00149825 0.00312831 0.00375596 0.000364702 -0.0730541 0.00252695 0.00964508 0.00652414 -0.00145868 0.00437093 -0.067498
internal_weight=80897.1 80715.9 80137.3 78001.4 704.735 402.501 302.234 77296.7 75042.8 2253.93 613.427 74429.4 64856.9 9572.48 5611.29 4263.13 3961.18 2443.27 297.4 63817.3 52119.4 51115.7 32436.9 927.966 31508.9 18678.9 16487.9 9406.89 8643.86 763.034
internal_count=439140 437785 432636 399646 2349 1528 821 397297 379599 17698 1708 377891 322665 55226 19253 15754 35973 18805 988 319957 283646 276833 184782 12108 172674 92051 82270 56192 46662 9530
is_linear=0
shrinkage=0.1


Tree=60
num_leaves=31
num_cat=0
split_feature=12 1 6 11 4 8 2 7 7 2 8 5 1 10 9 7 10 10 8 2 10 8 10 1 2 8 8 10 5 10
split_gain=70.5018 71.729 70.2102 244.762 114.816 99.0835 168.145 156.904 128.027 108.566 134.231 120.04 157.335 139.754 107.492 193.971 116.674 104.913 158.396 107.209 147.885 104.616 122.059 163.518 104.183 102.303 97.0882 92.3847 89.6547 88.0288
threshold=13.500000000000002 3.5000000000000004 10.500000000000002 0.13888888888888948 7.5000000000000009 92.321000000000012 16.500000000000004 12.500000000000002 8.5000000000000018 21.500000000000004 99.756500000000017 2.5000000000000004 1.0000000180025095e-35 -9.8659999999999908 5.9415000000000058 9.5000000000000018 -55.260500000000008 -174.33299999999997 74.264500000000012 15.500000000000002 -130.98249999999996 83.493500000000012 -24.849499999999995 1.0000000180025095e-35 20.500000000000004 86.07050000000001 104.55400000000002 -16.211999999999993 2.5000000000000004 -143.90399999999997
decision_type=2 2 2 2 2 2 2 2 2 2 2 2 2 2 2 2 2 2 2 2 2 2 2 2 2 2 2 2 2 2
left_child=1 2 -1 4 -4 6 7 17 29 11 -11 13 -13 14 15 -7 -17 18 -5 -19 -21 22 -10 -24 26 -22 -16 28 -12 -8
right_child=-2 -3 3 5 -6 9 8 -9 21 10 27 12 -14 -15 24 16 -18 19 -20 20 25 -23 23 -25 -26 -27 -28 -29 -30 -31
leaf_value=-0.0035059048272981412 0.049090850129687051 -0.063999219546671746 -0.028383097072227911 -0.11942268732538695 0.067239085114545655 0.025478548375958206 -0.043107247477191205 0.0052753420195384192 0.023773895674079219 0.011437601298171949 -0.0289599160757949 0.039329028883169574 -0.005422352576616025 0.021448065302097311 -0.035407426611726606 0.022384856218031997 -0.026322400173738353 -0.011368614886313362 0.031806589802062121 -0.21805339369625312 -0.036458329451679185 -0.021802457585662818 -0.059309843370512774 0.018120579764910411 0.090585779122642957 0.094949331048987284 0.0057916125171290321 0.0056248698425238226 -0.097381683849991699 0.024605698894233068
leaf_weight=29277.907133776927 296.717105217278 173.35613759607077 148.39612777158618 75.369333356618881 816.34824803471565 2661.4569306075573 201.04972553253174 7147.9561097277328 1991.0815471410751 1873.6894193887711 1118.9331796430051 2715.381820935756 1105.4478769302368 3896.0780434533954 1715.8197244405746 671.65609875321388 1836.5245713293552 11116.006606535055 854.21572478115559 43.853836059570312 1912.8698578793555 1711.9489345550537 508.38443476706743 588.39804082363844 85.414607524871826 61.137747524306178 858.03398311138153 633.24351179599762 231.05162999406457 4261.1775099933147
leaf_count=181650 1063 1351 542 309 2076 12862 782 31410 7292 8417 6088 12107 5139 24684 8390 2633 11383 61511 2659 212 10516 7534 4075 3591 323 232 3169 4859 1959 20322
internal_value=0.00043581 0.000256007 0.000395038 0.00264149 0.0525306 0.00167649 -0.00188002 -0.00678853 0.00936117 0.00726227 -0.00775541 0.0109882 0.0263815 0.00597191 -0.00172984 0.00667421 -0.0132793 -0.0129202 0.0195452 -0.015218 -0.0364235 -0.00197487 0.00901778 -0.0177702 -0.0180674 -0.0323885 -0.0216731 -0.0258883 -0.0406704 0.0215548
internal_weight=80588.9 80292.2 80118.8 50840.9 964.744 49876.2 30473.4 21211.4 9262.04 19402.7 3856.92 15545.8 3820.83 11725 7828.91 5169.64 2508.18 14063.5 929.585 13133.9 2017.86 4799.81 3087.86 1096.78 2659.27 1974.01 2573.85 1983.23 1349.98 4462.23
internal_count=439140 438077 436726 255076 2618 252458 150445 106849 43596 102013 21323 80690 17246 63444 38760 26878 14016 75439 2968 72471 10960 22492 14958 7666 11882 10748 11559 12906 8047 21104
is_linear=0
shrinkage=0.1


Tree=61
num_leaves=31
num_cat=0
split_feature=6 11 6 11 11 2 1 2 5 6 11 3 1 8 10 5 6 11 4 2 8 7 5 8 2 8 2 12 8 8
split_gain=67.4479 79.1471 71.1812 163.387 116.281 69.4427 66.2242 128.377 145.095 97.3266 239.031 102.801 333.149 100.064 191.826 124.513 107.78 199.381 100.252 99.9591 153.013 137.399 96.3503 172.44 252.031 179.761 263.439 156.49 152.722 136.948
threshold=1.5000000000000002 0.014389233954451302 3.5000000000000004 0.043167701863354009 0.020204081632653054 1.0000000180025095e-35 1.0000000180025095e-35 1.5000000000000002 3.5000000000000004 6.5000000000000009 0.083920187719298212 1.0000000180025095e-35 1.5000000000000002 77.871500000000012 120.49650000000001 3.5000000000000004 9.5000000000000018 0.12793235133660666 6.5000000000000009 8.5000000000000018 71.964500000000015 9.5000000000000018 2.5000000000000004 91.451000000000008 24.500000000000004 82.228500000000011 9.5000000000000018 -1.4999999999999998 76.842500000000015 101.37700000000002
decision_type=2 2 2 2 2 2 2 2 2 2 2 2 2 2 2 2 2 2 2 2 2 2 2 2 2 2 2 2 2 2
left_child=-1 -2 -3 4 -4 -6 22 8 -8 -9 -11 13 -13 14 19 16 -15 18 -18 20 21 -12 -5 25 -25 26 28 -27 -24 -26
right_child=1 2 3 6 5 -7 7 9 -10 10 11 12 -14 15 -16 -17 17 -19 -20 -21 -22 -23 23 24 29 27 -28 -29 -30 -31
leaf_value=-0.035370531791559724 0.038089785605269759 -0.013091442948810275 -0.10778401852371025 0.00016104373722588246 -0.18187515745371832 0.057420969729163975 -0.016665303988817541 -0.014196128436181139 -0.099261261312811697 0.05133373590844427 -0.060373337045017406 -0.11716680962270738 -0.0074464692757900798 -0.014845475320950581 0.12673838940046189 0.032946694445110364 -0.12782855699500503 0.0029558213667999246 0.065173071636177013 -0.030616574964432271 0.052753730695101891 0.031912987292860975 0.012977124513061626 0.032323990919552618 0.023008044273469652 0.015966600065399482 0.043545057743301301 -0.03455035606378936 -0.042762481681311117 -0.11108834147939817
leaf_weight=523.76527406880632 560.14218675717711 3744.0232442207634 47.206133686006069 25493.348111204803 12.316886410117148 786.84830142557621 1134.8509854115546 5013.5541674792767 261.73720723390579 909.16332668904215 404.6189948450774 298.50973205454648 3793.7433109730482 3207.9263187181205 93.655042886734009 1390.3307654391974 28.039434849284589 17860.541795198806 670.29025268554688 2218.3023173352703 430.70867824554443 268.30473730713129 1231.2298651710153 4339.4788570404053 123.88765282928944 904.05692945420742 1750.7691581882536 1906.1331340223551 818.22861242294312 197.68528990447521
leaf_count=18440 1657 32692 408 107951 63 2114 10057 37918 2070 2397 3384 1329 14204 24602 283 5828 171 102666 1751 15355 2360 1699 5402 17727 639 2570 6369 11903 3966 1165
internal_value=0.000397655 0.000632125 0.000367672 0.00103426 0.0447243 0.0537329 0.000539567 -0.00238876 -0.0321448 -0.00125294 0.000802261 -0.000695909 -0.01545 0.00157626 -0.014402 0.00393299 0.00207977 0.00500533 0.0574236 -0.0183812 0.00621194 -0.0235774 0.00356503 0.011264 0.025994 0.000877829 0.0150585 -0.0182987 -0.00927643 -0.059427
internal_weight=80423.4 79899.6 79339.5 75595.5 846.371 799.165 74749.1 37984.3 1396.59 36587.7 31574.1 30665 4092.25 26572.7 3415.59 23157.1 21766.8 18558.9 698.33 3321.93 1103.63 672.924 36764.8 11271.5 4661.05 6610.42 3800.23 2810.19 2049.46 321.573
internal_count=439140 420700 419043 386351 2585 2177 383766 226074 12127 213947 176029 173632 15533 158099 23081 135018 129190 104588 1922 22798 7443 5083 157692 49741 19531 30210 15737 14473 9368 1804
is_linear=0
shrinkage=0.1


Tree=62
num_leaves=31
num_cat=0
split_feature=6 5 12 5 7 1 2 2 10 8 9 7 2 9 10 10 7 11 4 9 9 10 3 7 2 9 8 5 10 10
split_gain=64.9621 64.3994 62.1622 67.3782 144.192 308.346 184.698 155.521 126.639 135.126 176.136 175.395 141.586 135.615 137.547 180.925 124.624 153.648 341.365 107.577 105.667 103.24 156.516 119.39 254.855 142.717 125.647 98.1213 97.4307 95.3713
threshold=49.500000000000007 4.5000000000000009 10.500000000000002 1.5000000000000002 4.5000000000000009 2.5000000000000004 23.500000000000004 24.500000000000004 -104.39899999999999 109.00700000000002 -1.1249999999999927 15.500000000000002 3.5000000000000004 0.45700000000000074 14.24 -21.812000000000126 9.5000000000000018 0.22295321637426904 15.500000000000002 -6.059499999999999 -26.168499999999998 -29.7925 1.0000000180025095e-35 10.500000000000002 18.500000000000004 -8.9479999999999986 89.145500000000013 2.5000000000000004 -66.604999999999976 86.238000000000028
decision_type=2 2 2 2 2 2 2 2 2 2 2 2 2 2 2 2 2 2 2 2 2 2 2 2 2 2 2 2 2 2
left_child=1 2 3 4 5 6 19 -8 -6 10 20 -11 -13 14 15 -12 -5 27 -19 -1 -10 22 23 28 26 -26 -25 -18 -22 -23
right_child=-2 -3 -4 16 8 -7 7 -9 9 11 13 12 -14 -15 -16 -17 17 18 -20 -21 21 29 -24 24 25 -27 -28 -29 -30 -31
leaf_value=-0.056524053577982528 0.044063728844287456 -0.033405158907682878 0.021707221204052368 0.008214477147494471 -0.042368580841341888 0.023431687429542571 0.068208254050994746 -0.037497733648690391 -0.022363716132893653 0.011162839387170474 -0.0015275516706067423 0.14349676465099934 0.013583877418566669 -0.0037334276672830618 0.036517212279628876 -0.063133998600928831 0.016874639295745425 -0.1231094104729388 -0.0041229971294230276 -0.023635668847980431 -0.015905212353362341 -0.010040530638676975 -0.042173185274388778 0.070550843788589307 -0.056222520934363765 0.032187867078919428 0.007564821517434814 -0.033212843381062673 0.02260049069602332 0.020828470489902551
leaf_weight=1709.2393953893334 338.68289279937744 567.04799840413034 1347.8669068440795 20530.644824082032 685.18595445156097 1409.3809592425823 328.21046686917543 241.66909980773926 1141.4853248596191 1111.4754144996405 735.77636396884918 212.60322988033295 138.56929624080658 4882.9145885407925 253.80739331245422 1353.8441538512707 5159.4556036312133 243.5378430839628 24236.795493638143 2378.6406268533319 1027.6832909584045 3467.9045715630054 396.054543601349 1514.7692307569087 365.41039741039276 364.93511116504669 400.43382989987731 423.19598174095154 1822.4007392954081 1406.8970154970884
leaf_count=14521 1612 5169 5261 89778 4809 4624 804 2870 8274 8028 4816 656 1733 31916 2103 35548 16978 1973 103034 30182 5564 23780 3066 7091 1986 1581 2318 2337 9118 7610
internal_value=0.000360412 0.000175064 0.000415212 4.70097e-05 -0.00395194 -0.0175511 -0.029952 0.0233815 -7.50723e-05 0.00133188 -0.000907519 0.0306276 0.0922344 -0.0132237 -0.0329983 -0.0414418 0.00220871 -0.00189275 -0.00530671 -0.0373871 0.00656656 0.00963381 0.0185411 0.0229166 0.038215 -0.0120461 0.0573816 0.0130777 0.0087161 -0.00113155
internal_weight=80196.5 79857.8 79290.8 77942.9 27349.3 6067.14 4657.76 569.88 21282.2 20597 19134.3 1462.65 351.173 7226.34 2343.43 2089.62 50593.6 30063 24480.3 4087.88 11908 10766.5 5891.69 5495.63 2645.55 730.346 1915.2 5582.65 2850.08 4874.8
internal_count=439140 437528 432359 427098 212998 53001 48377 3674 159997 155188 144771 10417 2389 74383 42467 40364 214100 124322 105007 44703 70388 62114 30724 27658 12976 3567 9409 19315 14682 31390
is_linear=0
shrinkage=0.1


Tree=63
num_leaves=31
num_cat=0
split_feature=6 11 11 4 4 11 9 5 5 2 2 5 7 5 0 8 0 1 7 11 4 10 0 7 10 10 1 2 10 8
split_gain=62.1994 114.332 84.1081 235.534 128.506 424.766 163.027 128.177 125.227 118.221 108.208 195.591 209.241 157.028 148.934 133.065 161.871 121.143 115.735 126.216 402.612 102.137 178.851 238.922 159.594 173.318 155.386 148.176 208.765 134.524
threshold=28.500000000000004 0.37161172161172168 0.54465709728867628 39.500000000000007 28.500000000000004 0.39455151964418084 2.0545000000000049 2.5000000000000004 3.5000000000000004 24.500000000000004 23.500000000000004 2.5000000000000004 9.5000000000000018 1.5000000000000002 124.50000000000001 109.00700000000002 18.500000000000004 2.5000000000000004 3.5000000000000004 0.25987012987012992 18.500000000000004 -17.871500000000001 488.50000000000006 7.5000000000000009 -60.00100000000009 -52.977999999999987 2.5000000000000004 17.500000000000004 -80.267499999999998 86.748500000000021
decision_type=2 2 2 2 2 2 2 2 2 2 2 2 2 2 2 2 2 2 2 2 2 2 2 2 2 2 2 2 2 2
left_child=2 -2 4 -4 5 8 -7 -5 9 10 13 12 -12 14 15 16 -1 -18 -15 -20 -21 22 23 26 -24 29 27 -16 -29 -26
right_child=1 -3 3 7 -6 6 -8 -9 -10 -11 11 -13 -14 18 21 -17 17 -19 19 20 -22 -23 24 -25 25 -27 -28 28 -30 -31
leaf_value=0.011648771279148394 0.090393915829679344 0.0071417105219632312 -0.059945658315702512 -0.023461409562500913 0.010013415916453343 -0.083686245181369523 0.074575808262818108 0.00080958360472252293 -0.065798585002763407 -0.029546272649976526 0.064043337925725641 -0.10019443204297461 -0.011129393265199671 0.031908484510913097 -0.042424050844791464 0.028661715150228181 -0.034121022229611692 -0.0016242097171488591 0.012377432605999078 -0.11337333864712858 -8.9664017294923442e-05 -0.009503192885125895 -0.029516879193092094 0.045410813863148276 0.093967068585927682 -0.0027506023163332257 0.042414325767614364 0.20999128066205178 -0.0012192382458358214 -0.0016490890129151727
leaf_weight=1365.4783082068898 168.7975811958313 7254.2164244651794 809.0584619641304 2761.7102655950002 12629.099363327026 795.38510163128376 70.889879867434502 10257.685850840528 287.78518066927791 1282.5906019210815 969.20822457410395 114.25860118865967 599.19160186313093 1713.2790973652154 951.89773619174957 618.36122131347656 4786.4439644850791 1508.7289462052286 9326.2573177814484 328.17124819755554 7127.8332061767578 5955.021668555215 1746.9230971410871 2192.2548453807831 368.27728947252035 2897.5680090337992 517.02446269989014 56.823272773995996 265.25099046342075 245.0493887513876
leaf_count=8879 540 37256 11504 12790 43575 10799 178 48725 2489 11877 2500 1168 2288 6026 7893 4702 52801 5436 30989 2795 25011 63799 9921 11310 1491 17350 1367 198 2145 1338
internal_value=0.000316198 0.00903485 -0.000575888 -0.00759222 0.00107647 -0.00137234 -0.0707352 -0.00433885 -4.36688e-05 0.000377449 0.00125665 0.0261221 0.0353243 0.000259757 -0.00516957 -0.0159608 -0.0195627 -0.0263327 0.00715082 0.00462334 -0.00507577 0.000709609 0.00729082 0.0232742 -0.00481796 0.00747153 -0.00382197 -0.0225863 0.0360444 0.0557645
internal_weight=79970.5 7423.01 72547.5 13828.5 58719.1 46090 866.275 13019.4 45223.7 44935.9 43653.3 1682.66 1568.4 41970.6 23475.1 8279.01 7660.65 6295.17 18495.5 16782.3 7456 15196.1 9241.07 3983.25 5257.82 3510.89 1791 1273.97 322.074 613.327
internal_count=439140 37796 401344 73019 328325 284750 10977 61515 273773 271284 259407 5956 4788 253451 188630 71818 67116 58237 64821 58795 27806 116812 53013 22913 30100 20179 11603 10236 2343 2829
is_linear=0
shrinkage=0.1


Tree=64
num_leaves=31
num_cat=0
split_feature=6 4 8 2 2 10 10 9 10 10 2 8 10 2 2 11 6 2 2 5 2 10 8 2 1 10 9 7 5 4
split_gain=64.9069 301.627 86.9329 109.966 111.303 92.3329 194.906 90.5993 79.798 118.986 79.4821 88.6565 122.301 86.6502 106.753 77.942 71.7423 69.7968 149.221 141.433 126.731 155.172 118.506 93.6512 89.3917 88.4715 82.9072 80.4448 76.0663 74.0524
threshold=16.500000000000004 16.500000000000004 87.383500000000012 21.500000000000004 20.500000000000004 -23.215 -16.912500000000247 -2.4100000000000033 -110.75649999999999 -37.987999999999992 16.500000000000004 81.934500000000014 -201.63849999999999 15.500000000000002 11.500000000000002 0.61143790849673219 19.500000000000004 16.500000000000004 7.5000000000000009 2.5000000000000004 8.5000000000000018 -143.90399999999997 95.840000000000018 11.500000000000002 1.0000000180025095e-35 -84.338000000000036 22.953500000000002 11.500000000000002 1.5000000000000002 56.500000000000007
decision_type=2 2 2 2 2 2 2 2 2 2 2 2 2 2 2 2 2 2 2 2 2 2 2 2 2 2 2 2 2 2
left_child=-1 16 5 4 17 10 7 -7 -5 -10 13 12 -12 14 -3 -15 -2 18 25 22 -20 -22 24 -23 27 -4 -27 -19 -25 -21
right_child=1 2 3 8 -6 6 -8 -9 9 -11 11 -13 -14 15 -16 -17 -18 19 20 29 21 23 -24 28 -26 26 -28 -29 -30 -31
leaf_value=-0.001936895517590108 0.085890008265553305 -0.0049133620494802941 0.045892403361004357 0.03714527831365854 0.044355588696929744 -0.0088795688958639759 -0.0039103398257303865 -0.073113380740226011 -0.050488642687505518 -0.00079602290771821739 -0.091907631687475996 -0.0047290556532023475 0.035875200852520765 -0.0041717675578619691 0.024237278103468943 -0.049767543382362438 0.0071252967113500558 0.0035359400386525061 0.077299779034343305 0.057703270080735496 -0.058600690975613191 -0.013809538368730948 -0.041242178782389338 0.075820461754946125 0.031840677342168104 -0.0096675401287883607 0.03450218370170368 -0.062577670162932572 0.027801030241078814 -0.070359929322150086
leaf_weight=49730.167239360977 545.57960813492537 4910.8729526465759 418.10725153237581 311.42539918422699 1026.9836940765381 321.50127786397934 4204.6986380517483 692.66765600442886 713.8010401725769 1482.8334094285965 78.250969886779785 1183.3052549362183 1749.3328543519601 867.08082440216094 1688.1203974587843 660.48423055745661 146.74520725756884 588.55347584560513 530.6259913444519 456.36280024796724 211.51356770098209 367.66630859673023 925.04841546714306 472.13538939505816 659.71460033580661 2790.6641006097198 501.28972138464451 267.77539491653442 1094.8686828240752 50.111536331474781
leaf_count=285872 1792 19849 1618 1183 5594 1156 25378 9546 3437 8152 392 4425 7383 3794 6172 2224 588 3445 2208 1624 854 1573 4457 2313 5373 18718 1897 1735 6146 242
internal_value=0.000277292 0.00395773 0.00241234 0.00856087 0.0131087 -0.00242545 -0.0134013 -0.0527506 -0.0102275 -0.0169437 0.00271772 0.0165964 0.030404 -0.00242432 0.0025438 -0.0238863 0.069195 0.00967093 0.0155453 -0.00305782 0.0335403 0.0227212 -0.0130355 0.0316119 0.0041754 0.00256187 -0.0029415 -0.0171379 0.0422692 0.0450325
internal_weight=79648.3 29918.1 29225.8 12869.5 10361.4 16356.3 5218.87 1014.17 2508.06 2196.63 11137.4 3010.89 1827.58 8126.56 6598.99 1527.57 692.325 9334.44 6386.87 2947.57 2676.81 2146.18 2441.09 1934.67 1516.04 3710.06 3291.95 856.329 1567 506.474
internal_count=439140 153268 150888 70569 57797 80319 36080 10702 12772 11589 44239 12200 7775 32039 26021 6018 2380 52203 35327 16876 13094 10886 15010 10032 10553 22233 20615 5180 8459 1866
is_linear=0
shrinkage=0.1


Tree=65
num_leaves=31
num_cat=0
split_feature=6 4 5 10 6 8 8 11 4 5 4 11 5 9 7 9 8 10 12 9 2 2 7 5 1 0 8 10 7 2
split_gain=59.4173 239.18 76.4272 78.0668 108.766 95.8131 89.1526 75.6876 279.392 121.476 86.9392 330.93 146.629 93.0052 106.308 82.1971 81.4328 117.113 138.471 82.7287 78.0106 98.4011 147.681 105.182 131.484 127.674 123.741 119.28 115.299 106.401
threshold=21.500000000000004 21.500000000000004 1.5000000000000002 -8.3855000000000128 23.500000000000004 90.051500000000019 97.936500000000009 0.46756905066764226 33.500000000000007 2.5000000000000004 26.500000000000004 0.36677206093705089 2.5000000000000004 6.9665000000000044 6.5000000000000009 1.9234999999999969 79.58150000000002 96.696000000000041 -1.4999999999999998 -2.1225000000000018 24.500000000000004 23.500000000000004 8.5000000000000018 1.5000000000000002 1.5000000000000002 124.50000000000001 103.23250000000002 -17.871500000000001 13.500000000000002 8.5000000000000018
decision_type=2 2 2 2 2 2 2 2 2 2 2 2 2 2 2 2 2 2 2 2 2 2 2 2 2 2 2 2 2 2
left_child=7 -2 3 -3 -5 -6 -7 10 -9 -10 11 16 13 14 -12 -13 17 18 -1 -20 21 23 -23 25 -25 26 -18 -27 -28 -26
right_child=1 2 -4 4 5 6 -8 8 9 -11 12 15 -14 -15 -16 -17 20 -19 19 -21 -22 22 -24 24 29 27 28 -29 -30 -31
leaf_value=0.0070052492675274905 0.07728002112860094 -0.017204879322767198 0.0073554275063978831 -0.050561320970847472 -0.0041124979397940747 0.088730909524153467 0.013581222148231813 -0.077136593006467788 -0.023960332417689592 -0.00021497399013604767 0.030830383817804865 -0.088348669329781179 0.031550449050153112 -0.030426769257966037 -0.0050235278266101318 0.060352164917304975 -0.02041351153661845 0.050687337310015318 -0.020276719946682745 -0.06344908397378847 -0.024856579466063455 0.0731391420606681 -0.0096266217270811125 0.0020897433964042231 0.044431005226915433 0.011107099406541979 -0.0031286863288900132 -0.0094279385132738595 0.076804565760308793 0.011068846274910086
leaf_weight=1841.2139638699591 450.1578773111105 2979.3430185317993 13024.888040447608 246.63371958397329 685.00628427043557 305.29033544287086 326.89942559599876 554.96848107874393 2666.9879660299048 11210.351488606073 1260.1409197822213 516.23666310310364 2324.874647744 795.13036894798279 2405.7945196777582 40.057624340057373 5426.2593344589695 287.49917417764664 2725.1805433183908 530.2162817819044 1062.5013168156147 478.39811422303319 392.43731771036983 10228.86221356038 1504.8518800251186 7036.9797157105058 620.79086792469025 4729.9102971721441 254.40915477275848 2620.8303933925927
leaf_count=8903 1690 16421 64996 2126 3511 2019 1216 8756 10910 50808 3724 5997 7939 2621 7774 101 50179 1627 15045 8898 10832 1232 1640 36237 4309 40729 5296 53539 1839 8226
internal_value=0.000253993 0.00530428 0.00346 -0.00770784 0.0103855 0.0217973 0.0498717 -0.00122528 -0.00756083 -0.00477843 0.000716768 -0.00104662 0.0111882 0.0005765 0.00730102 -0.077641 2.55634e-05 -0.0114093 -0.0149121 -0.0273083 0.00181756 0.00266881 0.0358412 0.00177785 0.00816796 -0.00329883 -0.0147857 0.00285268 0.0201069 0.0232378
internal_weight=79533.1 18018.2 17568.1 4543.17 1563.83 1317.2 632.19 61514.9 14432.3 13877.3 47082.6 40296.6 6785.94 4461.07 3665.94 556.294 39740.3 5384.11 5096.61 3255.4 34356.2 33293.7 870.835 32422.9 14354.5 18068.3 6301.46 11766.9 875.2 4125.68
internal_count=439140 91979 90289 25293 8872 6746 3235 347161 70474 61718 276687 254629 22058 14119 11498 6098 248531 34473 32846 23943 214058 203226 2872 200354 48772 151582 57314 94268 7135 12535
is_linear=0
shrinkage=0.1


Tree=66
num_leaves=31
num_cat=0
split_feature=1 11 6 2 12 8 2 2 2 2 10 10 7 12 7 10 8 8 10 8 2 1 7 1 8 4 7 1 1 6
split_gain=58.6639 58.02 67.4193 63.0058 59.093 55.8357 228.69 198.808 228.545 182.026 167.728 165.92 155.179 123.665 116.295 111.354 111.126 116.228 105.774 103.757 99.5033 195.128 154.479 186.224 142.86 247.696 189.085 109.202 107.475 107.852
threshold=3.5000000000000004 0.93449656750572097 38.500000000000007 1.5000000000000002 -1.0000000180025095e-35 93.731500000000011 17.500000000000004 12.500000000000002 11.500000000000002 16.500000000000004 -20.948 -66.604999999999976 8.5000000000000018 -12.499999999999998 16.500000000000004 -24.849499999999995 82.228500000000011 79.58150000000002 -5.237000000000001 90.236500000000021 4.5000000000000009 1.5000000000000002 13.500000000000002 2.5000000000000004 108.22300000000001 29.500000000000004 15.500000000000002 1.0000000180025095e-35 1.5000000000000002 17.500000000000004
decision_type=2 2 2 2 2 2 2 2 2 2 2 2 2 2 2 2 2 2 2 2 2 2 2 2 2 2 2 2 2 2
left_child=1 2 5 -4 -3 6 7 8 13 20 11 -9 -8 -1 -11 -10 17 -14 -17 -15 21 24 -23 -24 25 -7 -26 -22 -29 -30
right_child=-2 4 3 -5 -6 9 12 10 15 14 -12 -13 16 19 -16 18 -18 -19 -20 -21 27 22 23 -25 26 -27 -28 28 29 -31
leaf_value=0.067338013862320092 -0.058845100855521651 0.033515032718602178 -0.051445249216166666 0.026446087583482242 -0.047890220763313979 -0.056143135014759177 0.020804779672493313 -0.035678385978323866 0.030590238836931061 -0.0020166909194069449 -0.041835817557653983 0.00041133804652094543 -0.011535768660890584 -0.0050461331349084676 -0.030710153026360806 -0.028779417890631938 -0.013469312425991135 0.024882844772459292 0.023056420725160891 -0.030535811216055316 0.0262325003518264 0.028990345817252072 0.029121105597326859 -0.062104974496928624 -0.014905540506230157 0.0030703960216628078 0.069079811072249517 -0.028707113813060986 0.0045703902705395705 0.048682787517732556
leaf_weight=224.64015224017203 167.76459765434265 111.27906356751919 111.70214203000069 1477.1227377392352 448.87202676385641 1391.7326770015061 6080.9960767775774 1842.7630491256714 2822.8292697668076 11074.198411941528 2442.866959117353 4126.5641016960144 1402.6239328384399 18281.761187436059 1619.0245761871338 779.44421935081482 3559.8508129119873 2335.4612817764282 795.34815627709031 1749.7816827744246 5399.6349990367889 2889.7023048400879 428.49875831604004 468.34091758728027 737.92546558380127 1434.6896800138056 421.01734352111816 772.8457977771759 3247.8084989264607 668.30287306755781
leaf_count=756 1355 355 1181 7353 6197 6976 29936 8282 10402 73011 25296 17663 8337 92872 9729 6431 16379 9459 4110 17693 22164 11979 2120 2411 2922 7245 1349 4619 27153 3405
internal_value=0.000226078 0.000351287 0.000579871 0.0209699 -0.0317183 0.000159133 -0.00202499 -0.00648848 -0.00195911 0.00347924 -0.0197628 -0.0107298 0.00900652 -0.00644526 -0.00567655 0.0187049 -0.000824366 0.0112177 -0.00259975 -0.00727269 0.00998613 0.00148213 0.017738 -0.0185183 -0.0139627 -0.0260864 0.0156044 0.0165373 0.00537271 0.0120984
internal_weight=79315.4 79147.6 78587.5 1588.82 560.151 76998.7 46444.9 33066 24653.8 30553.7 8412.19 5969.33 13378.9 20256.2 12693.2 4397.62 7297.94 3738.09 1574.79 20031.5 17860.5 7771.91 3786.54 896.84 3985.37 2826.42 1158.94 10088.6 4688.96 3916.11
internal_count=439140 437785 431233 8534 6552 422699 247616 183505 132264 175083 51241 25945 64111 111321 82740 20943 34175 17796 10541 110565 92343 35002 16510 4531 18492 14221 4271 57341 35177 30558
is_linear=0
shrinkage=0.1


Tree=67
num_leaves=31
num_cat=0
split_feature=6 4 4 11 8 10 10 9 5 10 2 2 2 7 2 10 9 10 10 11 8 2 10 2 6 1 4 11 11 9
split_gain=56.5933 209.753 122.296 97.1295 67.7511 112.705 88.5962 95.9657 172.699 174.181 130.57 91.4133 82.86 98.8696 75.015 104.59 94.9303 72.4664 87.1987 104.082 77.7601 72.2064 98.7347 68.6607 67.5596 66.2954 64.9024 155.06 67.4429 87.3379
threshold=12.500000000000002 12.500000000000002 9.5000000000000018 0.16774891774891773 86.977500000000006 -16.912500000000247 2.7355000000000094 1.5880000000000012 1.5000000000000002 -7.8374999999999977 18.500000000000004 16.500000000000004 16.500000000000004 12.500000000000002 21.500000000000004 -104.39899999999999 -4.9739999999999958 -38.597499999999989 -36.935499999999998 0.26352339181286555 111.94000000000001 12.500000000000002 -189.91099999999997 1.0000000180025095e-35 25.500000000000004 2.5000000000000004 23.500000000000004 0.32430949332357789 0.80735492577597856 5.9415000000000058
decision_type=2 2 2 2 2 2 2 2 2 2 2 2 2 2 2 2 2 2 2 2 2 2 2 2 2 2 2 2 2 2
left_child=-1 2 -2 -4 12 14 7 10 9 -9 11 -7 13 21 16 -16 -6 20 19 -19 25 -3 -23 -11 -8 -17 27 -18 29 -28
right_child=1 4 3 -5 5 6 24 8 -10 23 -12 -13 -14 -15 15 17 26 18 -20 -21 -22 22 -24 -25 -26 -27 28 -29 -30 -31
leaf_value=-0.0026695407324269158 -0.046766772748936522 -0.006967545479001175 0.064333450657068095 -0.030798422181873036 0.021120299257299996 0.0088797949991564085 -0.0072170140531251301 0.034360821901964614 0.024525798021745635 0.40519580784821629 0.042229957543235414 -0.049517864397386507 0.0075922934214984394 0.0051040773719612745 0.029259821515444973 -0.064668087883944 -0.008712146893248748 0.20955834788577288 -0.015355338995998252 0.0023126072790643909 0.040984552295928178 0.065232433570200407 -0.030188600269187339 0.14910035252777878 0.031221915981159695 0.0046253513342360223 0.016546512729444168 -0.11470548126129526 -0.039989001345735825 -0.010082810728383991
leaf_weight=36712.53152817837 134.99384978413582 7911.284865707159 990.88472866360098 120.36104465182871 2502.2597658038139 1106.2785016931593 1922.6599852927029 209.40569067001343 1091.5383228063583 11.026417028158901 958.69227221608162 353.77045699954033 6049.741410151124 5202.6795675754547 441.30843341350555 764.34713441133499 2031.8768309513107 39.24537006765604 969.90879248082638 63.34948643296957 99.175262451171875 113.31297969818115 2520.5458820909262 207.08554922416806 599.90829397365451 168.50907272100449 3453.9184683887288 148.07901652436703 323.14160845894367 1914.236498914659
leaf_count=221376 662 39657 2604 964 9690 11303 9465 758 4041 23 9017 4427 29962 21999 1585 4199 11193 170 5735 264 315 243 14525 451 2273 447 16012 1210 7210 7360
internal_value=0.000205152 0.00269286 0.0431112 0.0540295 0.00146959 0.00577148 0.0165557 0.0259286 0.0456274 0.099504 0.0135571 -0.00526998 -0.00235513 -0.00617656 0.000378775 -0.0150028 0.00415369 -0.0242844 -0.00608164 0.0815898 -0.043201 -0.0117421 -0.0260834 0.162047 0.0019244 -0.0521511 -0.00123998 -0.015912 0.0043799 0.00705073
internal_weight=79136.1 42423.5 1246.24 1111.25 41177.3 19379.7 6460.37 3937.8 1519.06 427.518 2418.74 1460.05 21797.6 15747.8 12919.4 2545.84 10373.5 2104.54 1072.5 102.595 1032.03 10545.1 2633.86 218.112 2522.57 932.856 7871.25 2179.96 5691.3 5368.15
internal_count=439140 217764 4230 3568 213534 107148 41758 30020 5273 1232 24747 15730 106386 76424 65390 12715 52675 11130 6169 434 4961 54425 14768 474 11738 4646 42985 12403 30582 23372
is_linear=0
shrinkage=0.1


Tree=68
num_leaves=31
num_cat=0
split_feature=6 11 6 11 11 9 9 11 9 8 12 4 10 9 6 4 2 2 11 10 5 10 8 2 10 9 9 3 2 7
split_gain=52.753 70.113 54.3311 130.272 81.4537 59.455 205.07 103.634 73.3986 142.733 131.824 140.044 106.822 97.7792 94.6812 77.074 97.5824 99.8145 85.4398 77.9473 76.684 109.855 100.23 137.959 149.33 109.176 99.3411 140.835 95.7327 87.3932
threshold=1.5000000000000002 0.013986697965569402 3.5000000000000004 0.043167701863354009 0.020204081632653054 -12.687000000000003 -10.080500000000006 0.12588028169014087 -2.8199999999999998 78.511500000000012 -1.4999999999999998 39.500000000000007 -75.316000000000017 2.2704999999999989 20.500000000000004 8.5000000000000018 6.5000000000000009 2.5000000000000004 0.11483516483516476 -9.6520000000000064 2.5000000000000004 -22.511500000000204 85.84950000000002 14.500000000000002 -104.39899999999999 6.6524999999999972 1.5880000000000012 1.0000000180025095e-35 1.5000000000000002 7.5000000000000009
decision_type=2 2 2 2 2 2 2 2 2 2 2 2 2 2 2 2 2 2 2 2 2 2 2 2 2 2 2 2 2 2
left_child=-1 -2 -3 4 -4 -5 7 -7 14 10 -10 12 -12 -14 -8 16 17 -11 -19 20 21 22 -17 24 25 -24 27 29 -22 -23
right_child=1 2 3 5 -6 6 8 -9 9 15 11 -13 13 -15 -16 19 -18 18 -20 -21 28 26 23 -25 -26 -27 -28 -29 -30 -31
leaf_value=-0.032171252571068849 0.037520992413411461 -0.011670955584973179 -0.057675277052255017 0.005669206131092226 0.049031167494087424 0.01091807105843897 0.0013662431596246449 -0.029792649952353124 0.031224984923090771 -0.064060657464824158 0.090020308068558208 -0.012197753001300465 -0.084372652490376288 0.080731059513099196 0.018094309522509254 0.014772045033168616 -0.029330467942433016 0.023127549989169764 -0.066656754501850005 0.0097624538429311666 -0.036754633022799785 -0.0087618903397642268 0.068385130527993637 -0.018847308000432189 -0.0031999429134947906 -0.008192980452257843 -0.00051268649912242649 0.053426630410172683 0.0094139393497144133 -0.054290476863350826
leaf_weight=500.69398467266001 505.30115961376578 3703.1223184978589 78.697174643166363 16034.140563488007 786.23945617675781 763.30479057133198 12764.898130945861 3458.4473430663347 326.0378527790308 183.46860595140606 40.553672656416893 972.70218734443188 745.44632902275771 37.683422967791557 4603.8834969177842 2940.7220055311918 1961.2177571058273 1150.6060221455991 116.74245044961572 7692.7990326201543 480.15646166354418 589.15261836349964 579.8951461315155 4439.2416572789662 3242.079048991669 274.20746111869812 1440.6006746292114 169.65017062425613 6949.4842172265053 1482.5476505234838
leaf_count=18440 1446 32763 548 61090 2177 4863 51785 13689 1045 2646 124 8491 11833 110 18369 11015 24119 5751 1853 53877 5063 7984 1873 21321 15033 1137 5135 429 35311 19820
internal_value=0.000184899 0.00039124 0.00015073 0.000739887 0.0393224 0.000285482 -0.00121827 -0.022432 0.000465693 -0.00212137 -0.0272739 -0.0378912 -0.068233 -0.076428 0.00580029 -0.000536915 -0.0147852 0.00487719 0.014857 0.00106859 -0.00189232 -0.00597154 -0.00114952 -0.00663501 0.00660009 0.0437999 -0.0210011 -0.0341698 0.0064302 -0.041343
internal_weight=79013.7 78513 78007.7 74304.6 864.937 73439.7 57405.5 4221.75 53183.8 35815 2122.42 1796.39 823.683 783.13 17368.8 33692.6 3412.03 1450.82 1267.35 30280.5 22587.7 15158.1 11476.1 8535.42 4096.18 854.103 3681.95 2241.35 7429.64 2071.7
internal_count=439140 420700 419254 386491 2725 383766 322676 18552 304124 233970 21603 20558 12067 11943 70154 212367 34369 10250 7604 177998 124121 83747 50379 39364 18043 3010 33368 28233 40374 27804
is_linear=0
shrinkage=0.1


Tree=69
num_leaves=31
num_cat=0
split_feature=5 9 1 12 6 4 4 11 8 11 5 2 7 10 1 8 9 10 7 2 7 7 4 8 10 7 11 4 11 4
split_gain=49.5727 55.9083 46.3938 45.5711 47.2495 275.579 103.704 109.687 58.6037 82.5351 74.6657 77.5491 87.3695 130.315 75.8761 70.578 99.626 102.066 69.5973 76.6741 66.2875 62.5808 58.488 101.859 69.9235 56.6675 53.5118 53.265 50.397 70.6242
threshold=4.5000000000000009 2.6374999999999962 3.5000000000000004 11.500000000000002 14.500000000000002 14.500000000000002 10.500000000000002 0.19452991452991453 92.07950000000001 0.85982456140350882 1.5000000000000002 23.500000000000004 10.500000000000002 -50.108000000000004 1.0000000180025095e-35 98.149500000000018 6.6524999999999972 -143.90399999999997 15.500000000000002 4.5000000000000009 9.5000000000000018 4.5000000000000009 30.500000000000004 101.94250000000001 -42.025499999999994 11.500000000000002 0.41742424242424242 12.500000000000002 0.67974358974358984 48.500000000000007
decision_type=2 2 2 2 2 2 2 2 2 2 2 2 2 2 2 2 2 2 2 2 2 2 2 2 2 2 2 2 2 2
left_child=2 -2 3 4 -1 6 -6 27 10 15 11 12 -7 14 -14 16 18 21 19 -10 -13 -18 23 24 -17 -16 -26 -8 -24 -30
right_child=1 -3 -4 -5 5 8 7 -9 9 -11 -12 20 13 -15 25 22 17 -19 -20 -21 -22 -23 28 -25 26 -27 -28 -29 29 -31
leaf_value=-0.0020172357843425233 -0.042555340428269361 0.047793029136971164 -0.053549539626671375 0.02361630955384432 -0.04586573365707744 -0.02495833986996672 0.041634983163694121 -0.026987701214369511 -0.012052247373433495 -0.047353816279429625 0.0017863961854481148 0.041211328203598047 0.088397939450354596 -0.022059808081040182 0.06811169535467497 -0.057224109372987331 -0.17321633217074914 0.0012420930154192231 -0.013166362144124795 0.031626910142421569 -0.028325277707664461 -0.036816836060267019 0.016328216271518422 0.010792733658293615 -0.0065175192514038433 -0.0044877247771226451 -0.088609261884497525 0.095345172389716321 -0.074746103837898967 0.0034055075948641006
leaf_weight=42230.121127612423 476.63262090273201 79.985053405165672 159.21236857771873 842.62671351060271 94.580303255468607 3394.2896722732112 281.17017033323646 116.01423308625817 450.71102428715676 274.72465038299561 15750.662271414883 464.60806769877672 192.52154603600502 916.72355419397354 147.84107681363821 498.48351304233074 54.043252527713776 1146.4936098381877 484.11418378539383 3709.651538762264 194.47121532261372 89.082313477993011 2580.2102338820696 1389.2298760414124 1087.0387486866675 394.16097121685743 85.66289588296786 537.82457256317139 151.14464674890041 492.13816656172276
leaf_count=248805 4931 244 1329 3303 470 23994 787 892 2341 5336 72787 1076 470 6112 655 3133 264 5101 2592 22115 599 359 10048 6298 6676 2149 850 1409 2188 1827
internal_value=0.000164951 -0.0295724 0.000376592 0.000486594 0.000234162 0.00295238 0.0539211 0.0640149 0.00140658 0.00685153 -0.00176384 -0.0115662 -0.0157801 0.00308651 0.0344704 0.00807035 0.0158915 -0.0086978 0.0227192 0.0268949 0.0206935 -0.0883204 0.000684563 -0.00921673 -0.0258503 0.0153151 -0.0125141 0.0769059 0.0100849 -0.0149569
internal_weight=78766.2 556.618 78209.6 78050.3 77207.7 34977.6 1029.59 935.009 33948 12492.7 21455.3 5704.62 5045.54 1651.25 734.524 12218 5934.1 1289.62 4644.48 4160.36 659.079 143.126 6283.91 3060.42 1671.19 542.002 1172.7 818.995 3223.49 643.283
internal_count=439140 5175 433965 432636 429333 180528 3558 3088 176970 69128 107842 35055 33380 9386 3274 63792 32772 5724 27048 24456 1675 623 31020 16957 10659 2804 7526 2196 14063 4015
is_linear=0
shrinkage=0.1


Tree=70
num_leaves=31
num_cat=0
split_feature=6 11 4 9 3 0 0 11 0 5 6 4 5 6 4 9 9 6 4 11 9 9 9 7 9 9 9 9 3 6
split_gain=43.9631 53.4772 248.079 107.975 78.2684 76.2955 109.459 82.6862 94.5501 64.0861 63.7709 283.312 102.54 112.106 195.842 90.0447 118.977 72.4766 230.526 94.2456 86.0361 57.4692 210.584 90.3677 89.9027 98.1736 159.065 184.63 123.112 116.557
threshold=49.500000000000007 0.65291950113378694 46.500000000000007 2.2704999999999989 1.0000000180025095e-35 782.50000000000011 269.50000000000006 0.87119815668202782 26.500000000000004 2.5000000000000004 15.500000000000002 15.500000000000002 1.5000000000000002 16.500000000000004 16.500000000000004 -2.9769999999999963 1.063500000000005 18.500000000000004 18.500000000000004 0.26352339181286555 1.5880000000000012 6.9665000000000044 9.8685000000000063 15.500000000000002 1.9234999999999969 1.0000000180025095e-35 -1.0000000180025095e-35 -0.25550000000000489 1.0000000180025095e-35 4.5000000000000009
decision_type=2 2 2 2 2 2 2 2 2 2 2 2 2 2 2 2 2 2 2 2 2 2 2 2 2 2 2 2 2 2
left_child=1 10 3 -3 5 6 7 -4 -9 -6 21 15 13 -13 -15 -12 -17 19 -19 -16 -21 24 -23 -24 25 26 27 -1 -27 -28
right_child=-2 2 4 -5 9 -7 -8 8 -10 -11 11 12 -14 14 17 16 -18 18 -20 20 -22 22 23 -25 -26 28 29 -29 -30 -31
leaf_value=0.00018443358983679728 0.037304805644301359 -0.070675031866274968 0.0050053210557234771 0.044553494194329891 -0.047854786779693841 0.015061895232682762 -0.070603376010465485 0.021665420504572003 -0.073396266071066946 -0.0083770759360144303 0.093610228475914034 -0.044624140162612916 0.0078853938801114812 0.097448108467688449 -0.034731933351344835 -0.029732515388620824 0.077207716675219099 0.084941842373506729 -0.004730822027209234 0.011636977947847106 0.2304040575942683 -0.044274564614402163 -0.0080762325811386849 0.022360258813527809 0.017794743513525901 -0.031147412714623582 -0.0026190109679178307 -0.034105680442488302 0.044786347574658679 0.044565599711543627
leaf_weight=28386.489697251469 317.15566086769104 764.17682039737701 2705.4218795718625 91.005723029375076 550.14467067457736 3051.2992081642151 248.50090193748474 159.48428354412317 304.19214642047882 1628.2280349740759 433.33848801255226 681.36807927768677 15463.231138494797 191.83859013393521 1150.3556643063203 190.66042919456959 228.98104055225849 300.35914663504809 6295.7820893572643 66.187564390711486 24.680309310555458 1404.6591401025653 4059.9616497755051 1284.0024157762527 2696.8947508856654 1828.1037837481126 858.80200878786854 1662.1756766960025 241.75147801730782 1341.0060596466064
leaf_count=136638 1612 15910 12420 242 1794 14038 4891 1031 5333 5037 1036 5624 66434 597 8497 1356 594 906 37417 1822 55 9373 21273 5512 11874 22956 12666 26006 763 5433
internal_value=0.000148718 -1.79627e-06 -0.00703364 -0.0584128 -0.00195244 0.00356839 -0.00669323 -0.00168179 -0.0406992 -0.0183471 0.000969554 0.00499581 0.00299721 -0.00568042 -0.00237561 0.0616371 0.0286204 -0.00481904 -0.000647525 -0.0269874 0.0710555 -0.0013329 -0.00981967 -0.00076321 0.000214407 -0.00116714 0.000187895 -0.00171236 -0.0222786 0.0261448
internal_weight=78610.2 78293.1 9502.45 855.183 8647.27 6468.9 3417.6 3169.1 463.676 2178.37 68790.6 25026.8 24173.8 8710.57 8029.2 852.98 419.641 7837.36 6596.14 1241.22 90.8679 43763.8 6748.62 5343.96 37015.2 34318.3 32248.5 30048.7 2069.86 2199.81
internal_count=439140 437528 60696 16152 44544 37713 23675 18784 6364 6831 376832 124338 121352 54918 49294 2986 1950 48697 38323 10374 1877 252494 36158 26785 216336 204462 180743 162644 23719 18099
is_linear=0
shrinkage=0.1


Tree=71
num_leaves=31
num_cat=0
split_feature=6 11 6 11 4 6 5 11 11 1 9 9 11 10 7 9 9 3 9 9 9 9 9 9 9 9 10 10 5 10
split_gain=43.3198 59.6678 44.9413 148.39 155.688 71.6775 51.8792 89.9903 50.0768 49.9126 43.8647 169.402 89.5274 76.3011 67.5298 64.0572 97.3498 84.2237 61.1457 118.842 448.794 326.871 201.007 105.445 199.628 140.825 164.612 162.701 207.336 149.302
threshold=1.5000000000000002 0.014389233954451302 2.5000000000000004 0.027973395931138855 1.5000000000000002 3.5000000000000004 1.5000000000000002 0.15849282296650716 0.039250700280112009 2.5000000000000004 -12.687000000000003 -10.080500000000006 0.152475845410628 -85.921500000000165 3.5000000000000004 -26.168499999999998 -22.199499999999997 1.0000000180025095e-35 -2.8199999999999998 -1.0000000180025095e-35 1.0000000180025095e-35 0.29899999999999954 -0.19749999999999798 5.9415000000000058 10.869499999999997 2.0545000000000049 -21.926999999999996 5.0050000000000106 1.5000000000000002 -6.2719999999999976
decision_type=2 2 2 2 2 2 2 2 2 2 2 2 2 2 2 2 2 2 2 2 2 2 2 2 2 2 2 2 2 2
left_child=-1 -2 6 4 -4 -6 -3 -8 9 -5 15 12 13 -12 -15 -10 -17 -18 -13 22 -21 -22 -20 25 -25 -23 -27 28 29 -28
right_child=1 2 3 8 5 -7 7 -9 10 -11 11 18 -14 14 -16 16 17 -19 19 20 21 23 -24 24 -26 26 27 -29 -30 -31
leaf_value=-0.029671872502791193 0.033155711799509331 -0.041106860914638645 -0.1033880097745509 -0.051720849320981123 0.15502638903490951 0.053752973928668291 0.046357957250234186 -0.025494392075609107 -0.0064691303059819559 0.023959593598782886 -0.093996987612939453 0.0053572962241983362 -0.02795949079607354 -0.060744186273428473 0.022311450484447076 0.029634886578956573 0.0091929753774110442 -0.012447943599167489 -0.0011195772650460973 0.042952207248614455 -0.041356124928091334 -0.0045409515116875626 -0.028552341695179742 -0.023097998880201507 0.0045134973929151076 0.00575951751039319 0.063418011478485858 -8.7692460175642031e-05 0.036273668144654624 0.18075158864654492
leaf_weight=484.70041414070874 549.39048356190324 565.13758080638945 46.675498334690928 346.43423591554165 114.50743674859405 179.34332614764571 262.64129418879747 518.25768878497183 3840.58642578125 116.43372423946857 71.675481863319874 17784.748561426997 3320.7999121844769 110.39696647599339 864.39667660370469 1826.0366058349609 8638.9804070293903 2271.1814167350531 8484.975830078125 2440.412339784205 1948.4722283096053 3317.2325316574425 3898.0691067888401 3823.1638707853854 8309.5243169814348 2394.4879941940308 219.70501379668713 545.38813400268555 844.0059445053339 214.15842741727829
leaf_count=18440 1657 8728 490 3866 366 456 1458 4139 16168 392 583 73020 12792 944 4963 5564 35557 7097 48886 11051 35927 18717 56537 19451 35201 10167 890 2645 2492 496
internal_value=0.000131056 0.00031657 8.32281e-05 0.000404139 0.0662687 0.0932171 -0.0180294 -0.00132815 0.000107587 -0.0326836 0.000309507 -0.000975402 -0.0199221 0.00558324 0.0129053 0.00485109 0.00826469 0.00468796 0.000550579 -0.00179539 0.00230188 -0.00228745 -0.00975516 0.00158307 -0.00418724 0.0108743 0.0229984 0.0456381 0.0651537 0.121335
internal_weight=78351.9 77867.2 77317.8 75971.8 340.526 293.851 1346.04 780.899 75631.3 462.868 75168.4 58591.6 4367.27 1046.47 974.794 16576.8 12736.2 10910.2 54224.3 36439.6 24056.6 21616.1 12383 19667.7 12132.7 7534.98 4217.75 1823.26 1277.87 433.863
internal_count=439140 420700 419043 404718 1312 822 14325 5597 403406 4258 399148 334762 19282 6490 5907 64386 48218 42654 315480 242460 137037 125986 105423 90059 54652 35407 16690 6523 3878 1386
is_linear=0
shrinkage=0.1


Tree=72
num_leaves=31
num_cat=0
split_feature=4 6 12 1 5 9 8 8 10 2 12 8 9 4 2 0 11 8 5 2 2 2 5 4 7 10 10 7 8 8
split_gain=42.2287 47.3159 41.1529 41.1651 40.6279 44.2914 37.8179 131.179 123.512 119.148 83.6147 98.9266 75.1451 72.3056 126.721 90.1395 84.2464 63.1218 105.341 171.291 97.8146 222.951 148.644 254.069 150.057 149.256 198.01 142.636 142.126 134.285
threshold=72.500000000000014 49.500000000000007 13.500000000000002 3.5000000000000004 4.5000000000000009 2.6374999999999962 76.059500000000014 78.879500000000021 120.49650000000001 8.5000000000000018 -12.499999999999998 71.46050000000001 -7.1065000000000031 35.500000000000007 8.5000000000000018 114.50000000000001 0.62537500000000013 81.97450000000002 2.5000000000000004 9.5000000000000018 15.500000000000002 17.500000000000004 1.5000000000000002 30.500000000000004 10.500000000000002 -21.926999999999996 -71.896000000000242 9.5000000000000018 90.874500000000012 129.10850000000002
decision_type=2 2 2 2 2 2 2 2 2 2 2 2 2 2 2 2 2 2 2 2 2 2 2 2 2 2 2 2 2 2
left_child=1 2 3 4 6 -6 10 8 13 -10 -1 12 -12 15 16 -8 -15 18 -9 -20 -19 22 24 -24 -22 26 -26 -23 -25 -27
right_child=-2 -3 -4 -5 5 -7 7 17 9 -11 11 -13 -14 14 -16 -17 -18 20 19 -21 21 27 23 28 25 29 -28 -29 -30 -31
leaf_value=0.10378014320345511 -0.1023407751021255 0.039977300532018097 0.038049676673658883 -0.051872334727516581 -0.039305778684453341 0.041650280899909096 -0.0033261112002376651 0.0012688402309634168 0.24117970348796025 0.0033494642235483716 0.00043092463740331314 0.014661286716555408 -0.043746803697072761 0.0002664872832187509 0.013673245227244613 -0.037294192090929358 -0.076384017477488589 0.0031827199351432628 -0.028037135834619444 0.037876542432747129 -0.025491840993289397 0.0092154619958411312 -0.087959090590971983 -0.045658791791657521 -0.042231954849740377 -0.033375998042659796 0.070617582057453221 -0.0084575025063454469 0.0039521990120454853 0.42371013039051342
leaf_weight=89.300233870744705 40.208321064710617 297.41672607511282 283.43971113488078 153.41673585027456 459.26044485159218 79.24074587225914 1182.6566745825112 5617.4154290854931 36.378942929208279 50.038373947143555 1230.6370427012444 4217.375276684761 560.34425970201846 262.27893642662093 1457.59366260143 2301.5173423811793 316.33405242115259 32597.590701643378 484.44296896271408 2117.9201005715877 1726.1275332560763 9088.4548425674438 748.20318937301636 1157.5249448101968 203.77988088876009 450.4346172735095 656.05516850948334 9179.1314992904663 1152.305090399459 6.5203814506530753
leaf_count=217 222 1565 1063 1350 4880 243 8474 26363 75 263 4811 17575 5119 1202 6656 16351 2183 183629 1984 7543 16371 54715 3969 4785 1295 5349 3200 52656 4978 54
internal_value=0.000114521 0.000167226 1.5167e-05 -0.000123789 -2.12545e-05 -0.0273931 0.000170444 -0.000480435 -0.0151581 0.103468 0.00772703 0.00629942 -0.013391 -0.0170151 -0.00204446 -0.0257642 -0.0416392 0.000782026 0.00897405 0.0256064 -0.000400021 -0.00519262 -0.0217439 -0.0373143 -0.00609616 0.0193289 0.0438724 0.000335117 -0.0209094 -0.0268537
internal_weight=78203.3 78163.1 77865.7 77582.3 77428.9 538.501 76890.4 70792.7 5606.8 86.4173 6097.66 6008.36 1790.98 5520.38 2036.21 3484.17 578.613 65185.9 8219.78 2602.36 56966.1 24368.5 6100.95 3058.03 3042.92 1316.79 859.835 18267.6 2309.83 456.955
internal_count=439140 438918 437353 436290 434940 5123 429817 402095 35204 338 27722 27505 9930 34866 10041 24825 3385 366891 35890 9527 331001 147372 40001 13732 26269 9898 4495 107371 9763 5403
is_linear=0
shrinkage=0.1


Tree=73
num_leaves=31
num_cat=0
split_feature=6 4 11 4 5 4 11 5 9 6 2 5 2 5 4 10 7 11 4 5 4 11 11 4 6 2 1 2 2 8
split_gain=40.8383 102.222 72.3231 136.047 84.0829 67.4519 340.831 98.4799 90.0899 88.3427 84.2353 79.5786 64.6045 64.5209 106.165 107.331 104.893 93.6761 336.586 115.832 95.113 211.578 128.036 323.138 93.7702 84.427 74.981 81.6251 110.897 83.884
threshold=23.500000000000004 23.500000000000004 0.51408730158730165 34.500000000000007 2.5000000000000004 26.500000000000004 0.36677206093705089 2.5000000000000004 1.9234999999999969 16.500000000000004 24.500000000000004 3.5000000000000004 24.500000000000004 1.5000000000000002 23.500000000000004 -138.77999999999994 1.5000000000000002 0.2951282051282052 20.500000000000004 2.5000000000000004 10.500000000000002 0.14483218916857357 0.18441295546558703 13.500000000000002 7.5000000000000009 1.0000000180025095e-35 1.5000000000000002 10.500000000000002 3.5000000000000004 100.91250000000001
decision_type=2 2 2 2 2 2 2 2 2 2 2 2 2 2 2 2 2 2 2 2 2 2 2 2 2 2 2 2 2 2
left_child=2 -2 5 -4 12 6 11 9 -8 10 -7 13 -5 14 15 -1 -17 19 -19 20 21 -15 -22 -24 -25 -18 27 28 -26 -30
right_child=1 -3 3 4 -6 7 8 -9 -10 -11 -12 -13 -14 17 -16 16 25 18 -20 -21 22 -23 23 24 26 -27 -28 -29 29 -31
leaf_value=-0.066299186390778739 0.057408811812374685 0.003607511214012895 -0.069851112982123986 -0.031128846725115851 -0.0023798178909157277 -0.016381656344566516 -0.08281221711672794 0.019286175270601811 0.050105988064070267 0.011394902852132488 0.040086017416227859 -0.060632005650136489 0.032652809609906581 0.001425425518452335 0.18877894608662871 -0.031952415399855549 -0.047709986343679921 -0.1120319191649391 -0.00023078669141583493 -0.025181832561621317 0.035207827702992085 -0.12207025667489875 -0.11046573948996825 -0.0033424608416432232 0.024488016032834615 -0.00024484693304729904 0.041083117180003417 0.029103789686809614 -0.043284286679927099 0.035243064433593291
leaf_weight=267.86289795488119 362.5771349966526 13584.519743829966 344.78809194266796 1737.7457497799769 9812.1823324030265 3063.3866878114641 616.89493104070425 4356.5675320215523 55.58743242174387 3381.9839859008789 289.10847854614258 215.61089097708464 174.78033065795898 2280.989200935699 28.791745355352759 1158.5416954393731 381.40770213864744 291.80460739135742 3488.4079322814941 920.56334686279297 2564.3804136402905 147.71267196163535 218.89672855660319 2339.9265235513449 782.53234458714724 21441.427997627296 1347.3428072780371 1593.8056762441993 682.91425139456987 169.8668357655406
leaf_count=2284 1491 71487 6555 8618 47815 9554 8598 15451 144 12443 840 2004 613 8480 111 11765 6434 2625 11956 4967 7742 952 1462 7805 2207 172935 3992 5155 2200 455
internal_value=0.000101873 0.00500616 -0.000964291 -0.00793919 -0.00611855 0.000651939 -0.00121984 0.0075705 -0.0718252 -8.42849e-06 -0.0115121 -4.23201e-05 -0.0253 0.000283402 -0.00312693 -0.00336459 -0.00263104 0.00500057 -0.00886101 0.0090162 0.0116119 -0.00608553 0.0160432 0.00915548 0.0129414 -0.00107442 0.0212672 0.0129991 -0.00269683 -0.0276423
internal_weight=78102.9 13947.1 64155.8 12069.5 11724.7 52086.3 40995.3 11091 672.482 6734.48 3352.5 40322.8 1912.53 40107.2 23278 23249.2 22981.4 16829.1 3780.21 13048.9 12128.4 2428.7 9699.67 7135.29 6916.39 21822.8 4576.46 3229.12 1635.31 852.781
internal_count=439140 72978 366162 63601 57046 302561 264273 38288 8742 22837 10394 255531 9231 253527 193529 193418 191134 59998 14581 45417 40450 9432 31018 23276 21814 179369 14009 10017 4862 2655
is_linear=0
shrinkage=0.1


Tree=74
num_leaves=31
num_cat=0
split_feature=6 11 4 6 4 2 11 12 2 9 11 4 11 11 5 11 3 4 2 9 9 4 2 0 0 11 8 10 5 6
split_gain=37.5513 251.202 96.0777 70.2589 55.9007 54.4116 68.5663 70.0781 70.8568 163.659 84.52 68.4426 183.25 114.428 95.3988 85.1344 69.2291 68.5379 68.8393 64.6078 61.8563 83.3617 60.8214 57.1022 92.191 56.897 53.4761 63.1241 51.2174 50.7623
threshold=8.5000000000000018 0.11483516483516476 6.5000000000000009 9.5000000000000018 8.5000000000000018 6.5000000000000009 0.29198717948717956 -13.499999999999998 5.5000000000000009 7.9714999999999998 0.083920187719298212 8.5000000000000018 0.17974358974358975 0.097391598915989155 2.5000000000000004 0.27777777777777896 1.0000000180025095e-35 12.500000000000002 10.500000000000002 22.953500000000002 -0.38149999999999545 14.500000000000002 10.500000000000002 168.50000000000003 128.50000000000003 0.46756905066764226 95.07050000000001 -56.398499999999991 3.5000000000000004 6.5000000000000009
decision_type=2 2 2 2 2 2 2 2 2 2 2 2 2 2 2 2 2 2 2 2 2 2 2 2 2 2 2 2 2 2
left_child=5 2 -2 -4 -3 6 7 -1 19 10 26 13 22 16 15 17 29 -14 -19 20 28 -22 -13 24 -21 -16 -10 -28 -9 -7
right_child=1 4 3 -5 -6 11 -8 8 9 -11 -12 12 14 -15 25 -17 -18 18 -20 23 21 -23 -24 -25 -26 -27 27 -29 -30 -31
leaf_value=0.095185905707723242 0.0090219240790424746 -0.079408782079033624 0.12964900496807508 0.054557240748662333 0.00069238552901406303 -0.010954820311927418 -0.013915383378306384 0.0097648551516675633 0.051228437875864001 -0.045989402294482493 0.018759956893615162 -0.0075135157594644082 -0.1179358361366601 -0.047431073219527844 0.021588379163593796 -0.039872712482026146 -0.045175773452271258 -0.031396723001244103 0.0089898465333737229 0.044299696171524891 -0.030324516852478851 0.028479586025302785 0.049210492712344622 0.0031109880128066137 0.21025884918735166 -0.0052674522127293183 0.87356754638299483 0.1496182448619999 -0.11485301817891805 0.012032486553057243
leaf_weight=93.307494264096022 345.79736701399088 87.26263374928385 169.47279044985771 470.57639819383621 54962.422905310057 4498.6967372205108 1669.4194644540548 2772.2528125718236 74.812647190876305 143.99538825452328 135.59932947251946 240.71013333182782 53.651507542468607 892.54121459648013 1294.6922006672248 1212.1920459372923 490.95082962419838 608.68662770092487 1376.4367306157947 265.97038708627224 1097.8387956410879 308.90747176110744 880.36879739165306 288.90397754311562 38.291276931762695 2019.2548469910398 1.2149183973669995 139.42795449309051 33.377579296007752 1221.4844660758972
leaf_count=307 1198 1092 509 1207 287139 50733 8223 14748 761 1326 1200 995 420 11638 5091 5693 5296 2075 4476 1175 10111 1034 2787 1409 110 10636 4 641 214 6892
internal_value=9.02145e-05 0.00146141 0.0514939 0.0744401 0.000565412 -0.00342581 0.00379465 0.00927594 0.00776364 0.0437862 0.0806103 -0.00687419 -0.000334225 -0.0139503 -0.00671504 -0.018886 -0.00913908 -0.00640789 -0.00339365 0.00405272 -0.000298345 -0.0174117 0.0370311 0.0349519 0.0651856 0.00522458 0.119537 0.155872 0.00828232 -0.00604612
internal_weight=77888.5 56035.5 985.847 640.049 55049.7 21853 7063.32 5393.9 5300.59 495.05 351.055 14789.7 7685.99 7103.67 6564.91 3250.97 6211.13 2038.77 1985.12 4805.54 4212.38 1406.75 1121.08 593.166 304.262 3313.95 215.456 140.643 2805.63 5720.18
internal_count=439140 291145 2914 1716 288231 147995 41263 33040 32733 3932 2606 106732 32173 74559 28391 12664 62921 6971 6551 28801 26107 11145 3782 2694 1285 15727 1406 645 14962 57625
is_linear=0
shrinkage=0.1


Tree=75
num_leaves=31
num_cat=0
split_feature=6 12 12 11 4 9 5 4 6 6 2 5 3 8 9 9 9 10 10 5 11 9 10 9 9 6 4 4 9 5
split_gain=36.9772 54.7098 72.4737 50.7374 180.386 128.111 63.4648 90.6484 65.6544 65.4225 56.6857 53.4171 110.132 92.974 51.2382 146.465 130.405 113.192 145.72 123.31 159.601 107.722 218.479 207.184 168.77 143.103 137.427 111.667 103.079 97.9544
threshold=35.500000000000007 3.5000000000000004 -1.4999999999999998 0.61985915492957755 44.500000000000007 2.2704999999999989 2.5000000000000004 52.500000000000007 29.500000000000004 24.500000000000004 24.500000000000004 3.5000000000000004 1.0000000180025095e-35 77.660500000000013 5.9415000000000058 10.869499999999997 2.0545000000000049 -21.812000000000126 5.0050000000000106 1.5000000000000002 0.11483516483516476 1.0000000180025095e-35 -81.837499999999949 -1.0000000180025095e-35 -0.19749999999999798 5.5000000000000009 32.500000000000007 34.500000000000007 0.35249999999999915 1.5000000000000002
decision_type=2 2 2 2 2 2 2 2 2 2 2 2 2 2 2 2 2 2 2 2 2 2 2 2 2 2 2 2 2 2
left_child=3 2 -2 14 5 -5 7 8 10 11 -6 -8 13 -13 16 -16 21 29 19 20 -19 23 -23 24 -1 -25 -26 28 -24 -18
right_child=1 -3 -4 4 6 -7 9 -9 -10 -11 -12 12 -14 -15 15 -17 17 18 -20 -21 -22 22 27 25 26 -27 -28 -29 -30 -31
leaf_value=0.0018936303984023056 0.033739139402788686 0.046159748643803046 -0.0059651369640603101 -0.067345932575939918 -0.030082354343340473 0.055496397731547867 -0.010998422941862589 -0.05043869853183687 0.022272794462556825 0.018107862371740654 0.050598104689594317 -0.028513885925790617 -0.032563940912164517 0.033393354594812408 -0.023333795981523707 0.0021559321355282212 -0.01733053439769194 0.0092765880456926655 -0.002101592983623975 0.031049159999166777 0.13878443744040428 0.052776803569967813 -0.057035241892945711 0.00059299881169281611 -0.038405432615646898 0.048139876233653317 0.014652826259763064 0.016757270811846539 -0.017452596688983784 0.027353399912810085
leaf_weight=41602.518954575062 650.60085537284613 393.12319770082831 1567.0695484392345 701.5049043148756 810.59309595357627 96.58503882586956 3752.813728377223 622.2717339284718 553.73935317993164 1762.7933502197266 97.565276801586151 298.77728480566293 487.94831571355462 1290.0702585205436 3245.9903082847595 7378.2754058837891 990.876563757658 134.00049946457148 515.97055816650391 545.65992318838835 328.27499142289162 417.59354543685913 1038.5375450924039 1052.1265786399599 1882.8635692596436 1589.0060830116272 659.03109931945801 564.17748557776213 1795.0406131744385 971.68222430348396
leaf_count=196653 2644 1722 10247 14508 4479 261 17194 2649 2909 8818 347 3580 2008 6431 18474 35237 5980 971 2618 1691 807 1410 22880 13577 33204 6102 4347 2850 11534 3008
internal_value=7.82613e-05 0.0117778 0.00568296 -0.000327997 -0.00678477 -0.0524795 -0.00301603 -0.0184732 -0.00486669 0.00122706 -0.0214147 -0.00387746 0.00899027 0.0217519 0.000717141 -0.00563184 0.00196426 0.0206705 0.0411183 0.063243 0.101244 0.000675377 -0.0154817 0.00199298 0.000365262 0.029199 -0.0246491 -0.0238708 -0.0319601 0.00479292
internal_weight=77797.1 2610.79 2217.67 75186.3 10474.7 798.09 9676.57 2084.17 1461.9 7592.4 908.158 5829.61 2076.8 1588.85 64711.6 10624.3 54087.4 3486.46 1523.91 1007.94 462.275 50600.9 3815.35 46785.5 44144.4 2641.13 2541.89 3397.76 2833.58 1962.56
internal_count=439140 14613 12891 424527 63184 14769 48415 10384 7735 38031 4826 29213 12019 10011 361343 53711 307632 15075 6087 3469 1778 292557 38674 253883 234204 19679 37551 37264 34414 8988
is_linear=0
shrinkage=0.1


Tree=76
num_leaves=31
num_cat=0
split_feature=1 3 1 10 2 5 11 8 10 6 9 8 11 4 8 6 2 11 8 6 0 0 2 2 1 5 2 11 8 7
split_gain=36.4725 107.033 273.393 82.575 155.429 78.2477 158.134 75.0714 71.4214 68.8594 71.9483 65.1295 63.3708 158.888 59.1431 69.0424 58.1232 68.3937 60.8749 65.1678 56.9848 68.8952 81.0187 92.7043 97.908 89.8602 86.0967 63.3297 60.8679 75.5403
threshold=1.0000000180025095e-35 1.0000000180025095e-35 1.5000000000000002 105.26550000000002 24.500000000000004 1.5000000000000002 0.42365967365967366 70.947500000000005 46.755500000000019 18.500000000000004 -7.9234999999999962 70.947500000000005 0.66885964912280704 47.500000000000007 109.97800000000002 4.5000000000000009 1.0000000180025095e-35 0.18338603046852545 92.794500000000014 17.500000000000004 4.5000000000000009 124.50000000000001 23.500000000000004 24.500000000000004 2.5000000000000004 1.5000000000000002 4.5000000000000009 0.23623737373737372 85.84950000000002 10.500000000000002
decision_type=2 2 2 2 2 2 2 2 2 2 2 2 2 2 2 2 2 2 2 2 2 2 2 2 2 2 2 2 2 2
left_child=8 7 -3 5 -5 14 -7 -2 12 -10 -11 -8 -1 -14 -4 -16 17 -9 -19 -20 -18 22 25 24 27 26 28 -24 29 -22
right_child=1 2 3 4 -6 6 11 16 9 10 -12 -13 13 -15 15 -17 20 18 19 -21 21 -23 23 -25 -26 -27 -28 -29 -30 -31
leaf_value=0.0045990340155342155 -0.053886300397344079 -0.092011705182837744 -0.038755412974793721 0.027688757767845913 0.34359311532373554 0.024946779964631512 0.042769000182511535 -0.069147888889235995 -0.055790638066145627 -0.06366640208963896 0.021767285003764167 -0.021343316760671419 -0.058165814123424954 -0.0010986821496991668 -0.11143583334638681 0.10505712403687478 0.027808055685336341 -0.012861916305347368 0.25642664511949764 -0.085726993384122666 -0.056693517229610461 0.0037080259397735934 0.068399551526035329 -0.023413048503136601 -0.077842511459136288 0.0037713090838770186 -0.02184868431085393 0.017421660358323592 0.02053707889564834 0.036408193573590146
leaf_weight=31863.609298156458 255.59525296650827 422.46227104403079 1132.2469498030841 139.25014269351959 17.536093771457672 1290.3105957168154 168.72920927824453 253.69922669604421 408.94321182370186 133.70644837617874 375.15044775605202 2601.1564493812621 553.92210516706109 4092.4504210948944 19.638436615467072 58.948036372661591 773.17687661573291 141.11627745814621 18.364054309204224 7.9879663977771989 266.36788297537714 21354.295309724286 439.3532947297208 427.99024200439453 75.758610367774963 3522.9041142240167 5204.1116972267628 547.21116924332455 936.49735829886049 129.52756924182177
leaf_count=131732 2792 2238 10428 943 90 4013 429 4923 2444 565 1331 8923 11427 23019 356 325 3824 1691 91 64 2377 143197 1285 4668 1084 15404 52138 1972 4477 890
internal_value=6.90376e-05 -0.0020223 -0.0145256 -0.0084946 0.0630218 -0.0106218 -0.00396824 0.000106937 0.00231551 -0.0252362 -0.000681138 -0.0174379 0.00300811 -0.007902 -0.0329329 0.0509564 0.000511661 -0.0364072 0.0131919 0.152711 0.000973369 0.000342809 -0.00587914 0.0158806 0.0317113 -0.00910288 -0.0160415 0.040124 0.00664027 -0.0262329
internal_weight=77632 40204.2 5850.28 5427.82 156.786 5271.03 4060.2 34354 37427.8 917.8 508.857 2769.89 36510 4646.37 1210.83 78.5865 34098.4 421.168 167.468 26.352 33677.2 32904 11549.7 1490.31 1062.32 10059.4 6536.5 986.564 1332.39 395.895
internal_count=439140 268622 27745 25507 1033 24474 13365 240877 170518 4340 1896 9352 166178 34446 11109 681 238085 6769 1846 155 231316 227492 84295 9009 4341 75286 59882 3257 7744 3267
is_linear=0
shrinkage=0.1


Tree=77
num_leaves=31
num_cat=0
split_feature=5 9 6 4 10 4 6 8 2 9 2 11 2 7 4 9 11 4 6 9 7 1 9 8 1 4 11 2 2 10
split_gain=35.3442 35.1319 33.8058 174.254 94.1175 60.6559 51.2887 48.3366 77.4859 79.9213 100.15 93.7717 72.3238 65.1335 71.5616 63.4104 91.1806 122.364 63.0648 58.5182 57.3978 58.0293 55.8902 62.8275 63.4646 55.6777 122.58 54.6612 76.2431 62.9099
threshold=4.5000000000000009 2.6374999999999962 12.500000000000002 12.500000000000002 -51.300999999999988 9.5000000000000018 13.500000000000002 86.977500000000006 21.500000000000004 6.6524999999999972 20.500000000000004 0.81972222222222235 18.500000000000004 4.5000000000000009 38.500000000000007 2.0545000000000049 0.22295321637426904 16.500000000000004 26.500000000000004 -9.958499999999999 11.500000000000002 2.5000000000000004 12.839999999999998 84.039500000000018 2.5000000000000004 19.500000000000004 0.27637218045112782 4.5000000000000009 1.0000000180025095e-35 -197.09599999999998
decision_type=2 2 2 2 2 2 2 2 2 2 2 2 2 2 2 2 2 2 2 2 2 2 2 2 2 2 2 2 2 2
left_child=2 -2 -1 4 6 -6 -4 22 9 11 12 15 18 14 -14 20 -17 -18 -11 -10 25 -22 23 -5 -25 26 -9 28 -27 -29
right_child=1 -3 3 7 5 -7 -8 8 19 10 -12 -13 13 -15 -16 16 17 -19 -20 -21 21 -23 -24 24 -26 27 -28 29 -30 -31
leaf_value=-0.0020121314022454521 -0.03620518174758669 0.036235626443298391 0.11813059710323937 -8.7756302448583571e-05 -0.049914833911385167 0.030505310202448871 0.047274204061552291 0.010063209817852354 -0.043574116179508113 -0.0065944931284026677 0.086241796513495048 -0.035088730670879024 -0.038315032697174213 -0.017087075326579548 -0.16540833387845899 -0.035196651552801161 0.17870543886258983 0.037553134494893912 0.027460081194493575 -0.0038055534333935022 0.0031687701775929404 -0.070314943955753176 0.038421608936890936 -0.016720094060688521 0.036285367707287602 0.038718460357225176 -0.085374602937498684 -0.01741881468960349 -0.015119172853375032 0.032411752212752477
leaf_weight=35787.124612300191 455.99377971515059 78.467966690659523 181.37995158880949 16599.033299356699 108.85366448014975 677.5980224609375 233.88144242018461 1173.242184267845 418.72586965560913 2782.4079545550048 120.75854778289795 398.82807461451739 122.45281615108252 580.2271069586277 69.418735332787037 157.93192194402218 65.435755617916584 999.65900378674269 675.89369935169816 3180.1674532443285 3060.8061271738261 111.37491498328745 333.15889437496662 4000.4638344943523 239.40456774830818 402.34841589117423 152.0170971294865 274.76452205330133 759.74339027702808 3251.2701528463513
leaf_count=218546 4931 244 406 79644 597 2631 596 7949 2020 11830 452 10081 802 2746 297 1001 119 3977 2671 17337 16338 569 1111 23086 614 2335 3215 1055 4302 17638
internal_value=5.73176e-05 -0.0255697 0.000235385 0.00219088 0.03971 0.0193743 0.0782232 0.00106172 0.00475817 0.00788986 -0.00355368 0.0124971 -0.00611693 -0.0337892 -0.0842971 0.0143205 0.0357109 0.046225 6.11646e-05 -0.00843257 0.0114724 0.000588765 -0.00221317 -0.00286281 -0.0137271 0.0172138 -0.000884217 0.0223298 0.00352091 0.0285287
internal_weight=77452.8 534.462 76918.4 41131.2 1201.71 786.452 415.261 39929.5 18757.5 15158.6 4351.16 10807.4 4230.4 772.099 191.872 10408.6 1223.03 1065.09 3458.3 3598.89 9185.57 3172.18 21172.1 20838.9 4239.87 6013.39 1325.26 4688.13 1162.09 3526.03
internal_count=439140 5175 433965 215419 4230 3228 1002 211189 106734 87377 18798 68579 18346 3845 1099 58498 5097 4096 14501 19357 53401 16907 104455 103344 23700 36494 11164 25330 6637 18693
is_linear=0
shrinkage=0.1


Tree=78
num_leaves=31
num_cat=0
split_feature=4 6 4 11 11 8 2 2 7 9 9 10 0 2 2 10 10 10 11 10 10 2 5 2 1 4 10 11 2 10
split_gain=34.1942 36.7949 33.5067 64.3172 39.5138 34.4409 158.011 174.872 139.147 130.324 92.5003 92.3216 102.844 91.8291 90.4333 107.708 92.5919 82.2321 80.6201 79.6127 88.0698 121.503 125.297 113.319 187.117 137.718 108.915 123.483 152.628 100.862
threshold=72.500000000000014 49.500000000000007 68.500000000000014 0.95199692780337952 0.98591549295778835 95.970500000000015 17.500000000000004 14.500000000000002 9.5000000000000018 -4.0095000000000018 19.837500000000006 -66.604999999999976 225.50000000000003 16.500000000000004 13.500000000000002 -43.569999999999887 -52.688000000000024 -29.220999999999993 0.57932875667429462 -143.90399999999997 -79.088000000000093 19.500000000000004 1.5000000000000002 20.500000000000004 1.5000000000000002 44.500000000000007 -87.871500000000154 0.26953601953598466 20.500000000000004 -17.093499999999988
decision_type=2 2 2 2 2 2 2 2 2 2 2 2 2 2 2 2 2 2 2 2 2 2 2 2 2 2 2 2 2 2
left_child=1 2 3 5 -5 6 7 10 19 11 -1 -9 -13 14 16 -16 -7 -14 -17 -8 26 22 29 25 -25 -23 -21 28 -28 -22
right_child=-2 -3 -4 4 -6 13 8 9 -10 -11 -12 12 17 -15 15 18 -18 -19 -20 20 21 23 -24 24 -26 -27 27 -29 -30 -31
leaf_value=-0.0014421984029474204 -0.092976546285334388 0.03578606132889528 0.031462702069995657 -0.082542247456045548 0.066987746219264482 0.024083857208193133 -0.034904680190040061 -0.036909658285139244 -0.0026295666312195144 -0.038147809549267213 -0.073383018669542249 -0.017234212861388872 0.039320003036811574 -0.0048527788684298665 -0.026911670221608036 0.035291557795687017 8.6259282215337703e-05 -0.009513103499107908 -0.01966676933930378 0.014306259977178199 0.070052140486630429 -0.0083955022266398501 0.050645416821478773 0.044175744048303101 -0.0011137172689917256 -0.11468915766464505 0.21339279163687586 -0.015767509469067142 0.057581619237447659 -0.038970655732568665
leaf_weight=29457.633316599531 39.489236116409302 287.87893592566252 336.32829308509827 139.37568990141153 20.238430023193359 1905.7724783867598 294.09712600708008 916.45856237411499 7811.8164920806885 2456.9702761676162 179.81888805702329 1728.0403649061918 832.09085941314697 9213.3143749237061 384.91543467342854 2523.6239588968456 10283.973418856971 588.88065321743488 298.48711762204766 366.69852638244629 115.01713445782661 840.40151670575142 1443.57064820081 1368.6585698183626 2735.7226014975458 142.57097575068474 113.68267561495304 79.196611985564232 140.65467083454132 323.61895078606904
leaf_count=165783 222 1565 1507 3025 285 7666 1243 4559 39356 21214 1484 8060 2892 62409 2002 14000 53562 2777 4040 1403 607 4696 6115 5577 13870 1057 357 307 379 7121
internal_value=5.40945e-05 0.000101602 -3.17392e-05 -0.000169832 -0.0635824 -3.76035e-05 -0.00149776 -0.00514104 0.00685307 -0.0199649 -0.00187868 -0.00897605 -0.000846514 0.00304383 0.0077691 0.0227106 0.0038381 0.0190825 0.0294788 0.0161546 0.0181125 0.0147159 0.0364231 0.00668476 0.0139886 -0.0238124 0.0519192 0.0932722 0.127225 -0.0103832
internal_weight=77369 77329.5 77041.6 76705.3 159.614 76545.7 51935.6 36159.9 15775.7 6522.44 29637.5 4065.47 3149.01 24610.1 15396.8 3207.03 12189.7 1420.97 2822.11 7963.89 7669.79 6969.56 1882.21 5087.35 4104.38 982.972 700.232 333.534 254.337 438.636
internal_count=439140 438918 437353 435846 3310 432536 288857 206769 82088 39502 167267 18288 13729 143679 81270 20042 61228 5669 18040 42732 41489 39043 13843 25200 19447 5753 2446 1043 736 7728
is_linear=0
shrinkage=0.1


Tree=79
num_leaves=31
num_cat=0
split_feature=1 6 11 6 11 4 11 2 12 10 4 11 7 11 6 2 9 9 5 8 11 5 9 9 11 2 2 1 5 2
split_gain=33.6984 32.5532 53.7527 41.7838 136.469 96.6045 57.3243 50.8601 70.0191 57.0776 50.897 84.7463 59.6288 57.8597 138.373 44.2733 59.892 57.6594 52.6042 59.4276 40.4465 54.0635 40.3524 161.387 59.1949 64.3028 159.431 83.3132 102.384 82.3137
threshold=3.5000000000000004 1.5000000000000002 0.014389233954451302 4.5000000000000009 0.05594679186228476 3.5000000000000004 0.043167701863354009 6.5000000000000009 -13.499999999999998 -7.2369999999999868 8.5000000000000018 0.17124060150375939 16.500000000000004 0.041960093896713561 3.5000000000000004 3.5000000000000004 22.076500000000006 -2.8199999999999998 1.5000000000000002 99.898500000000013 0.61143790849673219 2.5000000000000004 -12.687000000000003 -9.958499999999999 0.152475845410628 11.500000000000002 5.5000000000000009 1.0000000180025095e-35 2.5000000000000004 18.500000000000004
decision_type=2 2 2 2 2 2 2 2 2 2 2 2 2 2 2 2 2 2 2 2 2 2 2 2 2 2 2 2 2 2
left_child=1 -1 -3 7 5 6 -5 8 -4 -10 13 12 -12 14 -9 16 17 -11 19 -17 21 -13 -6 24 -24 26 -26 28 -28 -27
right_child=-2 2 3 4 22 -7 -8 10 9 15 11 20 -14 -15 -16 18 -18 -19 -20 -21 -22 -23 23 -25 25 29 27 -29 -30 -31
leaf_value=-0.026267640777106895 -0.047455411042799267 0.031611592193115372 0.11412064595687027 0.018006835323018385 0.0048864012422293601 0.072112481836292999 -0.11145569102099287 -0.024833859615225218 -0.0090507662618436371 0.026279902240398889 0.067821222037162177 -0.026299846089169705 -0.002933501049249638 -0.041366341333956204 0.068149852245662487 0.05593679157470708 0.081512121270789398 -0.073365549440580505 0.074588585725131135 -0.059638669592381927 -0.069948848518629231 0.0097643691812289175 0.0032243169930132537 0.00063015070828909144 -0.013659657771057827 0.017755081020757697 -0.12614402469532382 -0.035208562630472895 -0.0098047137544784706 -0.029677667189374524
leaf_weight=463.95623536920175 149.03803563117981 544.4039073381573 56.862949758768082 494.98701773583889 14871.723034443334 447.52604086697102 36.740573883056641 925.75360154360533 1554.9095184057951 106.27143023908138 250.77465687133372 877.47385378926992 226.85936117172241 1059.1378033384681 193.49435424804688 98.727780275046825 63.217469096183777 128.03112304769456 253.38959982246161 80.982175871729851 117.37462819181383 789.82411459833384 907.6457079667598 49137.398062970489 1137.3660934083164 624.61783907189965 347.28595041483641 343.38661970943213 96.710419073700905 883.15586298704147
leaf_count=18378 1355 1652 158 1480 56920 1233 215 13202 9648 776 752 4291 862 12226 701 723 243 1504 737 799 1343 4179 5546 287062 3974 2169 1391 1942 284 3395
internal_value=4.93083e-05 0.000141113 0.000300951 7.69951e-05 0.00080988 0.0378762 0.00906141 -0.00741368 0.00450892 0.00178183 -0.0137026 -0.00319725 0.0342152 -0.0246128 -0.00875894 0.0248358 -0.00486448 -0.0281699 0.0452386 0.00385536 -0.01321 -0.00921569 0.000278824 -0.00100251 -0.0194867 -0.0254921 -0.0376062 -0.0721967 -0.100803 -0.0100279
internal_weight=77269 77120 76656 76111.6 69328.5 979.254 531.728 6783.08 2342.39 2285.53 4440.69 2262.31 477.634 2178.39 1119.25 730.62 297.52 234.303 433.1 179.71 1784.67 1667.3 68349.3 53477.6 4340.17 3432.52 1924.75 787.383 443.996 1507.77
internal_count=439140 437785 419407 417755 365611 2928 1695 52144 14588 14430 37556 11427 1614 26129 13903 4782 2523 2280 2259 1522 9813 8470 362683 305763 18701 13155 7591 3617 1675 5564
is_linear=0
shrinkage=0.1


Tree=80
num_leaves=31
num_cat=0
split_feature=12 12 9 9 9 9 6 3 10 2 10 10 8 3 11 2 2 5 8 10 9 2 9 2 9 2 10 5 8 6
split_gain=32.2034 98.2203 103.41 185.879 224.706 135.356 126.175 111.574 102.071 99.9598 111.489 90.8931 80.4193 71.8724 69.572 70.689 92.5945 92.2698 69.4023 79.5666 79.1208 74.9452 84.3193 72.1733 70.4878 68.4389 63.5392 62.269 90.6307 60.2275
threshold=-1.4999999999999998 1.0000000180025095e-35 1.8204999999999956 1.0000000180025095e-35 -1.0000000180025095e-35 -2.6814999999999993 10.500000000000002 1.0000000180025095e-35 6.9885000000000028 23.500000000000004 -55.775500000000001 -22.13699999999999 90.874500000000012 1.0000000180025095e-35 0.051503094606542808 18.500000000000004 20.500000000000004 1.5000000000000002 82.228500000000011 -61.749000000000002 -4.6544999999999979 6.5000000000000009 -13.051499999999994 9.5000000000000018 -10.080500000000006 2.5000000000000004 14.24 2.5000000000000004 91.451000000000008 39.500000000000007
decision_type=2 2 2 2 2 2 2 2 2 2 2 2 2 2 2 2 2 2 2 2 2 2 2 2 2 2 2 2 2 2
left_child=18 2 3 4 5 -2 25 8 11 10 -5 -7 -13 27 -14 -16 17 -17 20 -20 21 -1 23 -23 -24 -6 -21 -12 -29 -3
right_child=1 29 -4 9 6 7 -8 -9 -10 -11 13 12 14 -15 15 16 -18 -19 19 26 -22 22 24 -25 -26 -27 -28 28 -30 -31
leaf_value=0.02533238648378517 -0.0010514734680980666 0.001299122952178761 0.0089064526266016096 0.023204086434468172 -0.079953586658081555 -0.014581177215423747 0.071122830892214481 0.042495982130188806 0.047489606695797638 0.025354488989195581 -0.068267505880295579 -0.063131259693114755 0.10296052503548601 0.082011148426000963 -0.046974926254301066 -0.039353537732070509 -0.037019280932027991 0.11345837106777729 -0.013964435610047975 0.0055447688597603509 0.030804336706298754 -0.0095944016263444995 -0.060984924843241022 0.027036544048136935 -0.0086355652629456579 0.017575568207608472 -0.014428399602532935 -0.06511215598454187 0.0060797254136760095 0.035949571472165417
leaf_weight=1402.898315474391 6394.3150329589844 33697.321642749012 3259.675407409668 225.84724417328835 78.779045806499198 2143.6075931042433 513.77476851269603 246.35032487707213 179.08591262623668 235.87852573394775 1156.0955666280352 1079.6464611743577 40.454306803643703 39.726518841460347 834.53788790246472 61.150904431473464 235.21667340397835 111.67143237777054 3423.5906422138214 12515.392586708069 1631.3446652889252 951.71644847840071 320.46792984008789 1236.9523571208119 1303.0946106463671 830.08250033482909 1825.0082147121429 370.39707162277773 345.72986254841089 509.2025633007288
leaf_count=4939 30222 157606 14396 1092 1421 16288 2260 821 1016 3545 25232 25181 587 139 17269 2867 6857 624 16718 55711 5663 4367 1467 3962 5637 9146 10809 6767 4013 2518
internal_value=4.40478e-05 -0.00135315 -0.00724855 -0.0107308 -0.0059469 -0.0106522 0.0315131 -0.0231001 -0.0265491 -0.0364245 -0.0432411 -0.0294915 -0.0430192 -0.0510898 -0.0260954 -0.030297 0.00381337 0.0593879 0.00302964 -0.000267142 0.0115835 0.00557107 -0.00170108 0.011108 -0.0189686 0.00912186 0.00300292 -0.0539141 -0.0307423 0.00181493
internal_weight=77199 52588.5 18382 15122.3 12748.7 11326 1422.64 4931.72 4685.37 2373.67 2137.8 4506.29 2362.68 1911.95 1283.03 1242.58 408.039 172.822 24610.5 17764 6846.47 5215.13 3812.23 2188.67 1623.56 908.862 14340.4 1872.22 716.127 34206.5
internal_count=439140 329867 169743 155347 114559 101732 12827 71510 70689 40788 37243 69673 53385 36151 28204 27617 10348 3491 109273 83238 26035 20372 15433 8329 7104 10567 66520 36012 10780 160124
is_linear=0
shrinkage=0.1


Tree=81
num_leaves=31
num_cat=0
split_feature=6 4 4 5 4 6 5 11 5 8 11 8 8 11 5 10 5 7 12 8 2 2 9 12 8 10 10 9 9 11
split_gain=33.9329 148.07 74.126 51.5498 46.8238 132.978 63.28 46.7682 45.7326 43.6355 44.7682 43.5412 73.5695 43.4921 96.6254 77.4322 52.3104 42.5075 41.2024 40.2517 77.3351 187.32 98.3872 77.2655 74.6075 66.9606 90.3316 66.8473 61.98 58.5156
threshold=19.500000000000004 19.500000000000004 16.500000000000004 1.5000000000000002 28.500000000000004 28.500000000000004 2.5000000000000004 0.90070422535211281 1.5000000000000002 89.145500000000013 0.85982456140350882 75.631500000000017 71.145500000000013 0.38924963924963929 1.5000000000000002 -3.1045000000000011 1.5000000000000002 4.5000000000000009 -5.4999999999999991 96.852500000000006 17.500000000000004 15.500000000000002 -3.9229999999999965 -8.4999999999999982 74.912500000000009 -66.604999999999976 -21.926999999999996 -16.084999999999997 19.837500000000006 0.57932875667429462
decision_type=2 2 2 2 2 2 2 2 2 2 2 2 2 2 2 2 2 2 2 2 2 2 2 2 2 2 2 2 2 2
left_child=7 2 -2 -4 5 6 13 19 -7 11 -11 12 -6 16 15 -15 17 -3 -19 20 21 23 25 -1 -22 -23 -27 -26 -25 -21
right_child=1 4 3 -5 9 8 -8 -9 -10 10 -12 -13 -14 14 -16 -17 -18 18 -20 29 24 22 -24 28 27 26 -28 -29 -30 -31
leaf_value=0.022544892696211453 -0.0062374467486585247 -0.028866088822882691 0.095161755677410337 -0.014086991815629352 -0.022006933408244424 0.097090904037551648 -0.075794224705855284 -0.056769822227344204 -0.018802025249640461 0.013417538180138466 -0.029251684855439376 -0.0016888691975524214 0.034367250096212949 -0.016394125518732438 -0.10292784209385875 0.19560803857545955 0.015140707882240388 -0.039173679917370557 0.00034675673454699618 0.0042663022583905351 -0.058316356086239141 -0.047265913704587097 -0.050697991138029933 -0.0034060498485526669 0.021024354791087375 0.0067509630957947476 -0.037191463843956649 0.0011635558231819947 -0.061088374893816667 -0.018057150711047017
leaf_weight=1164.7087904065847 135.40251025557518 944.8838327806443 317.71003417763859 49.986460878513753 318.92771407216787 162.29343184828758 139.2298709563911 151.43651962280273 43.09002785757184 5709.9991921521723 256.95490550994873 8687.9049728251994 844.39372253417969 135.29074694216251 145.15694522857666 19.742261324077845 1005.8085780851543 297.51864667236805 2327.8504806924611 16987.293424736708 191.0642177388072 540.97497773170471 1169.5206317901611 20080.200095118256 2059.799509331584 1409.7726330757141 700.14457964897156 9560.7702862769365 188.02415301650763 1261.4104776382446
leaf_count=4908 588 6567 1059 259 1765 513 1259 3319 278 27147 5294 42648 3251 3231 1286 201 4695 1583 12931 101268 776 3110 12754 117743 7228 6177 4231 51659 1500 9912
internal_value=3.49935e-05 0.00340329 0.0570168 0.0803099 0.00212125 -0.00609034 -0.00931992 -0.00127322 0.0727762 0.00483152 0.0115801 0.00074388 0.0189121 -0.0074219 -0.044295 0.0106027 -0.00500302 -0.0106779 -0.00413188 -0.00112128 -0.00301411 -0.00613804 -0.0265375 -0.00250185 0.00366488 -0.0158783 -0.00783068 0.00468397 -0.00394116 0.00272323
internal_weight=77007.3 21542.1 503.099 367.696 21039 5220.86 5015.48 55465.1 205.383 15818.2 5966.95 9851.23 1163.32 4876.25 300.19 155.033 4576.06 3570.25 2625.37 55313.7 37065 25253.3 3820.41 21432.9 11811.6 2650.89 2109.92 11620.6 20268.2 18248.7
internal_count=439140 114555 1906 1318 112649 32544 31753 324585 791 80105 32441 47664 5016 30494 4718 3432 25776 21081 14514 321266 210086 150423 26272 124151 59663 13518 10408 58887 119243 111180
is_linear=0
shrinkage=0.1


Tree=82
num_leaves=31
num_cat=0
split_feature=6 11 4 6 10 8 10 10 8 9 1 2 8 2 2 7 4 7 10 5 10 6 2 0 6 4 4 2 8 1
split_gain=32.1333 296.234 102.97 54.6869 51.6436 67.1855 86.1822 65.3372 164.938 123.181 92.8461 95.4083 70.4421 82.5418 147.489 155.635 91.9115 83.4834 75.9223 80.4165 65.7248 63.6606 60.1029 55.3957 54.8937 149.384 71.2923 54.8668 49.1152 45.9368
threshold=11.500000000000002 0.15277777777777893 9.5000000000000018 12.500000000000002 -16.912500000000247 93.199500000000015 9.1395000000000071 -22.511500000000204 90.051500000000019 -3.1194999999999946 1.0000000180025095e-35 1.5000000000000002 98.69250000000001 20.500000000000004 18.500000000000004 6.5000000000000009 23.500000000000004 10.500000000000002 -32.692999999999977 1.5000000000000002 -52.187999999999988 27.500000000000004 4.5000000000000009 128.50000000000003 13.500000000000002 13.500000000000002 13.500000000000002 1.0000000180025095e-35 97.366000000000014 1.5000000000000002
decision_type=2 2 2 2 2 2 2 2 2 2 2 2 2 2 2 2 2 2 2 2 2 2 2 2 2 2 2 2 2 2
left_child=-1 2 -2 -4 7 29 22 10 9 -9 12 -12 13 14 18 -16 17 -15 19 20 -3 23 27 -8 26 -26 -13 -7 -23 -6
right_child=1 4 3 -5 5 6 21 8 -10 -11 11 24 -14 16 15 -17 -18 -19 -20 -21 -22 28 -24 -25 25 -27 -28 -29 -30 -31
leaf_value=-0.0023932189328765654 0.0057843184354261883 0.05998471887384689 0.11203342866353311 0.054818801566499681 -0.0087656614974813054 0.18631357374675356 -0.03113248483342437 0.0011222703973357492 0.0031444811576264286 -0.063744777794150193 -0.051807673779138579 -0.035287331280597703 -0.012843168082881327 0.057097232309643475 -0.10460733793906958 -0.0040012246005518967 0.044103343502831988 -0.11212704352255201 0.024673002272340226 0.0015800761392716759 -0.019052128225716513 0.092460022963504931 0.030524947128289528 0.0045580663231283075 0.05939433853704347 -0.0040451774192880562 0.001709982901676466 -0.0027436585329429376 0.011179432091783063 0.0073770670737020585
leaf_weight=31962.752048190916 308.95624347031116 427.06184290349483 254.78368744254112 485.19703584909439 3539.9752600267529 15.625731430947779 712.25232706591487 436.95777201652527 2004.6069021821022 887.04139243066311 445.02584873139858 1207.7660558391362 1869.8968684673309 47.204889826476574 240.11936448141932 427.56959671899676 989.66907075047493 76.229901716113091 2237.1864858455956 8320.6124567268416 139.60770454350859 110.960569255054 2746.2506590262055 1116.7123397104442 385.54131050221622 9964.6334445700049 915.7415729239583 871.53787231445312 225.28229875862598 3511.3969786390662
leaf_count=201431 1113 1200 746 1288 22224 41 4136 1504 15360 15207 3556 8197 7455 159 1258 1881 4208 346 8242 29986 491 328 20299 5026 1067 47849 3186 4744 835 25777
internal_value=3.03964e-05 0.00175486 0.0542733 0.0745184 0.000499209 0.00583009 0.0138038 -0.00170893 -0.0149463 -0.0423368 -0.000117884 -0.00631011 0.00529631 0.00792461 0.0054675 -0.040182 0.0339551 -0.047411 0.00820737 0.0040625 0.0405128 -0.00198881 0.0232149 -0.00934088 -0.00468688 -0.00168207 -0.0193326 0.000586232 0.0380021 -0.000727009
internal_weight=76884.2 44921.4 1048.94 739.981 43872.5 12850 5798.62 31022.5 3328.61 1324 27693.9 12918.7 14775.2 12905.3 11792.2 667.689 1113.1 123.435 11124.5 8887.28 566.67 2165.21 3633.41 1828.96 12473.7 10350.2 2123.51 887.164 336.243 7051.37
internal_count=439140 237709 3147 2034 234562 83410 35409 151152 32071 16711 119081 63855 55226 47771 43058 3139 4713 505 39919 31677 1691 10325 25084 9162 60299 48916 11383 4785 1163 48001
is_linear=0
shrinkage=0.1


Tree=83
num_leaves=31
num_cat=0
split_feature=12 1 6 11 4 6 11 6 0 11 11 6 4 1 11 11 7 8 2 12 6 10 10 2 10 2 11 2 8 0
split_gain=30.2803 29.7065 28.8333 39.5537 37.266 34.1435 201.406 52.5893 40.9883 40.1113 42.935 124.554 67.9891 41.5693 38.9816 58.5044 37.6883 45.3557 34.5793 34.2667 33.2251 33.0099 171.595 90.047 74.1571 81.2789 145.06 103.815 66.7787 57.396
threshold=13.500000000000002 3.5000000000000004 1.5000000000000002 0.014389233954451302 1.5000000000000002 2.5000000000000004 0.027973395931138855 3.5000000000000004 839.50000000000011 0.039250700280112009 0.041960093896713561 3.5000000000000004 3.5000000000000004 2.5000000000000004 0.039250700280112009 0.15849282296650716 18.500000000000004 100.26200000000001 23.500000000000004 -2.4999999999999996 6.5000000000000009 -37.987999999999992 -51.300999999999988 11.500000000000002 -36.935499999999998 21.500000000000004 0.26352339181286555 22.500000000000004 98.287500000000009 799.50000000000011
decision_type=2 2 2 2 2 2 2 2 2 2 2 2 2 2 2 2 2 2 2 2 2 2 2 2 2 2 2 2 2 2
left_child=1 2 -1 20 -5 14 7 8 -7 13 11 -11 19 16 -6 -16 18 -18 -8 -12 -4 22 -14 -24 25 -23 27 29 -25 -27
right_child=-2 -3 3 4 5 6 9 -9 -10 10 12 -13 21 -15 15 -17 17 -19 -20 -21 -22 24 23 28 -26 26 -28 -29 -30 -31
leaf_value=-0.025280188292883907 0.033073773795184704 -0.045549973897340085 0.030564009193245274 -0.083100109731302663 -0.037166241401765741 0.1639478546385012 -0.068282158619343822 0.048605323004809957 0.010465991879651193 -0.013449481158958474 0.03151917688851763 0.067469715537956221 0.0027659022716995281 0.021481372241786305 0.036480787844831046 -0.02165554302195169 -0.042961625753435699 0.24710080820622507 0.052068311894417241 -0.0681822408097051 -0.16796404064725023 0.012350400330186148 -0.024505122305687271 -0.00014197321828967311 0.0011521839757223349 0.1489451768277712 0.018651697768154726 0.041193382773348615 -0.030451797580109914 0.34236342972361983
leaf_weight=448.67324937705416 276.31157903000712 143.47521055489779 521.84780887980014 53.986543302424252 522.98250305280089 94.865567727945745 274.93748525157571 170.99066822975874 21.308134227991104 414.33648118376732 41.195980437099934 351.66756692528725 20173.307525634766 114.84800374507904 263.00465703755617 506.36920855380595 13.021206479519607 9.1991878338158113 26.143929220736027 211.20971589628607 8.5683169364929181 947.88656952045858 4179.5309586580843 4559.4214137196541 41274.014219000936 29.1640007738024 171.77101935259998 38.420950457453728 864.75966519117355 32.371862806379795
leaf_count=18276 1063 1351 1577 673 8190 268 3517 447 90 4573 333 898 88007 388 1719 4159 97 26 188 3760 49 3710 18619 18836 252922 117 605 138 4464 80
internal_value=2.93983e-05 -8.99813e-05 -4.54252e-06 0.000144889 -4.664e-05 1.29001e-05 0.000294265 0.083879 0.135797 -3.12942e-05 0.000149054 0.0237 -9.96964e-05 -0.030198 -0.0161011 -0.00178208 -0.0485563 0.0771235 -0.0578317 -0.0519096 0.027357 8.12502e-05 -0.00247182 -0.013474 0.00187029 0.0261723 0.074388 0.170168 -0.00497417 0.250696
internal_weight=76759.6 76483.3 76339.8 75891.1 75360.7 75306.7 74014.4 287.164 116.174 73727.2 73289.1 766.004 72523.1 438.15 1292.36 769.374 323.302 22.2204 301.081 252.406 530.416 72270.6 29777 9603.71 42493.6 1219.61 271.728 99.9568 5424.18 61.5359
internal_count=439140 438077 436726 418450 416824 416151 402083 805 358 401278 397062 5471 391591 4216 14068 5878 3828 123 3705 4093 1626 387498 129926 41919 257572 4650 940 335 23300 197
is_linear=0
shrinkage=0.1


Tree=84
num_leaves=31
num_cat=0
split_feature=4 4 11 9 9 9 9 10 10 5 11 9 9 9 10 6 4 8 2 12 4 8 11 4 12 10 1 10 12 2
split_gain=26.6259 35.2655 91.0068 80.4676 33.419 112.83 112.451 109.063 110.538 91.2431 106.065 82.7592 181.545 162.451 145.043 108.566 100.33 87.9253 93.8749 84.6468 106.891 80.9806 89.8231 100.306 76.9444 75.782 75.0977 68.3445 67.7559 63.4169
threshold=72.500000000000014 65.500000000000014 0.89376503237742833 0.84649999999999903 5.9415000000000058 2.0545000000000049 10.869499999999997 -21.812000000000126 5.0050000000000106 1.5000000000000002 0.11483516483516476 1.0000000180025095e-35 -1.0000000180025095e-35 -0.19749999999999798 -81.837499999999949 5.5000000000000009 41.500000000000007 79.58150000000002 22.500000000000004 -1.0000000180025095e-35 23.500000000000004 78.879500000000021 0.44884877027734177 32.500000000000007 -1.0000000180025095e-35 -10.378999999999996 1.0000000180025095e-35 -41.067499999999995 4.5000000000000009 20.500000000000004
decision_type=2 2 2 2 2 2 2 2 2 2 2 2 2 2 2 2 2 2 2 2 2 2 2 2 2 2 2 2 2 2
left_child=1 2 4 -4 5 11 29 -7 9 10 -9 12 13 -1 -13 26 17 -16 -19 -15 28 -22 -23 -24 -17 -12 -14 -8 -21 -6
right_child=-2 -3 3 -5 6 7 27 8 -10 -11 25 14 15 19 16 24 -18 18 -20 20 21 22 23 -25 -26 -27 -28 -29 -30 -31
leaf_value=0.0011525271251400201 -0.083502494587193263 0.019580578766434133 -0.07193495915200715 0.037277751470529065 -0.022340953265617178 0.002616598748541395 -0.01320505635406426 0.0093611913391398079 -0.0019460010001696563 0.030500413610442242 0.045064622988294799 0.039949519381567052 -0.040625377666639782 0.012943996519253882 -0.081296772488226948 0.0081584478078791552 0.0085072387619028311 -0.032536479179974036 0.0080846997485194069 -0.061845802980464964 -0.058743718659255428 0.043690468467285581 -0.085228676952126728 -0.0046723249576768235 0.053700349042091311 0.14564127378823546 0.017503859320011955 0.0071231187045441629 0.042868140593456103 0.028646080987814196
leaf_weight=47818.039401140064 38.145430237054825 914.92076146602631 308.51804341003299 86.345845367759466 3582.6523491032422 2303.5972933769226 2249.2630348205566 131.60562947764993 549.63705158233643 771.63224206119776 108.32810416817665 471.23589277267456 316.80584267014638 596.62637774832547 274.35540801286697 522.79453229159117 1043.288273870945 2223.7403975650668 764.49572935700417 930.49910352937877 335.85650787502527 308.4880000911653 181.80657156929374 1031.8250280022621 1277.5647163242102 242.8855534568429 744.61463715322316 6248.257625579834 66.188255339860916 261.76491212844849
leaf_count=223864 222 4200 9009 404 19691 10358 11048 971 2752 2463 376 1635 3242 2496 5395 1771 8910 29565 5299 23205 5759 2533 4637 13001 5353 471 10896 28400 277 937
internal_value=2.36723e-05 6.52302e-05 -0.000170471 -0.0480532 8.04272e-05 0.00101239 -0.00467803 0.0170366 0.0354492 0.0518338 0.0859284 -0.000104982 0.00100849 -0.000359736 -0.0127221 0.0255205 -0.0184865 -0.0271184 -0.0221442 -0.0213123 -0.0284719 -0.0142992 -0.00449253 -0.01674 0.0404757 0.114619 0.000153825 0.00174232 -0.0548919 -0.0188693
internal_weight=76705.8 76667.6 75752.7 394.864 75357.8 63015.9 12341.9 4107.69 1804.09 1254.45 482.819 58908.2 54131.1 51269.3 4777.12 2861.78 4305.88 3262.59 2988.24 3451.29 2854.66 1857.98 1522.12 1213.63 1800.36 351.214 1061.42 8497.52 996.687 3844.42
internal_count=439140 438918 434718 9413 425305 365229 60076 17391 7033 4281 1818 347838 297034 275772 50804 21262 49169 40259 34864 51908 49412 25930 20171 17638 7124 847 14138 39448 23482 20628
is_linear=0
shrinkage=0.1


Tree=85
num_leaves=31
num_cat=0
split_feature=1 1 2 3 2 2 10 2 2 10 8 5 1 1 8 8 11 2 8 1 1 11 10 10 8 1 2 10 10 2
split_gain=27.6609 108.235 308.905 253.35 84.7222 213.061 193.254 292.766 117.1 161.66 104.69 101.545 152.813 92.538 81.0561 88.1441 125.972 107.86 101.18 176.209 133.779 122.703 99.2379 123.233 82.2222 84.3589 76.1335 75.2303 86.6366 81.0982
threshold=1.0000000180025095e-35 1.5000000000000002 13.500000000000002 1.0000000180025095e-35 7.5000000000000009 9.5000000000000018 46.755500000000019 6.5000000000000009 12.500000000000002 -71.896000000000242 103.23250000000002 1.5000000000000002 2.5000000000000004 2.5000000000000004 94.959500000000006 90.96250000000002 0.15849282296650716 16.500000000000004 87.946500000000015 2.5000000000000004 2.5000000000000004 0.23746867167919791 -80.267499999999998 -87.871500000000154 87.383500000000012 2.5000000000000004 1.5000000000000002 -63.290000000000013 -66.604999999999976 10.500000000000002
decision_type=2 2 2 2 2 2 2 2 2 2 2 2 2 2 2 2 2 2 2 2 2 2 2 2 2 2 2 2 2 2
left_child=-1 2 -2 -4 6 11 -3 26 9 -7 14 13 -13 -6 15 17 -17 24 20 -20 21 22 23 -19 25 -10 -8 28 -11 -30
right_child=1 4 3 -5 5 8 7 -9 10 27 -12 12 -14 -15 -16 16 -18 18 19 -21 -22 -23 -24 -25 -26 -27 -28 -29 29 -31
leaf_value=0.0019854608512581353 -0.056354670165849718 0.0036155911186609535 0.017139877811809808 -0.1071483160517816 -0.063712579071418307 -0.026689863894257412 -0.062459709518339179 0.18801762504846403 -0.034425044787332118 0.0047959407143365433 0.026841158162847462 0.027514278006508793 -0.045952807691982366 -0.0091397133811171368 -0.016014152820083241 -0.017481141228214613 0.028490726682886644 0.038296136888875093 -0.057510707571107059 0.016008563294212342 -0.013448386842995722 0.0046340136543155941 0.029468243786835036 0.18387193062896329 0.024317995638915034 0.0032706188471319942 0.040489927272093801 0.019762165613810848 0.16922004336742313 0.028033385189374094
leaf_weight=36940.965485104127 1332.5265558809042 8868.3761120885611 1808.2578583126888 180.36582384351641 1041.9556533899158 761.56598471850157 82.557456076145172 137.56139278411865 2355.8256597146392 112.62911605834961 1082.2651224732399 590.65298489667475 543.77255535125732 442.74893665313721 5023.910361379385 854.77899683266878 1969.3227781280875 136.82256102561951 705.91480393707752 605.75538922846317 2086.1266383379698 2549.0698463902809 1198.9826939865015 101.13011646270752 379.97725057601929 793.68444135040045 552.99589341878891 3144.686438806355 110.52214023470879 64.384348899126053
leaf_count=170518 10055 61304 6405 922 12250 4159 977 419 21950 491 10323 1896 4548 2228 46825 8968 13813 614 3939 1913 9536 11928 5915 293 3627 2283 2270 18205 260 306
internal_value=1.69841e-05 -0.00181843 -0.0190978 0.00586709 -0.00023742 -0.00314297 0.00779575 0.0557462 -0.000191857 0.0149906 -0.00340055 -0.0302271 -0.00770124 -0.0474386 -0.00514508 -0.00117014 0.0145763 -0.00524494 0.00162839 -0.023558 0.00706903 0.0178071 0.0411756 0.100166 -0.0196242 -0.0249256 0.0271169 0.0242389 0.0732001 0.117248
internal_weight=76560.1 39619.1 3321.15 1988.62 36298 26656.5 9641.49 773.115 24037.4 4193.79 19843.6 2619.13 1134.43 1484.7 18761.3 13737.4 2824.1 10913.3 7383.8 1311.67 6072.13 3986.01 1436.94 237.953 3529.49 3149.51 635.553 3432.22 287.536 174.906
internal_count=439140 268622 17382 7327 251240 186270 64970 3666 165348 23421 141927 20922 6444 14478 131604 84779 22781 61998 34138 5852 28286 18750 6822 907 27860 24233 3247 19262 1057 566
is_linear=0
shrinkage=0.1


Tree=86
num_leaves=31
num_cat=0
split_feature=6 4 4 5 11 6 6 8 2 2 5 2 11 2 4 4 7 10 9 6 8 10 10 2 8 8 2 10 7 11
split_gain=26.7066 215.993 84.0975 68.5096 49.9254 83.4575 47.2765 38.0699 56.4627 63.4131 50.2452 86.9256 78.0279 71.255 68.4563 63.0249 59.3911 64.2744 57.3289 47.0755 46.5215 46.3312 69.1329 51.4545 44.7951 44.2187 43.0626 42.9209 40.3059 39.5666
threshold=17.500000000000004 17.500000000000004 14.500000000000002 1.5000000000000002 0.24837662337662339 19.500000000000004 20.500000000000004 87.383500000000012 21.500000000000004 20.500000000000004 2.5000000000000004 1.5000000000000002 0.49314553990610327 18.500000000000004 35.500000000000007 33.500000000000007 7.5000000000000009 -138.77999999999994 -1.0645000000000022 26.500000000000004 96.381500000000017 -110.75649999999999 -23.734999999999989 23.500000000000004 76.059500000000014 71.46050000000001 18.500000000000004 -121.12299999999999 10.500000000000002 0.30283094098883573
decision_type=2 2 2 2 2 2 2 2 2 2 2 2 2 2 2 2 2 2 2 2 2 2 2 2 2 2 2 2 2 2
left_child=-1 2 -2 6 5 -3 -4 24 9 10 12 15 20 14 -14 -12 17 -15 -18 -16 -9 -10 -23 -24 25 27 -22 -6 -25 -11
right_child=1 4 3 -5 7 -7 -8 8 21 29 11 -13 13 16 19 -17 18 -19 -20 -21 26 22 23 28 -26 -27 -28 -29 -30 -31
leaf_value=-0.0013349837710706436 0.0011183222550993572 -0.040116932225033798 0.11626867523929617 -0.023935149087189744 -0.09447491939524981 0.057685371523141397 0.014058539880150468 0.023748663057501729 0.030606655804913646 -0.019482531270191422 -0.1186258774902165 0.030492325992043736 -0.058037288138279179 -0.18793705347413212 -0.015467619910809012 -0.0026283486868168594 -0.18167237684849932 -0.055559167075146125 0.0025845494123616208 0.016807033009858866 0.0085743818809168454 -0.032016841540808479 -0.017088501875316468 0.055047069199649246 -0.0038577058514112847 0.019839515349763505 -0.030763283290348328 -0.0034185484587389587 -0.0092392145449292553 0.0446099963143477
leaf_weight=50372.395259599318 158.2024067491293 580.73245152691379 314.97624600678682 49.314419768750668 58.33724245429039 102.67673093080521 52.84675869345665 1781.3235901324078 268.59525299072266 110.97715784516186 65.024907490238547 1553.1195665188134 204.65856464486569 48.940854549407959 793.098806777969 167.48614602535963 18.435884390026331 146.38323522731662 200.85435523092747 1050.583822702989 1411.5316680595279 980.55870151519775 441.26693292334676 269.11471689492464 11888.560005620122 1641.1010894775391 346.61541296541691 459.59221162041649 152.96339908614755 729.26325200591236
leaf_count=298900 670 4123 957 295 208 302 202 10933 1109 550 674 8337 2979 210 4130 1359 109 1138 1130 6901 5995 4649 2563 1599 61962 7000 1938 2695 969 4554
internal_value=9.30026e-06 0.002609 0.0631999 0.0867447 0.00124042 -0.0254229 0.101584 0.00197552 0.00645728 0.0100448 0.00722896 0.0219555 0.00284804 -0.0108199 -0.00316743 -0.0350686 -0.0486257 -0.0887281 -0.0129061 0.00292341 0.0123589 -0.00819573 -0.0138479 0.0067877 -0.00145124 0.0117998 0.000819035 -0.0136747 0.0317494 0.0361448
internal_weight=76419.5 26047.1 575.34 417.137 25471.8 683.409 367.823 24788.4 10740.8 8628.3 7788.06 1785.63 6002.43 2462.96 2048.34 232.511 414.614 195.324 219.29 1843.68 3539.47 2112.5 1843.9 863.345 14047.6 2159.03 1758.15 517.929 422.078 840.24
internal_count=439140 140240 2124 1454 138116 4425 1159 133691 61826 50937 45833 10370 35463 16597 14010 2033 2587 1348 1239 11031 18866 10889 9780 5131 71865 9903 7933 2903 2568 5104
is_linear=0
shrinkage=0.1


Tree=87
num_leaves=31
num_cat=0
split_feature=6 2 1 9 11 4 9 3 5 8 6 2 4 11 5 5 2 3 10 10 1 2 8 2 5 2 10 8 2 7
split_gain=24.9346 47.98 31.4559 30.5177 29.1395 209.533 109.188 55.4805 78.2753 104.924 95.3667 55.3189 47.6905 286.326 150.374 70.4735 65.4981 81.1385 102.606 60.2521 53.4929 108.266 110.063 77.029 116.386 230.435 121.017 117.177 136.827 115.733
threshold=36.500000000000007 7.5000000000000009 2.5000000000000004 -2.6814999999999993 0.58333333333366677 41.500000000000007 1.2485000000000002 1.0000000180025095e-35 3.5000000000000004 77.512500000000017 20.500000000000004 15.500000000000002 29.500000000000004 0.41030061892130859 1.5000000000000002 3.5000000000000004 24.500000000000004 1.0000000180025095e-35 105.26550000000002 114.52200000000005 1.0000000180025095e-35 20.500000000000004 101.68450000000001 9.5000000000000018 2.5000000000000004 10.500000000000002 -28.823999999999888 87.144500000000008 10.500000000000002 9.5000000000000018
decision_type=2 2 2 2 2 2 2 2 2 2 2 2 2 2 2 2 2 2 2 2 2 2 2 2 2 2 2 2 2 2
left_child=4 3 -3 -2 12 6 -6 8 10 -10 11 -7 13 15 -15 16 -1 -18 -19 -20 21 23 -23 -14 25 26 -25 28 -26 -28
right_child=1 2 -4 -5 5 7 -8 -9 9 -11 -12 -13 20 14 -16 -17 17 18 19 -21 -22 22 -24 24 27 -27 29 -29 -30 -31
leaf_value=0.00095191634291255569 0.015784690745443131 0.020813110569846013 -0.079534655042272556 -0.037005395714340153 -0.074156267610377427 -0.0055074317470458281 0.033102019785361522 -0.011978013368681917 -0.028442436090388174 0.030182117053477533 0.0062835402651938224 -0.037381449288804811 0.01407664796778527 0.027614811605942997 -0.085590518394679516 -0.049575674554730782 -0.033268379481380922 0.010886307782129415 0.33310648899143303 -0.054747992212827223 -0.0036842148456645686 0.04435998551770981 -0.041659589767833245 -0.066837664741124542 0.067212088340830492 -0.0068803483472602289 -0.38363254939006264 0.0427664676708817 -0.024062498970497087 -0.10811263159090048
leaf_weight=43240.681185430149 174.06928611546755 1600.3849017303437 31.860097685828805 295.25744347274303 602.06070439144969 1251.4335385854356 112.67161725834012 3570.6569773256779 371.59982061432675 1710.8815669119358 4184.1669080257416 963.89764368534088 4936.1440977677703 146.61812753416598 587.56800340674818 285.19505503773689 1064.5790692130104 189.1267667254433 16.610452175140384 5.2779748439788809 4673.0844477564096 1291.4228813946247 168.10916778445244 228.57992946356535 202.73385533690453 2665.5111389160156 26.275890365242958 866.41142004728317 864.91985708475113 36.319051519036293
leaf_count=266087 649 8854 174 2699 12310 8012 358 11182 4613 8544 23335 6127 18133 3389 8190 2717 11015 977 52 41 18015 5031 677 820 511 10079 157 2985 3256 151
internal_value=1.05925e-05 0.0107522 0.0188544 -0.017426 -0.000293387 -0.00464075 -0.0572479 -0.0015211 0.00288095 0.0197211 -0.00259906 -0.0193759 0.000609195 -0.00103946 -0.0629832 -2.43533e-05 0.000293099 -0.0220398 0.0346088 0.239583 0.00531313 0.00903844 0.0344522 0.00526387 -0.0036307 -0.0161073 -0.100574 0.0154428 -0.00673062 -0.223769
internal_weight=76364.1 2101.57 1632.24 469.327 74262.5 12767.4 714.732 12052.6 8481.98 2082.48 6399.5 2215.33 61495.2 45535.7 734.186 44801.5 44516.3 1275.59 211.015 21.8884 15959.5 11286.4 1459.53 9826.9 4890.75 2956.69 291.175 1934.07 1067.65 62.5949
internal_count=439140 12376 9028 3348 426764 74481 12668 61813 50631 13157 37474 14139 352283 292468 11579 280889 278172 12085 1070 93 59815 41800 5708 36092 17959 11207 1128 6752 3767 308
is_linear=0
shrinkage=0.1


Tree=88
num_leaves=31
num_cat=0
split_feature=5 2 8 11 4 8 10 12 9 7 6 11 4 6 11 4 2 4 11 11 5 11 3 3 2 8 7 4 2 6
split_gain=26.6042 33.0675 39.9256 75.1567 69.8516 71.706 38.4632 30.1862 28.8228 28.5345 25.312 209.381 77.1972 52.325 45.5718 42.2643 41.1307 48.0684 122.86 93.0581 71.757 64.0367 56.0891 52.521 47.3898 47.0513 43.8522 42.9801 42.8729 41.8227
threshold=4.5000000000000009 1.5000000000000002 86.913500000000013 0.73746867167919816 46.500000000000007 88.502500000000012 -26.450000000000006 -4.4999999999999991 11.449 2.5000000000000004 8.5000000000000018 0.11483516483516476 6.5000000000000009 9.5000000000000018 0.085960591133004915 8.5000000000000018 6.5000000000000009 8.5000000000000018 0.17974358974358975 0.097391598915989155 2.5000000000000004 0.40129870129870138 1.0000000180025095e-35 1.0000000180025095e-35 23.500000000000004 80.726500000000016 16.500000000000004 12.500000000000002 7.5000000000000009 7.5000000000000009
decision_type=2 2 2 2 2 2 2 2 2 2 2 2 2 2 2 2 2 2 2 2 2 2 2 2 2 2 2 2 2 2
left_child=10 -2 8 -4 -5 6 -6 -7 -3 -9 16 12 14 -14 -12 -13 -1 19 25 23 21 22 27 29 -22 -19 -27 -20 -24 -18
right_child=1 2 3 4 5 7 -8 9 -10 -11 11 15 13 -15 -16 -17 17 18 20 -21 24 -23 28 -25 -26 26 -28 -29 -30 -31
leaf_value=0.0035872226514827108 -0.077773974175031291 -0.042947783907398562 -0.012719544468720815 0.72123891693575581 0.6606439768655421 0.29888069086603503 0.20225578504653946 0.22543948424998264 0.30030382784483362 -0.023158596303984303 0.021442674940918328 -0.072716963900047213 0.1156473357407712 0.050639266057123572 -0.099243476193376562 0.00058299048893302972 -0.0070490469764695309 -0.032004059215080531 -0.12303286261412515 -0.042869623720334829 0.0083086593139632351 -0.060543313600090791 -0.073647978976021489 -0.039846157039332836 -0.03983709785875799 0.054482198645964777 0.012056127648550434 -0.02264259129311081 0.0059187199533616876 0.028490424800805648
leaf_weight=6899.8316746483324 89.797671262174845 227.48180522024632 148.64766243146732 1.9304302595555771 3.0665917210280895 4.3278783485293379 4.5414737821556619 5.5373772033490232 2.4729025885462752 27.783813901711255 303.5126787959598 78.77832874795422 169.93243762850761 456.2365428507328 34.884362280368805 53407.631469537504 5203.8739362279885 109.23868734762073 43.990433569531888 847.81677831150591 2970.9959560725838 295.50281095737591 71.168550872243941 462.90643757814541 219.54930102825165 594.3846263885498 412.84454333782196 1395.9618853619322 1397.7655732482672 353.62439250946045
leaf_count=40719 685 3250 784 39 24 13 36 27 4 313 915 1092 509 1207 283 283607 56571 483 368 11635 13257 1820 330 5296 1379 1738 1559 5378 4768 1051
internal_value=1.07504e-05 -0.0226279 -0.0109978 0.0221843 0.132136 0.107008 0.387019 0.0504243 -0.0392565 0.0181539 0.000164879 0.00130777 0.0474844 0.0682814 0.00900149 0.000475029 -0.00275961 -0.00580504 -0.00027641 -0.0118514 -0.0056202 -0.0161902 -0.0116845 -0.0074833 0.00499563 0.0303319 0.0370925 -0.0257095 0.00206378 -0.00478767
internal_weight=76246 515.588 425.79 195.835 47.1876 45.2571 7.60807 37.6491 229.955 33.3212 75730.4 54451 964.566 626.169 338.397 53486.4 21279.5 14379.6 7511.4 6868.22 6394.93 3204.39 2908.89 6020.4 3190.55 1116.47 1007.23 1439.95 1468.93 5557.5
internal_count=439140 5175 4490 1236 452 413 60 353 3254 340 433965 287613 2914 1716 1198 284699 146352 105633 31080 74553 27300 12664 10844 62918 14636 3780 3297 5746 5098 57622
is_linear=0
shrinkage=0.1


Tree=89
num_leaves=31
num_cat=0
split_feature=12 10 9 1 12 8 9 12 4 10 11 10 11 4 1 6 6 9 8 9 12 10 1 6 10 10 5 11 6 8
split_gain=24.1267 40.5897 29.4422 27.1605 26.3022 55.9288 92.8121 92.749 86.7761 83.0021 72.8235 70.7222 59.0498 165.604 90.6292 68.798 61.2645 60.5078 54.6942 63.6315 61.1423 59.6628 53.6649 55.6168 52.7296 82.2123 103.587 67.6103 98.3159 61.0367
threshold=10.500000000000002 36.390000000000022 -28.091499999999996 1.0000000180025095e-35 -1.4999999999999998 79.237500000000011 -1.9769999999999965 3.5000000000000004 39.500000000000007 -24.138499999999997 0.28966437833714725 99.076000000000008 0.63944444444444459 46.500000000000007 2.5000000000000004 8.5000000000000018 11.500000000000002 -9.8244999999999916 82.228500000000011 -4.6544999999999979 -12.499999999999998 -61.749000000000002 2.5000000000000004 29.500000000000004 -1.0000000180025095e-35 -9.0935000000000752 1.5000000000000002 0.18441295546558703 11.500000000000002 89.933500000000024
decision_type=2 2 2 2 2 2 2 2 2 2 2 2 2 2 2 2 2 2 2 2 2 2 2 2 2 2 2 2 2 2
left_child=4 2 -2 -3 18 6 10 8 -8 22 11 -6 15 -14 16 -7 -15 -18 19 20 -1 -20 23 -10 25 29 27 -27 -29 -23
right_child=1 3 -4 -5 5 12 7 -9 9 -11 -12 -13 13 14 -16 -17 17 -19 21 -21 -22 24 -24 -25 -26 26 -28 28 -30 -31
leaf_value=0.069173189937736093 -0.060956622718133326 -0.073870867589657593 0.011419761976007614 0.082382765623699783 -0.021230518455782887 -0.0051516435304430315 -0.05688748108077657 0.047778722271050421 0.059808324454591971 -0.045524180549425863 0.0056174012402007804 0.044395694175077681 -0.052549318691086248 -0.060448204373039785 0.024104221265128983 0.0042754259795523145 -0.034848284197007078 -0.00071743208592461416 -0.012380388752397158 0.027501560550356893 0.0028729473560893202 0.011044368656070693 -0.046923015416469788 -0.014115589231593376 -0.010580129023356179 0.042810348877846835 0.0095401103982981419 0.41692970595427364 0.10129398404227374 -0.0047075602625189098
leaf_weight=143.05289739370346 59.245298355817795 12.318045880645512 1095.3396202921867 114.80377123132348 2273.9807601869106 11118.452956970781 871.11728414252866 150.26325434446335 248.58355743065476 444.3847383633256 3799.2087569087744 176.99173729121685 773.72072903811932 223.85672734957188 999.21545599494129 25488.036058504134 626.66680231690407 3035.0107048116624 3393.3468306064606 1604.8035604953766 5027.2846670746803 4259.0638898909092 117.37610983848572 172.32717020437121 2571.5706911087036 346.79150542244315 1076.9540806636214 10.786026563495396 116.01011084020138 5823.3805018365383
leaf_count=426 326 54 4441 457 13966 86361 15585 531 923 7468 13260 902 16478 1941 4360 139041 2231 20018 16718 5663 19946 16640 922 602 14947 3139 3649 34 385 27726
internal_value=6.67765e-06 0.0136108 0.00770591 0.0672419 -0.000226143 -0.00152782 -0.0090569 -0.0277834 -0.0339082 -0.0135376 -0.00305246 -0.0164915 -5.74163e-05 -0.00956453 -0.00275595 0.00141215 -0.00966339 -0.00655865 0.00247191 0.0101065 0.00470734 -0.00046739 0.012869 0.0295428 0.00237852 0.00524314 0.0266801 0.0656571 0.128144 0.00194643
internal_weight=76173.9 1281.71 1154.58 127.122 74892.2 50519.2 8254.23 2004.05 1853.79 982.672 6250.18 2450.97 42265 5658.47 4884.75 36606.5 3885.53 3661.68 24373 6775.14 5170.34 17597.9 538.287 420.911 14204.6 11633 1550.54 473.588 126.796 10082.4
internal_count=439140 5278 4767 511 433862 324589 54159 26031 25500 9915 28128 14868 270430 45028 28550 225402 24190 22249 109273 26035 20372 83238 2447 1525 66520 51573 7207 3558 419 44366
is_linear=0
shrinkage=0.1


Tree=90
num_leaves=31
num_cat=0
split_feature=1 7 2 2 7 2 2 2 2 8 11 1 11 1 10 5 10 2 10 10 10 2 10 10 8 8 10 4 8 9
split_gain=23.8287 23.2278 220.432 145.753 156.221 154.269 131.909 135.612 123.122 116.494 113.498 112.138 111.651 108.843 105.025 93.9558 90.8467 91.3936 88.7615 112.497 87.3462 95.0905 82.4436 92.2667 80.7873 80.2976 77.0384 77.2363 98.9343 99.8212
threshold=3.5000000000000004 8.5000000000000018 3.5000000000000004 3.5000000000000004 15.500000000000002 7.5000000000000009 8.5000000000000018 16.500000000000004 8.5000000000000018 76.27300000000001 0.15277777777777893 2.5000000000000004 0.24837662337662339 1.5000000000000002 -2.6379999999994346 1.5000000000000002 -210.6215 15.500000000000002 -99.405499999999861 -210.6215 -130.98249999999996 19.500000000000004 -99.405499999999861 -2.9474999999999976 94.959500000000006 97.895500000000013 -197.09599999999998 22.500000000000004 76.943500000000014 -12.901000000000398
decision_type=2 2 2 2 2 2 2 2 2 2 2 2 2 2 2 2 2 2 2 2 2 2 2 2 2 2 2 2 2 2
left_child=1 2 12 4 13 14 9 16 10 -4 -7 22 -1 -3 18 -6 -8 26 19 -5 21 -9 -11 -24 -22 -26 -18 28 -28 -30
right_child=-2 3 6 5 15 8 7 20 -10 11 -12 -13 -14 -15 -16 -17 17 -19 -20 -21 24 -23 23 -25 25 -27 27 -29 29 -31
leaf_value=-0.040086245253352734 -0.041125178460072763 -0.0083777059995765318 0.074089545101924739 -0.096882514981105672 0.068431857410082356 -0.051262484108630907 0.051170679682765202 -0.072646161735066342 -0.0019445543627609699 0.050268061821520431 0.052535744486969939 0.0416479553510022 -0.0063757689512962722 0.02417869451491951 0.007585312860689997 0.02151043230176897 -0.076545000498634039 -0.029998539161161304 -0.02734552789762722 0.042642512815370182 0.017246826432833925 0.0039263490444095333 -0.0064044612388845477 0.031152587716734403 -0.024183036854914037 0.008163464045966861 -0.067141782604029129 0.0071828101626431398 0.023012246621652296 -0.018909382988389366
leaf_weight=1584.4270576732233 140.60708594322205 3533.4655034067109 361.1253030449152 68.905204772949219 543.91949578747153 123.77941879630089 258.58309173583984 264.94194364547729 29930.180942818522 401.26756958663464 707.29399886727333 1241.3214738033712 2586.2034614980221 1447.6108910404146 1339.8522192239761 1981.2012718059123 143.72751927375793 1675.1136474609375 5054.7527647018433 358.16126668453217 7319.5940298326313 418.1194019317627 2761.0578024061397 857.21057820972055 1052.1813565008342 2835.9463186264038 314.30658442666754 3768.9828086271882 764.10424342006445 2213.1244974047877
leaf_count=14552 1355 16936 1126 308 3117 1613 656 1002 164599 1606 2453 4716 14994 10117 6419 8466 539 11116 29652 1287 42222 1602 19110 4357 7347 21609 3270 18021 4282 20691
internal_value=3.54001e-06 7.97217e-05 0.00219547 -0.00136653 0.0113555 -0.00390742 0.00554094 0.00190328 -0.000890337 0.0191474 0.0370761 0.015376 -0.0191824 0.0010839 -0.0175125 0.0316175 -0.00725732 -0.00895885 -0.0236468 0.0201308 0.00894312 -0.0257742 0.00726258 0.00249325 0.011059 -0.000589948 -0.00406676 -0.00259135 -0.0137833 -0.00815022
internal_weight=76051.1 75910.5 30821.3 45089.1 7506.2 37582.9 26650.7 21028.7 30761.3 5621.98 831.073 5260.86 4170.63 4981.08 6821.67 2525.12 9137.94 8879.36 5481.82 427.066 11890.8 683.061 4019.54 3618.27 11207.7 3888.13 7204.25 7060.52 3291.54 2977.23
internal_count=439140 437785 192818 244967 38636 206331 163272 132357 168665 30915 4066 29789 29546 27053 37666 11583 58575 57919 31247 1595 73782 2604 25073 23467 71178 28956 46803 46264 28243 24973
is_linear=0
shrinkage=0.1


Tree=91
num_leaves=31
num_cat=0
split_feature=4 4 11 11 6 2 2 1 8 2 2 6 2 10 7 5 1 9 10 1 9 9 10 1 8 8 0 10 10 11
split_gain=23.0226 27.5929 40.8441 41.5066 26.7207 31.1224 34.5324 31.905 27.983 72.6993 114.454 93.0088 87.4236 135.451 75.2518 102.05 89.159 82.9763 76.992 122.671 73.4314 64.0627 63.5399 60.8977 99.6602 77.6125 60.3331 89.3191 73.0873 58.4625
threshold=72.500000000000014 68.500000000000014 0.95199692780337952 0.98591549295778835 35.500000000000007 7.5000000000000009 8.5000000000000018 2.5000000000000004 95.970500000000015 17.500000000000004 14.500000000000002 10.500000000000002 19.500000000000004 -153.04499999999996 15.500000000000002 1.5000000000000002 1.5000000000000002 -0.5655 -17.093499999999988 3.5000000000000004 -4.0095000000000018 19.837500000000006 -81.837499999999949 2.5000000000000004 85.791500000000013 90.051500000000019 213.50000000000003 -60.00100000000009 -57.201500000000266 0.26401991614255771
decision_type=2 2 2 2 2 2 2 2 2 2 2 2 2 2 2 2 2 2 2 2 2 2 2 2 2 2 2 2 2 2
left_child=1 2 4 -4 8 -6 -7 -8 9 10 21 -12 13 -11 15 16 -15 -17 19 22 26 -1 -18 24 -22 -26 -13 -28 -29 -16
right_child=-2 -3 3 -5 5 6 7 -9 -10 12 11 20 -14 14 29 17 18 -19 -20 -21 23 -23 -24 -25 25 -27 27 28 -30 -31
leaf_value=-0.0011553012580393658 -0.078022203646552962 0.027592317538659733 -0.074264307209703548 0.078535863703462799 -0.010796703005351987 0.099835160222500552 0.016666380230114911 -0.077800972946414595 0.0025008333265961174 -0.12073382275302087 -0.037401735357165837 -0.012673329947112389 -0.00020031175335496543 -0.059191131810475334 0.017298276418271485 0.02366172701931751 0.01593004164852117 0.064175510634214575 -0.013612831419473243 -0.062485780248174021 -0.067143510323314531 -0.062742738653491781 0.17659938462180647 0.037667761207042606 0.089064256606116304 -0.020645352257456603 -0.024488175340859182 0.12714339009011619 0.025324464387674023 -0.046385511942706133
leaf_weight=28196.616290435661 37.796575590968132 361.83477330207825 126.28242284059525 20.690122604370117 521.29096792452037 48.9500732421875 1676.3070663083345 36.530737144872546 23763.463070387952 69.416734218597412 1591.6435556318611 1492.840422347188 11242.936601817608 224.03769361879677 305.83316109050065 1587.2124485969543 35.327388882637024 741.79601862281561 281.3645234843716 47.719915330410004 513.12684201728553 169.91427911818027 81.163694560527802 141.66120958328247 68.739568620920181 1041.2207196103409 366.77398318052292 77.179277062416077 814.5411227196455 272.67360587697476
leaf_count=161266 222 1637 3056 288 3588 264 9291 219 141467 335 13546 6340 53332 3190 1712 6708 225 3246 7027 311 5551 1482 432 365 466 7400 1537 163 2625 1849
internal_value=4.47843e-06 4.33243e-05 -8.86046e-05 -0.0527538 1.40384e-05 0.0106674 0.0170184 0.0146516 -0.000318567 -0.00167581 -0.00419786 -0.0166153 0.00416359 0.0176183 0.0203031 0.0266738 -0.00773104 0.0365655 0.0181434 0.0725555 -0.00928934 -0.00152421 0.127874 -0.0252111 -0.0306991 -0.0138511 0.000923104 0.0170513 0.034137 -0.0127185
internal_weight=75956.9 75919.1 75557.3 146.973 75410.3 2283.08 1761.79 1712.84 73127.2 49363.7 34474.3 6107.73 14889.5 3646.55 3577.13 2998.62 669.613 2329.01 445.576 164.211 4516.08 28366.5 116.491 1764.75 1623.09 1109.96 2751.33 1258.49 891.72 578.507
internal_count=439140 438918 437281 3344 433937 13362 9774 9510 420575 279108 200741 37993 78367 25035 24700 21139 11185 9954 7995 968 24447 162748 657 13782 13417 7866 10665 4325 2788 3561
is_linear=0
shrinkage=0.1


Tree=92
num_leaves=31
num_cat=0
split_feature=9 9 7 10 11 10 2 8 9 9 3 9 11 4 11 4 10 5 10 4 8 5 2 10 12 5 8 2 2 10
split_gain=23.4652 123.625 51.0562 60.9239 57.1114 52.8405 45.0753 42.8916 42.7803 66.9928 45.245 43.9888 42.9403 46.2782 40.6299 38.0534 68.0852 41.3898 37.7327 36.0051 38.6265 34.6893 34.6943 34.6401 34.0713 33.469 32.4243 55.5951 101.817 94.8097
threshold=-12.687000000000003 -10.2935 4.5000000000000009 -37.987999999999992 0.152475845410628 -36.935499999999998 20.500000000000004 74.264500000000012 -26.168499999999998 -22.199499999999997 1.0000000180025095e-35 -15.892499999999997 0.12403846153846151 46.500000000000007 0.065587044534412914 42.500000000000007 -38.597499999999989 1.5000000000000002 -85.921500000000165 14.500000000000002 93.816500000000005 2.5000000000000004 23.500000000000004 -3.9825000000000084 4.5000000000000009 3.5000000000000004 95.970500000000015 17.500000000000004 14.500000000000002 -130.98249999999996
decision_type=2 2 2 2 2 2 2 2 2 2 2 2 2 2 2 2 2 2 2 2 2 2 2 2 2 2 2 2 2 2
left_child=8 2 15 4 6 19 14 -7 -1 21 -11 12 -12 25 -4 17 -17 -2 -16 20 -5 23 -23 -10 -9 -14 27 28 -3 -30
right_child=1 26 3 5 -6 7 -8 24 9 10 11 -13 13 -15 18 16 -18 -19 -20 -21 -22 22 -24 -25 -26 -27 -28 -29 29 -31
leaf_value=-0.0057008504832841795 -0.054630506854182352 -0.0016221490265431551 -0.047049463535168173 0.0098862682881353074 -0.03792867665853894 0.046570391177222198 -0.059636798617080614 -0.015595376025877614 0.036695542915139566 0.0064203413373247649 -0.084399618144496577 -0.025380724798183887 0.018496160368534808 -0.029830017314643978 -0.068960595064740504 -0.019620436757931556 -0.16815802735641971 -0.0046214880110230557 0.047026940683389723 0.031306168186408571 0.25094133079771919 0.0053590983132283092 -0.11446442339476487 -0.0091068387811806869 0.023554941337248145 -0.11072140930605703 0.0033281943523534941 0.0040775657205562544 -0.07826218317543393 -0.015587721743695066
leaf_weight=4050.0797729492188 350.39727938175201 18371.331413993554 75.354860065504909 10.20893823169172 1164.9365458413959 156.63295126147568 91.344173410907388 1216.7372552510351 1274.0831880308688 8768.2358317831531 54.697712045162916 980.1117672463879 1003.8185729570687 282.03418624401093 31.285439603030682 63.816250361502171 59.752780459821224 313.63528972864151 271.00633851438761 59.342915445566177 19.054509619250894 381.92873474955559 25.796412989497185 189.70735026523471 271.97694047540426 20.453141272068024 21650.941356271505 11199.253389894962 261.0135133266449 3206.066010504961
leaf_count=19806 3176 121632 717 50 4817 550 506 5488 4307 38830 453 3454 3091 883 288 209 261 968 1378 184 55 1287 107 786 1099 102 131273 66869 970 25544
internal_value=2.98437e-06 -0.000943102 -0.0175711 -0.0122108 -0.0260662 0.000845279 0.00339933 -0.00320578 0.00327183 0.00607134 0.00312275 -0.00922778 0.00240458 0.00603925 0.0186463 -0.0404924 -0.091447 -0.0310103 0.0350229 0.0760701 0.166846 0.0235742 -0.00222203 0.0307596 -0.00844291 0.0159159 0.000320367 -0.00165079 -0.00458842 -0.0203061
internal_weight=75875 58844.1 4155.48 3367.88 1633.93 1733.95 468.991 1645.35 17030.9 12980.9 11109.4 2341.12 1361 1306.31 377.647 787.602 123.569 664.033 302.292 88.6064 29.2634 1871.52 407.725 1463.79 1488.71 1024.27 54688.6 33037.7 21838.4 3467.08
internal_count=439140 366034 19746 15132 7706 7426 2889 7137 73106 53300 46813 7983 4529 4076 2383 4614 470 4144 1666 289 105 6487 1394 5093 6587 3193 346288 215015 148146 26514
is_linear=0
shrinkage=0.1


Tree=93
num_leaves=31
num_cat=0
split_feature=10 10 2 8 5 10 2 10 2 8 10 8 12 4 11 8 10 2 8 7 8 10 8 9 12 9 10 12 5 10
split_gain=23.9494 131.422 61.7415 57.3652 70.2654 63.5119 59.9991 94.8505 141.06 95.9958 80.1554 62.1387 59.533 53.7852 51.6497 51.2681 50.8638 50.2966 88.6161 55.5461 50.0417 49.9834 62.3316 118.283 147.565 103.412 187.725 159.388 91.8046 93.0224
threshold=-51.300999999999988 -38.597499999999989 10.500000000000002 71.848500000000016 2.5000000000000004 -71.896000000000242 13.500000000000002 -130.98249999999996 19.500000000000004 81.547500000000014 -174.33299999999997 83.264500000000012 -5.4999999999999991 16.500000000000004 0.46211251435132034 98.07050000000001 -153.04499999999996 7.5000000000000009 87.946500000000015 9.5000000000000018 97.59350000000002 -28.823999999999888 91.165500000000023 -1.9769999999999965 -1.4999999999999998 2.0545000000000049 0.95300000000000307 3.5000000000000004 1.5000000000000002 -16.656499999999991
decision_type=2 2 2 2 2 2 2 2 2 2 2 2 2 2 2 2 2 2 2 2 2 2 2 2 2 2 2 2 2 2
left_child=3 2 -2 4 16 -6 10 8 11 14 17 -8 -9 -11 -10 -4 -1 18 19 -5 -13 -3 23 -23 -25 26 27 28 -26 -30
right_child=1 21 15 6 5 -7 7 12 9 13 -12 20 -14 -15 -16 -17 -18 -19 -20 -21 -22 22 -24 24 25 -27 -28 -29 29 -31
leaf_value=-0.10196793250277954 -0.021037474071217234 0.0076524066906913969 -0.00031696200337899007 -0.0050088036588127214 0.1001727344717146 -0.023928954823381428 -0.0080239558933221291 -0.022957720725664238 -0.029022943509915883 -0.077335978185658127 0.0059451406391838784 -0.067439058123602152 0.0067099609165174852 0.03332632386032465 -0.16393009608721823 -0.025627818479893368 -0.025375106442856385 0.049379392082103818 0.039447411958272026 -0.11616056675831343 -0.0027452295615404904 0.0013914497856926536 0.003198730023698089 0.014254418048538303 -0.081132710261107466 0.0011629933014600019 0.031863656698426154 0.034351523889547472 -0.054663701875832776 -0.013173102240127127
leaf_weight=102.13783669471741 4087.4302883148193 9395.1456909179688 4515.193927526474 127.5655034147203 79.508967246860266 85.673857564106584 374.40699502080679 753.29595533013344 145.64132244884968 46.970444042235613 8905.2969459742308 724.65290515869856 6624.2342609614134 676.31049659103155 35.247137133032084 972.65529465675354 573.73326257802546 749.67756644263864 355.0742197483778 69.429210409522057 143.19188033044338 10255.11669921875 20058.548203468323 1251.9493083953857 640.92310728924349 1191.0981166139245 397.74770358204842 257.59621666744351 1366.2951049562544 893.90185062587261
leaf_count=398 19153 40499 19344 519 153 272 1291 3932 539 332 42112 2817 30604 2375 188 5521 3483 2517 1351 309 512 45115 144725 5259 20794 5403 2160 883 26017 10563
internal_value=3.50047e-06 -0.00108041 -0.0117331 0.00291631 -0.0226606 0.0358061 0.00400656 -0.00170217 -0.0202038 0.00984487 0.00933324 -0.0420746 0.00368069 0.0261398 -0.0553104 -0.00480301 -0.0369498 0.0325113 0.00960545 -0.0441834 -0.0567648 0.00115118 -0.000530857 -0.00513325 -0.0162861 -0.0243397 -0.0328808 -0.0410335 -0.0477271 -0.0382543
internal_weight=75855.7 55283.6 9575.28 20572 841.054 165.183 19731 9523.95 2146.42 904.169 10207 1242.25 7377.53 723.281 180.888 5487.85 675.871 1301.75 552.069 196.995 867.845 45708.3 36313.2 16254.6 5999.51 4747.56 3556.46 3158.72 2901.12 2260.2
internal_count=439140 345436 44018 93704 4306 425 89398 42590 8054 3434 46808 4620 34536 2707 727 24865 3881 4696 2179 828 3329 301418 260919 116194 71079 65820 60417 58257 57374 36580
is_linear=0
shrinkage=0.1


Tree=94
num_leaves=31
num_cat=0
split_feature=9 9 10 9 9 9 9 10 10 10 1 2 12 12 5 8 11 12 4 11 8 4 11 7 2 12 10 3 4 6
split_gain=24.1328 93.8556 82.0681 77.1835 69.0502 161.034 127.656 106.264 94.9396 97.3612 97.1585 87.4898 83.8489 81.5368 76.6844 88.4415 70.6029 68.9375 88.0329 61.8153 92.1457 80.2208 69.9251 60.2454 81.5318 59.8087 58.6955 108.106 55.9269 55.5414
threshold=5.5595000000000008 2.0545000000000049 -30.94700000000002 10.869499999999997 1.0000000180025095e-35 -1.0000000180025095e-35 -0.19749999999999798 -81.837499999999949 -1.0000000180025095e-35 5.0050000000000106 1.0000000180025095e-35 22.500000000000004 -2.4999999999999996 -1.0000000180025095e-35 2.5000000000000004 90.96250000000002 0.80735492577597856 -1.0000000180025095e-35 23.500000000000004 0.44884877027734177 92.95750000000001 37.500000000000007 0.79193722943722955 13.500000000000002 16.500000000000004 2.5000000000000004 6.9885000000000028 1.0000000180025095e-35 58.500000000000007 10.500000000000002
decision_type=2 2 2 2 2 2 2 2 2 2 2 2 2 2 2 2 2 2 2 2 2 2 2 2 2 2 2 2 2 2
left_child=1 4 -3 -2 5 6 -1 -6 13 10 -10 12 -9 -7 25 -16 -17 -8 -19 20 -20 -21 -23 -5 -25 -14 27 -4 -24 -15
right_child=3 2 26 23 7 8 17 11 9 -11 -12 -13 14 29 15 16 -18 18 19 21 -22 22 28 24 -26 -27 -28 -29 -30 -31
leaf_value=0.00091773369774117821 -0.014999071378081581 0.00015981936541532683 0.051892459634841508 -0.004134665125492174 0.033883007833929189 0.0064591161777570287 0.011770810557264713 0.024047734508597662 -0.077321647556651774 0.053800160039945748 0.0032284069412377363 0.0076284617629402141 -0.050110588963769832 0.031089551313432381 -0.039441927537787913 0.030558109230852615 -0.077064555637965201 -0.050557483288017624 -0.023405192793216945 -0.060672901193431432 0.076409091404344709 0.0084158411204056562 -0.086096376336402269 0.024281338468319327 -0.015980942511523443 -0.0018470654383860039 -0.001348806422227909 -0.014392061844306404 -0.011017275898764511 0.073044830977133365
leaf_weight=47971.46565246582 4233.7567596435547 1744.703670501709 1263.4689291054383 5860.9260673522949 465.08794116973877 580.25722847692668 608.36636941321194 319.1119529530406 204.25368747196626 248.25961208343506 561.10653674742207 1129.0619049072266 1562.9654204738326 640.821747103706 504.08438283344731 513.07977935113013 69.173885524272919 932.86280962266028 196.86189112719148 398.58504282403737 174.44673994556069 792.43121956870891 171.1382098288741 1975.9990116357803 674.68591344356537 307.23015057295561 468.5707859992981 305.55622071679682 236.08491646125913 621.59876105934381
leaf_count=227363 22291 8102 4546 28393 1659 2696 2588 1393 2510 1421 7887 8689 29426 4430 7339 3065 2153 23499 3369 8475 765 7875 7789 8089 3156 1593 2431 1069 2550 2529
internal_value=3.21821e-06 0.000806173 0.0160785 -0.00396517 -0.000169443 0.000852891 -0.000429375 -0.0115769 0.0239646 -0.000616942 -0.0182682 -0.016377 -0.0246513 0.0374864 -0.0299076 -0.00877643 0.0177721 -0.0188364 -0.0252518 -0.013266 0.0234892 -0.0218051 -0.00889124 0.00152319 0.0140333 -0.042182 0.029709 0.038984 -0.0425698 0.0517478
internal_weight=75736 62990.6 3782.3 12745.4 59208.3 54338.5 51482.2 4869.8 2856.3 1013.62 765.36 4404.71 3275.65 1842.68 2956.53 1086.34 582.254 3510.78 2902.41 1969.55 371.309 1598.24 1199.65 8511.61 2650.68 1870.2 2037.6 1569.03 407.223 1262.42
internal_count=439140 377211 16148 61929 361063 305746 284273 55317 21473 11818 10397 53658 44969 9655 43576 12557 5218 56910 54322 30823 4134 26689 18214 39638 11245 31019 8046 5615 10339 6959
is_linear=0
shrinkage=0.1


Tree=95
num_leaves=31
num_cat=0
split_feature=6 11 4 3 4 11 5 5 5 10 4 0 11 0 6 9 6 4 4 10 8 8 6 11 4 9 5 2 4 11
split_gain=25.988 97.2835 55.051 42.4352 46.6238 96.2678 93.1236 44.7174 69.8078 51.1808 40.7481 38.4473 57.7719 71.0526 43.341 40.1517 33.9471 139.661 94.2101 34.0414 35.0359 84.6294 33.0031 31.8707 156.965 67.2096 58.1628 59.1245 57.3592 161.411
threshold=22.500000000000004 0.29198717948717956 16.500000000000004 1.0000000180025095e-35 35.500000000000007 0.49314553990610327 1.5000000000000002 2.5000000000000004 1.5000000000000002 -221.06449999999998 56.500000000000007 584.50000000000011 0.72438780609695164 112.50000000000001 47.500000000000007 2.6374999999999962 23.500000000000004 23.500000000000004 23.500000000000004 -6.9124999999998868 90.051500000000019 97.895500000000013 23.500000000000004 0.48025974025974033 34.500000000000007 2.0545000000000049 2.5000000000000004 24.500000000000004 27.500000000000004 0.38169856459330148
decision_type=2 2 2 2 2 2 2 2 2 2 2 2 2 2 2 2 2 2 2 2 2 2 2 2 2 2 2 2 2 2
left_child=23 2 -2 4 5 7 -7 8 9 -3 -5 12 -6 -14 15 -15 18 -18 -11 -19 -21 -22 -4 28 25 -25 27 -26 29 -1
right_child=1 3 22 10 11 6 -8 -9 -10 16 -12 -13 13 14 -16 -17 17 19 -20 20 21 -23 -24 24 26 -27 -28 -29 -30 -31
leaf_value=-0.00045821635704890358 -0.059879798229973524 0.34348986558304023 0.12134610697910692 -0.0053042946224676306 0.010035296372114802 0.01477597773669586 -0.09946555806082541 -0.050342373448894168 0.020884154344037193 -0.045247057733939437 -0.046615139940669972 0.01675597018813053 -0.0013318827730997307 -0.078811573983835398 0.11002405605869923 0.047563752890703637 0.10424820221589873 -0.015228830628464472 0.20567033998526574 -0.01043674651385447 0.076488662697672682 -0.011262443374475196 0.04836793523978157 -0.075747185092266023 -0.020828074959644682 0.038722096929288977 0.00014001988604182004 0.032874487334926393 0.0086468393947801321 -0.060133417717143992
leaf_weight=39082.770728541072 33.87590266764164 4.1901035308837882 98.623310219496489 1561.6737221684307 2975.6846193368547 113.21252630790696 192.97950853779912 166.18402666598558 1421.2045473381877 355.12317231902853 281.86488524079323 3744.0106281768531 821.97317839646712 259.69995315372944 14.602383792400358 27.83552049100399 117.4788007196039 1772.4892665632069 15.621848979964851 472.04948301799595 201.87498977780342 241.2409093528986 166.72979024425149 416.1398404315114 2449.7029246815946 58.503442130982876 10805.097152130911 223.73506164550781 7039.8646888807416 458.57734251022339
leaf_count=255274 171 10 291 5354 14636 1973 2274 1468 7318 2724 895 18619 5660 5584 100 80 544 9515 48 2391 778 913 551 9014 10540 163 51217 744 23781 6510
internal_value=-6.42363e-07 0.00371665 0.0601661 0.00257233 0.00459788 -0.00287209 -0.0572255 0.000618784 0.00245935 -0.00577488 -0.0116205 0.00942971 0.00273924 -0.0165745 -0.0580423 -0.0665775 -0.00623569 -0.00247705 -0.0346743 -0.00714207 0.00852035 0.0287153 0.0754916 -0.00092546 -0.00511787 -0.061638 -0.00312753 -0.0163338 0.000330356 -0.00115029
internal_weight=75594.6 15060.2 299.229 14761 12917.5 5073.65 306.192 4767.46 4601.27 3180.07 1843.54 7843.81 4099.8 1124.11 302.138 287.535 3175.88 2805.13 370.745 2687.65 915.165 443.116 265.353 60534.4 13953.2 474.643 13478.5 2673.44 46581.2 39541.3
internal_count=439140 81897 1013 80884 74635 29956 4247 25709 24241 16923 6249 44679 26060 11424 5764 5664 16913 14141 2772 13597 4082 1691 842 357243 71678 9177 62501 11284 285565 261784
is_linear=0
shrinkage=0.1


Tree=96
num_leaves=31
num_cat=0
split_feature=6 4 4 11 5 6 4 11 9 4 6 4 4 11 4 7 9 11 11 9 6 4 11 10 4 7 2 0 2 10
split_gain=23.2869 191.278 68.7946 73.9945 42.1464 69.7959 223.835 62.4383 111.88 55.8607 50.5038 134.965 80.6381 49.3043 107.316 56.6578 52.565 48.393 47.0355 44.9222 43.9273 43.6084 41.7741 42.672 41.6967 41.473 36.9549 36.2007 34.7293 86.0727
threshold=14.500000000000002 14.500000000000002 10.500000000000002 0.19452991452991453 1.5000000000000002 16.500000000000004 16.500000000000004 0.23132664437012262 0.84649999999999903 17.500000000000004 18.500000000000004 18.500000000000004 18.500000000000004 0.63944444444444459 45.500000000000007 3.5000000000000004 22.076500000000006 0.4388104407359863 0.73105625717566025 -1.0645000000000022 19.500000000000004 51.500000000000007 0.29198717948717956 -7.2369999999999868 12.500000000000002 3.5000000000000004 1.0000000180025095e-35 801.50000000000011 9.5000000000000018 -95.899000000000001
decision_type=2 2 2 2 2 2 2 2 2 2 2 2 2 2 2 2 2 2 2 2 2 2 2 2 2 2 2 2 2 2
left_child=-1 2 -2 24 5 7 20 27 9 -9 12 -12 22 15 16 17 18 -6 -15 -16 -7 25 -8 -24 -4 -13 -17 -3 29 -27
right_child=1 4 3 -5 13 6 10 8 -10 -11 11 21 -14 14 19 26 -18 -19 -20 -21 -22 -23 23 -25 -26 28 -28 -29 -30 -31
leaf_value=-0.0015808621957601955 -0.039622004933278561 -0.02156098180351335 0.032217583730388695 -0.024867700547574163 0.041337023431617076 0.10192621656858776 -0.032834195932463124 -0.071760754947895244 0.16418293862554609 0.15949340312890428 0.065047454636516108 -0.022520871536538908 0.12281286916659602 -0.078304887754168093 -0.0087711992235856833 0.029963365775840047 -0.50650068584079322 0.010423130957222118 -0.014208627018964363 0.0067618212207454856 0.0050542662085288938 0.10310973102556412 -0.062988008947204549 0.12072753955960092 0.080983878024362008 0.059800165783553086 0.0026269336676277518 -0.058986980709698655 0.0039489431971124391 -0.022657272891031238
leaf_weight=41745.295873495226 86.30566980689764 856.2446913542226 265.07234265352599 105.15195486997254 761.55214114440605 242.30943965446204 1086.0739105814137 62.609533969312906 46.493445247411728 12.537074119783936 292.4683581199497 1120.7950628078543 36.335573757998645 240.54866110673174 3542.1286461912096 514.53792468830943 2.5119173675775519 1511.2561019659042 218.46579318679869 3924.972297411412 58.018062978982925 37.45325442450121 19.497304601129144 35.963579067960382 517.89491558074951 140.48520509898663 12714.688838742673 370.1808702936396 3618.4745083171874 1280.0504929367453
leaf_count=255653 476 6332 804 892 3568 750 8746 2243 147 66 909 8628 181 3359 12922 2339 17 6784 5803 26795 217 123 667 794 1438 553 56658 2460 20918 7898
internal_value=-2.0654e-06 0.00195242 0.0456132 0.0538962 0.000653229 -0.00503628 -0.001476 -0.0260798 0.0422567 -0.0331795 -0.00479311 -0.00133556 -0.0238432 0.00291537 -0.00349888 0.00619598 -0.0502951 0.0207815 -0.0477986 -0.000606494 0.0832122 -0.00446839 -0.0285113 0.0561422 0.0644741 -0.00512249 0.00369016 -0.0328575 -0.00125268 -0.0145026
internal_weight=75466.4 33721.1 974.425 888.119 32746.7 9315.99 7967.92 1348.07 121.64 75.1466 7667.6 6489.73 1177.87 23430.7 7928.63 15502 461.526 2272.81 459.014 7467.1 300.328 6197.26 1141.53 55.4609 782.967 6159.81 13229.2 1226.43 5039.01 1420.54
internal_count=439140 183487 3610 3134 179877 61632 50384 11248 2456 2309 49417 39029 10388 118245 48896 69349 9179 10352 9162 39717 967 38120 10207 1461 2242 37997 58997 8792 29369 8451
is_linear=0
shrinkage=0.1


Tree=97
num_leaves=31
num_cat=0
split_feature=5 7 0 8 8 10 2 4 11 7 8 2 10 10 11 10 1 9 2 7 0 11 2 10 7 12 7 10 3 2
split_gain=22.8136 31.4722 29.5952 23.4356 84.5719 65.0994 93.7599 67.4843 71.2792 55.4977 83.5786 84.6332 76.8362 76.7616 63.4244 58.7782 63.3693 67.2484 53.4822 52.8688 46.965 46.2603 45.863 45.2601 39.9436 38.1064 35.6173 35.4653 34.6352 99.0668
threshold=4.5000000000000009 11.500000000000002 6.5000000000000009 76.059500000000014 77.660500000000013 99.076000000000008 8.5000000000000018 35.500000000000007 0.69504830917874405 12.500000000000002 71.964500000000015 8.5000000000000018 -70.823000000000192 96.696000000000041 0.63211600429645554 -153.04499999999996 1.0000000180025095e-35 -5.8750000000000062 17.500000000000004 9.5000000000000018 114.50000000000001 0.28187071144817627 23.500000000000004 46.755500000000019 2.5000000000000004 4.5000000000000009 11.500000000000002 -41.067499999999995 1.0000000180025095e-35 19.500000000000004
decision_type=2 2 2 2 2 2 2 2 2 2 2 2 2 2 2 2 2 2 2 2 2 2 2 2 2 2 2 2 2 2
left_child=3 -2 -3 9 5 7 -7 20 27 10 15 14 -13 -14 -12 -1 17 -17 -15 21 -5 25 -8 -21 -20 -18 -25 -9 -6 -30
right_child=1 2 -4 4 28 6 22 8 -10 -11 11 12 13 18 -16 16 19 -19 24 23 -22 -23 -24 26 -26 -27 -28 -29 29 -31
leaf_value=-0.091638809564652091 -0.049757913759419549 0.22540382827450314 -0.0040227970110756194 -0.0088113883123595218 0.0015390273093145238 0.16198388761062252 -0.056537046016716989 0.033291646973187289 -0.038272083098993673 0.019448043095157248 0.020162779162026051 0.038533164805053907 -0.027032280653486857 -0.088620852592203106 0.082787529387808118 0.0176601748181354 -0.085064230708917873 -0.065471731761315294 -0.023398783904111112 -0.0093457659990598234 -0.042531880327174788 0.0016213281823408436 0.10962193788012849 0.16884163212236777 0.10813089459985636 -0.022284801979079744 -0.12411319758178213 -0.0098128475098136422 -0.0091488213211768851 0.010833506983779585
leaf_weight=99.852213680744171 218.63140914589167 5.7365101529285303 283.04204950202256 620.63484310358763 52470.649560054764 48.975117340683937 61.831083089113235 478.80530627071857 345.68796116113663 2057.1091775894165 544.15120119508356 343.62964349985123 895.91125940997154 23.321524649858475 230.10764258727431 728.6738084629178 296.17254429450259 112.3048611957347 30.472754035145044 192.29365722090006 1234.7960628047585 138.95216577732936 22.714218020439148 25.690633378922943 95.283347364515066 143.54722891934216 4.9496975541114798 317.42161241173744 9974.2600346226245 3302.5476388931274
leaf_count=389 2483 48 2644 4707 335441 128 536 1605 2183 8184 2350 1146 4477 254 646 2059 3540 1443 103 1142 9030 817 47 95 213 994 35 2027 37065 13309
internal_value=-2.79674e-06 -0.0211352 0.000534703 0.000140478 -0.000380163 -0.0164377 0.0518828 -0.0194811 -0.000354484 0.00615497 -0.000847108 0.0122834 -0.00248744 -0.0159765 0.0387747 -0.017146 -0.0126176 0.00655868 0.0504655 -0.0327357 -0.0312525 -0.0486758 -0.0118962 0.0086402 0.0762591 -0.0645698 0.121517 0.0161077 0.00038449 -0.0041783
internal_weight=75348.2 507.41 288.779 74840.7 68878.3 3130.87 133.52 2997.35 1141.91 5962.42 3905.31 2162.88 1388.62 1044.99 774.259 1742.44 1642.58 840.979 149.078 801.606 1855.43 578.672 84.5453 222.934 125.756 439.72 30.6403 796.227 65747.5 13276.8
internal_count=439140 5175 2692 433965 406078 20263 711 19552 5815 27887 19703 9189 6193 5047 2996 10514 10125 3502 570 6623 13737 5351 583 1272 316 4534 130 3632 385815 50374
is_linear=0
shrinkage=0.1


Tree=98
num_leaves=31
num_cat=0
split_feature=6 11 4 6 1 7 6 11 2 8 6 6 11 4 4 11 11 8 6 0 10 0 11 2 5 11 11 6 3 4
split_gain=21.5639 35.3479 34.0821 29.4018 27.9022 27.4616 27.4216 113.394 48.1066 50.7449 33.5565 32.1717 138.926 85.2923 84.6575 67.5662 37.7593 34.0458 33.9617 31.8556 31.2735 33.0286 30.045 28.6453 28.5936 55.3879 47.5329 229.929 30.8327 46.09
threshold=1.5000000000000002 0.014389233954451302 1.5000000000000002 3.5000000000000004 2.5000000000000004 14.500000000000002 3.5000000000000004 0.043167701863354009 1.0000000180025095e-35 86.277500000000018 4.5000000000000009 4.5000000000000009 0.05594679186228476 3.5000000000000004 4.5000000000000009 0.05594679186228476 0.66666666333333346 111.01200000000001 5.5000000000000009 194.50000000000003 22.698500000000006 789.50000000000011 0.052704678362573108 5.5000000000000009 1.5000000000000002 0.17124060150375939 0.027973395931138855 2.5000000000000004 1.0000000180025095e-35 19.500000000000004
decision_type=2 2 2 2 2 2 2 2 2 2 2 2 2 2 2 2 2 2 2 2 2 2 2 2 2 2 2 2 2 2
left_child=-1 3 -3 4 -2 -6 24 8 -8 -10 -11 14 13 -13 15 17 19 -9 -15 23 21 22 -19 -16 26 -26 27 -4 29 -27
right_child=1 2 6 -5 5 -7 7 11 9 10 -12 12 -14 18 16 -17 -18 20 -20 -21 -22 -23 -24 -25 25 28 -28 -29 -30 -31
leaf_value=-0.022056808882608817 0.057964929058224195 -0.08104358211227003 -0.033483509635106615 -0.0032372415947858058 0.01698279012989528 -0.15398767802317798 -0.16614153005036761 -0.02705485724503048 0.0058534915517644533 0.092281692660141759 0.039042925533695767 -0.098680812178556676 6.7641333972586875e-05 0.10313759862391847 0.041679897802659363 -0.092403140215871621 -0.089573770468085595 0.30121872643186309 0.045235966171200265 -0.01048299783761464 -0.11698001753874471 -0.014736570847695588 0.070077745774382638 0.0050800427154525027 0.017723349284672736 -0.069216571988431716 -0.034930561219637203 0.12911219048918224 -0.0030238569999513488 -0.0070055274579169926
leaf_weight=440.76677117665531 268.83519576163962 51.92842175392434 372.3265042072162 212.23921158909798 43.552900642156601 11.97858978807926 11.261821584776042 800.53586912713945 254.16287362575531 201.09654150158167 287.86712504178286 33.681670533493161 66729.827152362093 160.01656544208527 313.5738398488611 163.90185812860727 43.407422758638859 10.394879987463355 276.06374178826809 764.05165624152869 8.0809241458773595 15.108098225668071 12.252007722854614 672.36238807346672 882.50399628002197 215.24791107792407 825.07886802405119 113.47880935668945 834.12460374645889 266.57616283837706
leaf_count=18440 687 673 5903 796 128 46 63 7676 800 510 787 214 363712 474 991 3418 603 71 758 3007 88 134 91 2504 3678 1487 14018 343 4694 2346
internal_value=-2.94322e-06 0.000126915 -5.77342e-05 0.0257005 0.044635 -0.0198969 -1.10787e-06 0.000426824 0.0389897 0.0420984 0.0609385 1.1252e-05 0.000449135 0.0546404 -0.0104841 -0.0336361 0.00255807 -0.0222557 0.0664826 0.00484335 0.0615626 0.0997771 0.176171 0.0167205 -0.00862936 -0.00165916 -0.0203189 0.00449707 -0.0146575 -0.0347974
internal_weight=75296.3 74855.5 74318.9 536.606 324.367 55.5315 74267 70757.6 754.388 743.127 488.964 70003.3 67199.6 469.762 2803.67 1010.27 1793.4 846.372 436.08 1749.99 45.8359 37.755 22.6469 985.936 3509.34 2198.45 1310.88 485.805 1315.95 481.824
internal_count=439140 420700 419043 1657 861 174 418370 385901 2160 2097 1297 383741 365158 1446 18583 11478 7105 8060 1232 6502 384 296 162 3495 32469 12205 20264 6246 8527 3833
is_linear=0
shrinkage=0.1


Tree=99
num_leaves=31
num_cat=0
split_feature=9 9 9 10 10 5 10 1 9 9 9 10 10 10 11 2 2 12 4 10 10 2 11 7 11 11 8 8 12 5
split_gain=21.614 71.0574 66.2709 67.8314 78.9248 66.7058 84.019 59.4229 55.3463 133.686 100.562 82.9888 74.1871 77.8862 86.5112 68.2614 71.2697 66.1765 65.7387 62.6082 78.691 57.6775 55.8825 53.1593 59.2434 52.5586 52.3151 52.2712 49.7011 51.2562
threshold=5.9415000000000058 9.8685000000000063 2.0545000000000049 -21.812000000000126 5.0050000000000106 1.5000000000000002 -6.5759999999999996 1.0000000180025095e-35 1.0000000180025095e-35 -1.0000000180025095e-35 -0.19749999999999798 -81.837499999999949 -1.0000000180025095e-35 5.0050000000000106 0.13015245623941271 22.500000000000004 21.500000000000004 -1.0000000180025095e-35 38.500000000000007 -1.943999999999882 -22.13699999999999 18.500000000000004 0.026491228070175402 5.5000000000000009 0.33114035087702637 0.052704678362573108 90.236500000000021 103.68850000000002 -1.4999999999999998 1.5000000000000002
decision_type=2 2 2 2 2 2 2 2 2 2 2 2 2 2 2 2 2 2 2 2 2 2 2 2 2 2 2 2 2 2
left_child=2 23 8 7 5 6 -5 -4 9 10 -1 -10 17 14 22 16 18 -11 -13 20 -12 -21 -14 -2 -25 -8 -3 -9 -22 -30
right_child=1 26 3 4 -6 -7 25 27 11 12 19 15 13 -15 -16 -17 -18 -19 -20 21 28 -23 -24 24 -26 -27 -28 -29 29 -31
leaf_value=0.00081475433983399048 -0.038483416778485956 0.02076367517624414 0.02452283357749974 0.029501542335080289 -0.0043453454783848391 0.023231025788743559 -0.019486948843310509 -0.014187123054203539 0.030149873327104445 0.0058388244957650881 -0.0063020333442403535 -0.029610246454364483 -0.042236985328571224 0.048545951552411669 -0.065800574091750094 0.0065253768573845022 -0.10227041793731328 0.046727513827925761 0.0013759324688575022 -0.0050523135928244754 0.024527080950168853 0.085070155088240174 0.029220661829928597 -0.02581870000920046 0.0058801888816446737 0.12999217938228103 -0.0021930600486859495 0.063336922445564062 -0.07384497811660902 -0.030972906120283625
leaf_weight=47745.58406829834 827.8616795539856 1133.2201214432716 763.80011475645006 243.92420941591263 540.93902730941772 776.77397169172764 26.498858042061329 1456.7619977835566 455.8940110206604 577.40415155049413 1650.1051357984543 2071.3082439750433 158.47149376943707 248.39482969045639 238.50864659994841 1121.1876536607742 107.29313269257545 1258.6344428146258 1022.747340425849 210.43709014356136 116.23190838750452 107.18303193151951 353.72086064890027 1114.0489046350121 1252.4110405668616 209.41970679908991 8003.9323443770409 92.496463567018509 395.84647874254733 943.65706361457705
leaf_count=227363 5251 4403 2547 1130 2755 2579 231 7516 1659 2696 13061 30486 5432 1421 2895 8689 2088 6959 12395 2516 482 702 2070 8229 4033 459 38485 459 17789 22360
internal_value=-6.09396e-06 -0.00383418 0.000744479 0.0130197 0.0275916 0.0413395 0.0706537 0.00169547 -0.000113918 0.000798826 -0.000372324 -0.0104294 0.021936 7.16347e-06 -0.0160535 -0.0147093 -0.0221462 0.0338687 -0.0193677 -0.016928 -0.0212526 0.0253601 0.00711178 -0.0166727 -0.00904257 0.113202 0.000654111 -0.00955865 -0.0381994 -0.0436423
internal_weight=75224.7 12331.5 62893.2 4110.61 1797.56 1256.62 479.843 2313.06 58782.6 54004.2 51169 4778.43 2835.13 999.096 750.701 4322.54 3201.35 1836.04 3094.06 3423.46 3105.84 317.62 512.192 3194.32 2366.46 235.919 9137.15 1549.26 1455.74 1339.5
internal_count=439140 60401 378739 17676 7154 4399 1820 10522 361063 305746 284273 55317 21473 11818 10397 53658 44969 9655 42881 56910 53692 3218 7502 17513 12262 690 42888 7975 40631 40149
is_linear=0
shrinkage=0.1


Tree=100
num_leaves=31
num_cat=0
split_feature=6 4 4 5 5 6 4 4 10 3 6 10 1 7 11 4 5 7 3 0 0 11 8 2 6 10 2 4 4 8
split_gain=20.8963 140.493 80.3562 54.0946 45.8239 45.155 129.112 101.622 54.2443 37.8347 36.7635 36.3272 59.3354 34.748 35.5066 165.925 64.1499 54.0948 40.5978 44.248 57.6859 41.4527 39.5903 45.3725 32.5025 32.4201 37.9738 40.8444 32.3739 39.1372
threshold=21.500000000000004 21.500000000000004 18.500000000000004 1.5000000000000002 1.5000000000000002 23.500000000000004 23.500000000000004 23.500000000000004 -10.723999999999995 1.0000000180025095e-35 25.500000000000004 -43.569999999999887 1.0000000180025095e-35 19.500000000000004 0.51298920377867752 36.500000000000007 2.5000000000000004 10.500000000000002 1.0000000180025095e-35 584.50000000000011 190.50000000000003 0.74657276995305177 78.698000000000022 1.5000000000000002 27.500000000000004 -61.749000000000002 11.500000000000002 24.500000000000004 56.500000000000007 75.631500000000017
decision_type=2 2 2 2 2 2 2 2 2 2 2 2 2 2 2 2 2 2 2 2 2 2 2 2 2 2 2 2 2 2
left_child=-1 2 -2 10 5 7 -7 -3 9 11 -4 12 -8 14 16 -16 17 -6 19 20 -17 -22 -18 -24 -21 -14 -27 -28 -20 -30
right_child=1 4 3 -5 13 6 8 -9 -10 -11 -12 -13 25 -15 15 18 22 -19 28 24 21 -23 23 -25 -26 26 27 -29 29 -31
leaf_value=-0.00090122581595430582 -0.0099631212647569491 -0.036040262509984954 0.12043687936281355 -0.016977679610345874 0.03233009093299654 0.097143285351121225 0.039992675751804062 0.16240898400503753 0.0099472779554600089 -0.075562278507587385 0.019302421658174185 -0.029619663874543824 -0.028061478598235379 -0.081718959266470298 -0.090182708065669193 0.0048655143663971284 -0.11287275229133553 0.0039617769020204073 -0.0033043332977818925 0.0023786740952951558 -0.015347126909667788 -0.081568789607803782 -0.074570309290113837 0.023598235015944956 0.022890736046890667 -0.050651896743064397 0.1143740668951629 0.010521954616178934 0.016190930713774022 -0.061500213394871953
leaf_weight=58366.772943256423 118.75650905072689 743.28464194340631 220.28216698393226 43.05236579850316 1446.4129206272773 125.59369279211387 262.3473746329546 26.732138549443334 1306.0871341815218 101.39424727112055 42.951725915074348 794.67154411925003 595.95682123303413 46.228799469769001 191.02170264022425 3221.941103277728 50.511457483284175 1255.7736602462828 1355.2743478566408 1196.8513066237792 406.55948535259813 123.16178488731384 76.023578379303217 123.66983972117305 2178.7822858542204 81.324995294213295 44.886316515505314 242.29425623267889 91.411163069307804 223.07174592465162
leaf_count=347161 525 5915 742 261 7218 481 643 96 7532 518 162 5681 2827 316 2548 18485 821 6053 4201 5873 2321 3714 729 580 11179 463 179 958 234 724
internal_value=-8.01796e-06 0.00310699 0.0598647 0.0869391 0.00162798 -0.00719632 -0.00244035 -0.0291508 -0.00608783 -0.0159533 0.103935 -0.0129635 -0.00217432 0.00481162 0.00514663 0.00202129 0.0146612 0.0191466 0.00402343 0.00731155 -0.000162402 -0.0307439 -0.0337806 -0.0137747 0.0156181 -0.0136443 0.00967143 0.026754 -0.0100118 -0.0389176
internal_weight=75103.1 16736.3 425.043 306.286 16311.3 4324.57 3554.56 770.017 3428.96 2122.88 263.234 2021.48 1226.81 11986.7 11940.5 8988.07 2952.39 2702.19 8797.05 7127.3 3751.66 529.721 250.205 199.693 3375.63 964.462 368.506 287.181 1669.76 314.483
internal_count=439140 91979 1690 1165 90289 25293 19282 6011 18801 11269 904 10751 5070 64996 64680 49279 15401 13271 46731 41572 24520 6035 2130 1309 17052 4427 1600 1137 5159 958
is_linear=0
shrinkage=0.1


Tree=101
num_leaves=31
num_cat=0
split_feature=0 10 1 10 6 4 10 1 0 1 2 3 10 12 11 4 4 11 8 0 5 2 8 8 2 2 8 8 2 8
split_gain=20.2438 46.2651 63.0429 26.8676 25.5949 28.5734 23.6385 22.4945 79.2259 96.0432 169.379 158.512 54.0913 53.7988 53.2041 247.091 76.674 126.144 75.2337 63.4078 63.0066 105.798 127.125 100.1 138.647 113.596 89.3999 79.94 69.4077 87.285
threshold=18.500000000000004 81.697500000000005 1.5000000000000002 136.15100000000004 49.500000000000007 72.500000000000014 -221.06449999999998 1.0000000180025095e-35 80.500000000000014 1.5000000000000002 13.500000000000002 1.0000000180025095e-35 25.8735 -7.4999999999999991 0.19868421052631577 14.500000000000002 10.500000000000002 0.14483218916857357 107.67850000000001 162.50000000000003 2.5000000000000004 23.500000000000004 91.451000000000008 82.624500000000012 9.5000000000000018 12.500000000000002 101.37700000000002 76.842500000000015 23.500000000000004 100.83750000000002
decision_type=2 2 2 2 2 2 2 2 2 2 2 2 2 2 2 2 2 2 2 2 2 2 2 2 2 2 2 2 2 2
left_child=1 6 -3 -4 5 7 -1 12 -9 10 -10 -12 14 -11 16 -16 17 18 -2 -20 28 22 23 24 27 -25 -23 -22 -17 -30
right_child=4 2 3 -5 -6 -7 -8 8 9 13 11 -13 -14 -15 15 20 -18 -19 19 -21 21 26 -24 25 -26 -27 -28 -29 29 -31
leaf_value=-0.11319823297429804 -0.0067426841702389181 -0.054891493335575248 0.072473270366979967 -0.033410425583388519 0.03196333913919102 -0.12436655168505772 0.0040559445827925518 -0.01151375326181674 -0.054069363380111028 -0.018274936046734431 0.013252447702240273 -0.11493949226806198 -0.020298126168298694 0.0027752739935351396 -0.10263662977452069 -0.0033645218413683523 0.023476719489920687 -0.12554119377539547 0.10282826544937851 0.0058924695409566822 0.010401313945210919 0.019224884585864379 0.023842561453732959 0.0026574685432593668 0.033189070601884703 -0.040743074406321328 -0.093801423455465147 -0.031208961047425755 0.068537228754967844 -0.0074276481818094757
leaf_weight=17.259365081787109 1452.5930807031691 55.302742548286915 246.66004364937544 26.543510913848877 242.92376788705587 18.634010892361403 4500.434708043118 7358.1143222246319 876.03221563063562 1275.2746208366007 1190.167122295592 104.96594064449891 1117.5258445739746 25315.695258555934 230.44106454402208 17394.18850717647 2560.8223900645971 80.815466403961182 125.24796770699322 146.3040787409991 1114.2429549568333 112.53191401436925 3773.0404086057097 1496.6125372722745 1586.9749930128455 1010.1068463250995 185.07217626273632 788.38046528026462 306.80675973370671 298.33783616125584
leaf_count=71 7724 283 992 154 1412 157 23074 54474 6953 7629 4283 577 5193 179384 2305 81421 8580 867 515 767 5257 659 18051 8126 6491 5791 1167 4024 949 1810
internal_value=-8.14514e-06 0.00624274 0.0424764 0.062186 -0.000439905 -0.000552485 0.00360799 -0.000519479 -0.00225429 0.000114519 -0.0201084 0.00286295 0.00133552 0.00176573 0.0020757 0.000490405 0.0123508 -0.00343438 0.0022891 0.0506022 0.00133714 0.00767262 0.00946189 0.000413191 0.0113639 -0.0148312 -0.0510632 -0.00684053 -0.00220627 0.0310863
internal_weight=75008.1 4846.2 328.506 273.204 70161.9 69918.9 4517.69 69900.3 36120.2 28762.1 2171.17 1295.13 33780 26591 32662.5 28296.7 4365.78 1804.96 1724.15 271.552 28066.3 10067 9769.36 5996.32 3489.6 2506.72 297.604 1902.62 17999.3 605.145
internal_count=439140 24574 1429 1146 414566 413154 23145 412997 253300 198826 11813 4860 159697 187013 154504 136051 18453 9873 9006 1282 133746 49566 47740 29689 15772 13917 1826 9281 84180 2759
is_linear=0
shrinkage=0.1


Tree=102
num_leaves=31
num_cat=0
split_feature=12 10 1 9 9 2 11 9 8 10 9 9 3 9 10 2 6 12 12 12 10 2 2 12 12 4 5 11 11 4
split_gain=19.7453 19.1374 18.6255 18.228 76.7955 57.0524 47.1933 46.8453 78.6211 55.3932 53.7486 107.448 83.6879 83.3659 71.2424 87.0688 63.1797 77.3784 62.0047 70.1799 76.8792 76.8173 158.052 61.7945 62.9877 83.553 56.0795 52.7922 50.4044 141.715
threshold=13.500000000000002 136.15100000000004 3.5000000000000004 6.9665000000000044 9.5580000000000016 20.500000000000004 0.81972222222222235 1.9234999999999969 103.68850000000002 -30.94700000000002 1.0000000180025095e-35 -1.0000000180025095e-35 1.0000000180025095e-35 -0.19749999999999798 -55.775500000000001 23.500000000000004 10.500000000000002 -1.0000000180025095e-35 -2.4999999999999996 2.5000000000000004 0.95300000000000307 19.500000000000004 18.500000000000004 4.5000000000000009 -1.0000000180025095e-35 23.500000000000004 2.5000000000000004 0.33114035087702637 0.15277777777777893 11.500000000000002
decision_type=2 2 2 2 2 2 2 2 2 2 2 2 2 2 2 2 2 2 2 2 2 2 2 2 2 2 2 2 2 2
left_child=1 2 3 7 5 -5 -6 10 9 -9 11 13 14 -1 -12 18 -13 -18 -16 20 21 22 -20 24 -15 -26 -24 -27 -11 -30
right_child=-2 -3 -4 4 6 -7 -8 8 -10 28 12 16 -14 23 15 -17 17 -19 19 -21 -22 -23 26 -25 25 27 -28 -29 29 -31
leaf_value=0.00080612032912935703 0.027057321413022712 -0.028788543420518599 -0.037431958736773852 -0.024517437747993288 -0.000637728852129475 0.044065067651611466 0.051380117665799446 -0.0049640178590426879 0.052128837976200118 -0.013026639960689188 0.014960593971673257 0.0087182598262892444 0.031898597686287507 0.010668310805811841 0.023712003632660288 0.019432949129353415 -0.004124115547541665 0.05767847950648039 -0.043524553611480166 0.012435814140938728 0.030804549895185652 -0.082818198261755516 0.0016650240624131289 0.045509431125497907 -0.052035767731715046 0.1230019444720927 0.12193396469526951 -0.015413289391724065 0.17434995341350715 0.01911162579873878
leaf_weight=47326.160321909003 268.60091464966536 231.87323212623596 132.80029207840562 2057.6423133909702 9087.5061638653278 128.89445200562477 177.8245093524456 2252.0106857363135 406.7029972076416 454.01910061202943 646.80494344234467 1815.9932076392579 414.62703605834395 600.5274313185364 214.7463300190866 450.5412369966507 283.27329745143652 711.21269976347685 1578.7941248873249 310.04870165139437 150.4988067895174 397.16240918077528 76.940866524353623 158.18192066252232 804.79300577938557 27.992061098571867 78.149131834506989 1765.222003004048 60.728578388690948 1856.9199743270874
leaf_count=225678 1063 1628 1350 12137 42840 444 469 10487 1686 2870 3077 17414 1356 2577 927 4882 997 2961 31381 1362 1197 6525 2351 548 23198 248 356 30271 125 6735
internal_value=-7.10262e-06 -0.000104473 -1.51089e-05 5.17736e-05 -0.0036175 -0.0204746 0.000360622 0.000720434 0.00997626 0.00626848 -8.4945e-05 0.000781384 -0.0108166 -0.000273995 -0.0153536 -0.0213739 0.0198136 0.0400744 -0.0279252 -0.032204 -0.0382703 -0.0431485 -0.0340618 -0.0155025 -0.0185198 -0.0252666 0.062268 -0.0132526 0.0169343 0.0240278
internal_weight=74927.2 74658.6 74426.7 74293.9 11451.9 2186.54 9265.33 62842.1 5030.38 4623.68 57811.7 53493.4 4318.31 50682.9 3903.69 3256.88 2810.48 994.486 2806.34 2591.59 2281.55 2131.05 1733.88 3356.72 3198.53 2598.01 155.09 1793.21 2371.67 1917.65
internal_count=439140 438077 436449 435099 55890 12581 43309 379209 21903 20217 357306 303892 53414 282520 52058 48981 21372 3958 44099 43172 41810 40613 34088 56842 56294 53717 2707 30519 9730 6860
is_linear=0
shrinkage=0.1


Tree=103
num_leaves=31
num_cat=0
split_feature=7 2 2 2 7 2 2 2 5 9 11 1 11 2 1 8 1 10 10 1 8 8 2 8 8 10 10 2 10 2
split_gain=19.2631 152.505 116.349 120.169 116.762 105.133 103.129 123.13 195.096 154.051 120.461 102.031 88.6348 86.2608 85.1404 83.7102 96.962 81.1638 77.264 78.844 75.2437 102.225 90.4071 69.1918 67.793 67.3177 100.225 65.5419 65.3922 66.6442
threshold=8.5000000000000018 3.5000000000000004 3.5000000000000004 7.5000000000000009 15.500000000000002 8.5000000000000018 15.500000000000002 11.500000000000002 2.5000000000000004 -1.3280000000000027 0.41030061892130859 2.5000000000000004 0.24837662337662339 16.500000000000004 1.5000000000000002 76.27300000000001 2.5000000000000004 -2.6379999999994346 -197.09599999999998 1.5000000000000002 94.959500000000006 97.813500000000019 20.500000000000004 109.00700000000002 90.051500000000019 -99.405499999999861 -104.39899999999999 1.0000000180025095e-35 -210.6215 15.500000000000002
decision_type=2 2 2 2 2 2 2 2 2 2 2 2 2 2 2 2 2 2 2 2 2 2 2 2 2 2 2 2 2 2
left_child=1 12 4 17 14 15 7 8 9 18 -9 -10 -1 28 27 -3 -17 25 -5 -20 -15 22 -22 24 -6 26 -4 -2 -7 -30
right_child=2 5 3 6 23 13 -8 10 11 -11 -12 -13 -14 20 -16 16 -18 -19 19 -21 21 -23 -24 -25 -26 -27 -28 -29 29 -31
leaf_value=-0.035188998432660337 0.020135661580944885 0.06473401265262485 -0.0064516070886104053 0.040526529463743383 0.030568675373149303 0.045079500487912788 -0.0060061777518118416 0.024468928834573019 0.037095567883505536 0.015338378132910155 -0.0028468162386369508 -0.026443751609200528 -0.0046702698699718241 0.013117720159989056 0.021558943949687784 0.0062200852169327523 0.038605660972659189 0.0064995705139095682 -0.045325710150126028 -0.013242255108807971 -0.062569902821005205 0.0060119190045215343 -0.0056764534741510705 0.066389462152496651 -0.011564998743770779 -0.024391725467401842 0.1173174401096157 -0.014118372698569233 -0.0031216457918286714 -0.025468284653135827
leaf_weight=1519.9020406666095 698.09584250301123 345.06805792450905 344.39488309621811 161.61123542487621 1605.3490414917469 244.72764205932617 17305.351905822754 4535.2914944016375 1315.1530730752274 1179.3312786789611 2506.780633894261 312.84094285964966 2545.2812531590462 7517.692093282938 1449.0043886676431 3923.0816801534966 1209.5033686114475 1322.7353382706642 1647.4178253263235 1431.5572123229504 472.04448646306992 3050.8388066291809 684.0520626604557 390.22026968002319 501.07434841990471 4985.1445980072021 80.77091121673584 2795.2942867279053 7083.2622900009155 1644.3765535354614
leaf_count=14552 3774 1126 1364 513 6578 656 101683 24260 4454 6586 13883 2529 14994 43788 10117 25073 4716 6419 6196 9204 2849 23020 4823 1358 3647 29652 231 13162 46817 11116
internal_value=-8.89218e-06 0.0019392 -0.00133071 -0.00361777 0.010084 0.00473787 -0.000940172 0.00575724 -0.00470827 -0.0156086 0.0147453 0.0248856 -0.0160807 0.00147746 0.00117972 0.0170572 0.0138518 -0.0157054 -0.026871 -0.0304086 0.00712497 -0.00358393 -0.0289066 0.0277112 0.0205459 -0.0211342 0.0170614 -0.00727327 -0.00590242 -0.00733198
internal_weight=74807.2 30239.8 44567.4 37128.4 7439.04 26174.6 30395.3 13090 6047.91 4419.92 7042.07 1627.99 4065.18 20697 4942.39 5477.65 5132.59 6733.05 3240.59 3078.98 11724.6 4206.94 1156.1 2496.64 2106.42 5410.31 425.166 3493.39 8972.37 8727.64
internal_count=439140 193530 245610 206974 38636 163984 169308 67625 29482 22499 38143 6983 29546 133069 27053 30915 29789 37666 15913 15400 74480 30692 7672 11583 10225 31247 1595 16936 58589 57933
is_linear=0
shrinkage=0.1


Tree=104
num_leaves=31
num_cat=0
split_feature=6 4 11 4 11 6 11 5 2 9 8 4 11 5 2 3 10 5 1 4 2 7 4 5 4 7 1 10 10 11
split_gain=21.0364 84.4395 60.8344 63.9121 42.9382 44.4077 31.2025 53.527 44.3604 45.3244 50.4785 35.4606 196.662 99.8793 55.1078 57.1355 76.0742 50.2327 117.598 55.7116 53.8918 87.6851 58.3379 57.3476 92.9027 85.7116 193.98 86.9422 104.812 82.4026
threshold=25.500000000000004 25.500000000000004 0.35620300751879702 21.500000000000004 0.34641025641025641 28.500000000000004 0.55144747725392895 2.5000000000000004 23.500000000000004 22.953500000000002 106.20550000000001 26.500000000000004 0.36677206093705089 1.5000000000000002 24.500000000000004 1.0000000180025095e-35 105.26550000000002 2.5000000000000004 1.0000000180025095e-35 21.500000000000004 23.500000000000004 9.5000000000000018 15.500000000000002 1.5000000000000002 25.500000000000004 4.5000000000000009 2.5000000000000004 -104.39899999999999 -17.975499999999993 0.282329988851728
decision_type=2 2 2 2 2 2 2 2 2 2 2 2 2 2 2 2 2 2 2 2 2 2 2 2 2 2 2 2 2 2
left_child=6 2 3 -2 5 -3 11 -8 -9 -10 -11 12 14 -14 17 -16 -17 20 19 -19 23 22 -22 24 25 26 -1 -27 -29 -25
right_child=1 4 -4 -5 -6 -7 7 8 9 10 -12 -13 13 -15 15 16 -18 18 -20 -21 21 -23 -24 29 -26 27 -28 28 -30 -31
leaf_value=-0.028418495861288751 -0.0072107537345274392 -0.042884081844023716 -0.080288340533657743 0.10346885348172262 0.0038611976430099949 0.11612602569842219 -0.020468280605460028 -0.00045856994379925731 -0.024287686031002651 -0.29038941360259946 0.098202225043488356 0.0047901580065106055 0.03382722433610158 -0.07331134878379679 -0.032195812931176675 0.0035060697673993829 0.19658053108073387 -0.017666251117044153 -0.051017070647172147 0.028837120727810996 0.062953299954491865 -0.010473510181973025 0.008560596339850849 0.0097189050748579739 0.21621454145645444 -0.042066319843956146 0.017883756892588778 0.007944437693314375 -0.0086014690087588466 -0.0074570333583699119
leaf_weight=3224.7870502821752 72.206035957671702 298.6070022424683 28.849343023262918 188.05253338813782 9576.6167533779517 18.660987347364426 1966.8316511465237 8497.8945024656132 552.68500879406929 12.770427353680136 4.5282076224684706 13356.546647526324 103.75819217041135 539.15596712753177 915.65330160455778 134.04911708040163 24.072104096412659 553.40711007267237 622.51419544219971 481.99161529541016 493.77098911628127 545.71218861825764 328.27760577201843 10667.823483108543 19.321298651397228 473.46017634961754 1257.6708671152592 9700.6647379705682 6324.6200070353225 3783.9481811523438
leaf_count=41085 298 1696 309 621 53872 61 12864 45318 4225 61 15 49172 3243 6770 10408 824 89 2957 4920 1698 1459 2189 870 36623 55 4103 4526 62763 71209 14837
internal_value=-5.57559e-06 0.00421874 0.0574894 0.0727619 0.00266212 -0.0335315 -0.000671606 -0.00551367 -0.00226999 -0.0292766 -0.188669 0.000326144 -0.00115723 -0.0560205 -0.000265428 -0.0226101 0.0328994 0.000358126 -0.0166693 0.00398168 0.00112483 0.0206025 0.0412321 0.000373373 -0.00296305 -0.00316489 -0.0154272 0.000166593 0.00141435 0.00522168
internal_weight=74768.9 10183 289.108 260.259 9893.88 317.268 64585.9 11034.7 9067.88 569.984 17.2986 53551.2 40194.7 642.914 39551.7 1073.77 158.121 38478 1657.91 1035.4 36820.1 1367.76 822.049 35452.3 21000.5 20981.2 4482.46 16498.7 16025.3 14451.8
internal_count=439140 56857 1228 919 55629 1757 382283 62483 49619 4301 76 319800 270628 10013 260615 11321 913 249294 9575 4655 239719 4518 2329 235201 183741 183686 45611 138075 133972 51460
is_linear=0
shrinkage=0.1


Tree=105
num_leaves=31
num_cat=0
split_feature=6 4 4 11 4 9 9 9 5 6 4 11 12 9 11 4 7 3 11 11 10 10 11 6 12 2 2 2 4 1
split_gain=21.2337 159.515 55.6776 55.8828 33.8121 33.8048 31.042 45.6118 30.985 56.1444 181.253 51.9235 83.3394 52.7894 42.5915 77.9999 44.0478 42.2867 40.0806 39.5955 37.2286 54.2294 47.7888 37.5406 37.0615 35.8459 64.1164 48.0782 84.9941 49.5879
threshold=14.500000000000002 14.500000000000002 10.500000000000002 0.19452991452991453 12.500000000000002 0.73899999999999733 2.951000000000001 -3.7124999999999981 1.5000000000000002 16.500000000000004 16.500000000000004 0.23132664437012262 -1.0000000180025095e-35 1.2485000000000002 0.63944444444444459 45.500000000000007 3.5000000000000004 1.0000000180025095e-35 0.4388104407359863 0.73105625717566025 -33.383000000000095 -22.511500000000204 0.93449656750572097 24.500000000000004 -1.0000000180025095e-35 22.500000000000004 17.500000000000004 15.500000000000002 31.500000000000004 2.5000000000000004
decision_type=2 2 2 2 2 2 2 2 2 2 2 2 2 2 2 2 2 2 2 2 2 2 2 2 2 2 2 2 2 2
left_child=-1 2 5 4 -4 -2 7 -5 9 11 -11 -3 -13 -14 16 19 18 -12 -10 -16 23 -22 -23 -17 -24 26 27 29 -29 -18
right_child=1 8 3 6 -6 -7 -8 -9 14 10 17 12 13 -15 15 20 25 -19 -20 -21 21 22 24 -25 -26 -27 -28 28 -30 -31
leaf_value=-0.0015205556490444881 -0.070276421012126486 -0.029642278814276592 0.0296499288528983 0.095298375832523777 0.07408797279549853 0.079262826751176296 0.098073072546506337 -0.084640518062568226 0.037922642085651971 0.075479349445744817 -0.0024101843751465589 0.16709822844462408 -0.06491424891428077 0.11873543026380558 -0.072596750613027977 -0.019266566640662633 0.0046520263072541927 -0.037991002934289572 0.0093139627265282857 -0.012936591285029176 0.02327612406414957 0.0015567274906349189 0.040270727428668787 0.0005894873490011989 -0.075342745098406327 -0.012428473104261798 0.018976950925839148 -0.081114467870363915 -0.0053992765726729626 -0.06164037644638936
leaf_weight=41349.178011570591 64.637045245617628 1191.7912628701888 258.7917599985376 17.962883815169334 506.01466751098633 19.73191336914897 18.285812839865685 65.292526363395154 730.13127036672086 297.79108812799677 7198.5253703189082 35.879211619496346 59.023117721546441 21.300368957221508 231.98246769420803 1616.6433161459863 8132.1127369571477 350.27280178852379 1487.1867722272873 213.74044650886208 1252.0593882314861 2037.3454161630943 34.470365181565285 2316.6102557331324 141.73796292673796 1276.1827039718628 2631.2638038396835 183.65671300888062 769.24035167694092 114.42390782944858
leaf_count=255653 417 8792 804 46 1438 59 47 799 3568 967 47185 161 2241 54 3371 5888 35566 2232 6784 5808 4908 15530 137 9543 3711 6056 12704 1048 2416 1207
internal_value=-7.36032e-06 0.00187306 0.0422451 0.049797 0.0590512 -0.0353027 -0.0199054 -0.0458176 0.000685615 -0.00423988 -0.00104248 -0.0234209 0.0403865 -0.0162136 0.0026318 -0.00336077 0.00569946 -0.00406117 0.0187344 -0.0439875 -0.000913336 0.00664353 -0.00276442 -0.00757174 -0.0527261 0.00349431 0.00521191 0.00127476 -0.0199923 0.00373219
internal_weight=74623.3 33274.1 950.717 866.348 764.806 84.369 101.541 83.2554 32323.4 9154.58 7846.59 1307.99 116.203 80.3235 23168.8 7844.59 15324.2 7548.8 2217.32 445.723 7398.87 3465.61 2213.55 3933.25 176.208 13106.9 11830.7 9199.43 952.897 8246.54
internal_count=439140 183487 3610 3134 2242 476 892 845 179877 61632 50384 11248 2456 2295 118245 48896 69349 49417 10352 9179 39717 24286 19378 15431 3848 58997 52941 40237 3464 36773
is_linear=0
shrinkage=0.1


Tree=106
num_leaves=31
num_cat=0
split_feature=6 4 4 11 11 6 8 8 8 8 10 5 11 2 8 8 11 4 5 2 2 10 4 2 2 8 5 3 5 11
split_gain=18.438 141.876 103.912 58.7853 50.0304 34.7475 33.062 55.4325 39.2409 40.3475 32.9787 39.896 34.3185 32.6132 32.4399 32.736 31.8419 160.276 57.2106 54.6345 70.5041 54.0844 46.2006 41.2952 48.1097 52.4378 78.5409 47.9015 93.6036 58.0365
threshold=20.500000000000004 20.500000000000004 18.500000000000004 0.28787878787878401 0.28787878787878401 22.500000000000004 89.145500000000013 99.110500000000016 75.631500000000017 70.947500000000005 -25.088499999999993 3.5000000000000004 0.85982456140350882 13.500000000000002 94.83250000000001 93.731500000000011 0.4388104407359863 31.500000000000004 2.5000000000000004 24.500000000000004 22.500000000000004 -45.698 29.500000000000004 23.500000000000004 22.500000000000004 82.967500000000015 3.5000000000000004 1.0000000180025095e-35 3.5000000000000004 0.80735492577597856
decision_type=2 2 2 2 2 2 2 2 2 2 2 2 2 2 2 2 2 2 2 2 2 2 2 2 2 2 2 2 2 2
left_child=16 2 -2 5 -4 -3 8 10 9 -5 11 13 -12 -8 15 -15 22 -18 19 20 -19 -22 -1 24 27 -26 -27 29 -29 -20
right_child=1 3 4 6 -6 -7 7 -9 -10 -11 12 -13 -14 14 -16 -17 17 18 23 -21 21 -23 -24 -25 25 26 -28 28 -30 -31
leaf_value=-0.00032551157101096584 0.00096550999616435036 -0.03900004903030261 0.10860904957991986 -0.020205599822116796 -0.11419826780979925 0.037827462362868297 0.027304292389815677 -0.0050981024080357469 -0.0031545285030554608 0.026419107470438324 0.026313505515236854 -0.065874451886408739 -0.035564863721458499 0.0023427153314046372 -0.012569825002245311 0.045320010066379694 -0.065964310187328401 -0.016125452863819549 0.0077217872790788789 0.029040575865552021 -0.2062843614673967 -0.053665023437301576 0.013954887941455885 -0.023868676530972462 0.035557125664199697 -0.045369923055235045 0.033670583647997181 -0.0030634074206883372 -0.048685015363801952 -0.029114333092498758
leaf_weight=39253.919090612559 182.26514482498169 508.11900514690205 248.04624510137364 234.86850921856239 10.504833695013074 66.583761505782604 670.50962266139686 2206.1503238677979 9494.4887021202594 884.83411026000977 1980.4454337824136 74.123615000396967 93.878081858158112 598.84116178192198 848.87397894635797 251.73930168151855 418.0313982218504 2623.3679164722562 5260.1244575872552 253.25726127624512 32.030173733830452 84.41185574233532 2404.2742263823748 670.49329036474228 802.38329453021288 250.03667894005775 252.84983428567648 2834.8102946872823 534.5302573852241 465.57056460506283
leaf_count=256679 792 3711 798 1408 167 251 3283 12181 51043 3784 13598 604 2943 2420 4053 1131 8157 10812 23556 835 152 482 7696 4155 3272 878 808 8607 2519 8365
internal_value=-5.96212e-06 0.0027455 0.0587919 0.00136631 0.0995565 -0.030099 0.00240924 0.00789539 -0.00106647 0.0166391 0.0142396 0.00636904 0.0235131 0.00862854 0.00126014 0.0150624 -0.000905517 -0.00494477 -0.00313103 -0.0153974 -0.0195051 -0.0956466 0.000498672 0.000185272 0.001736 0.0196893 -0.00562859 -0.000840569 -0.0103011 0.00472655
internal_weight=74494.4 18354.3 440.816 17913.5 258.551 574.703 17338.8 6724.56 10614.2 1119.7 4518.41 2444.09 2074.32 2369.96 1699.45 850.58 56140.1 14481.9 14063.9 2993.07 2739.81 116.442 41658.2 11070.8 10400.3 1305.27 502.887 9095.04 3369.34 5725.7
internal_count=439140 102167 1757 100410 965 3962 96448 40213 56235 5192 28032 11491 16541 10887 7604 3551 336973 72598 64441 12281 11446 634 264375 52160 48005 4958 1686 43047 11126 31921
is_linear=0
shrinkage=0.1


Tree=107
num_leaves=31
num_cat=0
split_feature=4 11 9 11 12 5 9 9 4 5 11 8 7 10 4 9 9 8 0 0 5 7 9 10 10 5 11 10 1 8
split_gain=18.6591 54.994 60.8614 32.1355 31.6847 29.9577 31.4493 25.8723 24.0722 22.1432 30.3033 75.8066 37.2332 24.4007 25.4212 22.9947 22.3468 62.6017 58.6791 67.0248 59.0435 75.4407 54.022 50.4462 46.999 57.6833 67.967 51.8519 44.2214 41.8389
threshold=65.500000000000014 0.89376503237742833 0.84649999999999903 0.98591549295778835 -3.4999999999999996 2.5000000000000004 0.039000000000001658 0.23549999999999474 72.500000000000014 4.5000000000000009 0.73746867167919816 87.946500000000015 16.500000000000004 -39.847500000000004 55.500000000000007 2.6374999999999962 4.9360000000000008 105.66100000000002 162.50000000000003 82.500000000000014 1.5000000000000002 7.5000000000000009 2.0545000000000049 -21.812000000000126 6.9885000000000028 1.5000000000000002 0.099295774647887317 -8.3855000000000128 1.0000000180025095e-35 107.92850000000001
decision_type=2 2 2 2 2 2 2 2 2 2 2 2 2 2 2 2 2 2 2 2 2 2 2 2 2 2 2 2 2 2
left_child=1 9 3 4 -3 6 -5 -8 -2 16 -11 15 13 -13 -15 -12 22 -18 19 -19 21 -21 -1 28 25 26 -25 -28 -24 -20
right_child=8 2 -4 5 -6 -7 7 -9 -10 10 11 12 -14 14 -16 -17 17 18 29 20 -22 -23 23 24 -26 -27 27 -29 -30 -31
leaf_value=0.00023655804918738766 0.017498204859616631 0.1071980991036881 0.034698224897019021 0.033361231755108432 -0.077802258310773934 -0.04816548860494925 0.8670306838163383 0.21421943860159331 -0.066755771624434801 -0.039494423733222192 -0.052591613958431184 -0.17354327283271276 0.3078271115794321 0.36150341211571585 0.066536677023086396 0.11565395132531807 -0.0081621316866115172 0.0092282498299607659 0.024564182739947676 -0.0040700258583203095 0.019613884284457456 0.13028867770802516 0.025933629086438925 -0.0010340264169639718 -0.00082207572432412598 0.01968259532888679 0.039998419902105738 0.12616676434647248 -0.0078426028730763566 -0.010744120094232956
leaf_weight=56777.357011323213 874.32071900367737 9.625593423843382 82.883900694549084 2.3818778917193395 242.24048943072557 5.6382216196507215 1.2297492991201582 1.1990371071733532 35.27880223095417 301.92345748841763 68.061854485422373 3.3057002900168291 10.149242363870142 3.5700541986152592 16.090678602457047 9.2244084384292346 9042.8238831833005 1199.6939034983516 418.03774709254503 57.673014640808105 226.36440301686525 151.74653767794371 562.06478443462402 102.62077033147216 400.56190705299377 578.80717791616917 112.6944608092308 183.61968105658889 1248.9563475577161 1701.8983421325684
leaf_count=344216 4200 28 404 61 8732 148 22 18 222 2267 1305 36 65 41 106 27 46387 5262 1675 422 807 612 1904 773 2166 1992 398 355 6613 7876
internal_value=-4.35066e-06 -0.000180459 -0.0400004 -0.063603 -0.0707321 0.108239 0.29155 0.544752 0.0142304 7.38341e-06 -0.0231012 0.0217305 0.148321 0.0778321 0.120098 -0.0325109 0.000138329 -0.00365506 0.00719773 0.0214293 0.0550181 0.093287 0.000947923 0.0136119 0.0280282 0.0398475 0.0691045 0.0933951 0.00264012 -0.00378155
internal_weight=74432 73522.4 345.199 262.315 251.866 10.4489 4.81066 2.42879 909.6 73177.2 412.325 110.402 33.1157 22.9664 19.6607 77.2863 72764.9 12798.2 3755.41 1635.48 435.784 209.42 59966.7 3189.33 1378.3 977.742 398.935 296.314 1811.02 2119.94
internal_count=439140 434718 9413 9009 8760 249 101 40 4422 425305 3847 1580 248 183 147 1332 421458 63041 16654 7103 1841 1034 358417 14201 5684 3518 1526 753 8517 9551
is_linear=0
shrinkage=0.1


Tree=108
num_leaves=31
num_cat=0
split_feature=12 1 12 8 1 12 8 10 10 11 7 8 9 8 2 2 12 5 2 10 10 8 2 10 10 7 11 9 4 11
split_gain=17.9545 69.4864 41.8514 38.9704 38.9677 28.1573 31.9531 58.4272 118.87 71.9447 58.0461 51.1707 49.092 60.5351 57.5122 52.9205 51.0519 48.6137 82.8119 58.0919 56.0022 48.4532 46.679 61.7648 47.0916 46.5983 46.1237 51.2548 44.4024 83.967
threshold=-6.4999999999999991 1.0000000180025095e-35 -8.4999999999999982 90.96250000000002 1.5000000000000002 -2.4999999999999996 91.165500000000023 -22.938500000000161 -17.453999999999983 0.12838827838827838 12.500000000000002 71.964500000000015 -2.9769999999999963 87.383500000000012 11.500000000000002 9.5000000000000018 3.5000000000000004 1.5000000000000002 18.500000000000004 -138.77999999999994 -33.383000000000095 74.264500000000012 11.500000000000002 -52.187999999999988 -60.00100000000009 4.5000000000000009 0.18338603046852545 -6.9905000000000035 13.500000000000002 0.19189852868956817
decision_type=2 2 2 2 2 2 2 2 2 2 2 2 2 2 2 2 2 2 2 2 2 2 2 2 2 2 2 2 2 2
left_child=1 2 3 -1 -3 -2 7 10 9 -9 11 26 -11 14 15 -14 -16 18 19 -12 -19 25 23 -21 -24 -10 -7 -28 29 -8
right_child=5 4 -4 -5 -6 6 28 8 21 12 17 -13 13 -15 16 -17 -18 20 -20 22 -22 -23 24 -25 -26 -27 27 -29 -30 -31
leaf_value=0.030012960246455694 0.0046244320569758931 -0.05797226626049945 -0.0076810892586188151 -0.0033484087480520094 -0.013516786215687276 -0.057616331578932971 -0.0020077420821713841 0.017148891372277059 -0.04179956127786813 -0.01679161265676574 -0.079665181368508128 -0.0013841639128094273 -0.038295164824896227 -0.010710255592681031 -0.087760117653218964 0.11328390575160939 0.026738383957378976 -0.0020130598910795116 -0.019981695153509754 0.06201642930493776 0.022291551606487391 -0.005648535790210121 0.014228448708680844 -0.012923120343082579 0.096380299659585306 0.035667646215210735 0.0045286168516939446 -0.051769576625672324 0.0048450001777786567 -0.052820407148993415
leaf_weight=901.41637083888054 12985.754683852196 214.55052661895752 1276.3771515982226 572.54190674424171 2434.8635567529127 295.73841600120068 7374.777624926297 276.25260108709335 91.610845691990107 690.21889058127999 36.916205383837223 13354.801572322845 178.52289435942657 280.04992079734802 570.2015784799587 26.444565415382385 41.795854516327381 3645.6325162574649 277.57240340858698 233.79125717282295 1281.2212459221482 7485.2992792129517 94.114169418811798 207.67835354804993 269.82680813968182 509.48144024610519 572.2888673171401 225.40718554705381 17663.748940899968 340.21306630340405
leaf_count=2723 58089 1493 4450 2143 14900 3238 66425 2402 786 2575 368 61805 3836 5545 11764 78 122 12952 1227 1271 5457 59308 558 1585 1116 2379 2032 1621 100113 6779
internal_value=-5.68209e-06 -0.00555885 0.00557499 0.0170541 -0.0171168 0.000428835 -0.000543666 -0.002717 -0.00892172 -0.0303448 0.000355804 -0.00308703 -0.0376859 -0.0508322 -0.0645857 -0.0187387 -0.0799405 0.00858219 0.0273889 0.042999 0.00430732 -0.00345497 0.0486213 0.026763 0.075136 0.0238611 -0.0238852 -0.0113797 0.00208064 -0.00424846
internal_weight=74409.1 5399.75 2750.34 1473.96 2649.41 69009.4 56023.6 30644.9 10149.9 2063.49 20495 14448.2 1787.23 1097.01 816.965 204.967 611.997 6046.75 1119.9 842.327 4926.85 8086.39 805.411 441.47 363.941 601.092 1093.43 797.696 25378.7 7714.99
internal_count=439140 25709 9316 4866 16393 413431 355342 182025 88795 26322 93230 68696 23920 21345 15800 3914 11886 24534 6125 4898 18409 62473 4530 2856 1674 3165 6891 3653 173317 73204
is_linear=0
shrinkage=0.1


Tree=109
num_leaves=31
num_cat=0
split_feature=7 2 2 2 7 2 10 2 2 5 9 8 11 1 4 10 8 8 3 2 8 8 10 1 10 0 5 10 0 0
split_gain=18.7132 118.299 83.418 97.9194 91.4524 80.9945 84.3263 79.3946 102.388 162.926 124.257 92.3237 92.2912 69.3789 68.6462 67.5544 65.277 97.5191 84.6468 64.1203 63.9732 75.8346 62.6882 63.7857 61.2059 58.0087 56.7321 56.5244 56.3375 58.3364
threshold=8.5000000000000018 3.5000000000000004 3.5000000000000004 7.5000000000000009 15.500000000000002 8.5000000000000018 30.114500000000032 15.500000000000002 11.500000000000002 2.5000000000000004 -1.3280000000000027 79.054500000000019 0.41030061892130859 1.5000000000000002 21.500000000000004 -2.6379999999994346 76.059500000000014 91.940000000000012 1.0000000180025095e-35 16.500000000000004 82.228500000000011 79.58150000000002 -197.09599999999998 1.5000000000000002 -37.786000000000001 339.50000000000006 1.5000000000000002 -130.98249999999996 804.50000000000011 116.50000000000001
decision_type=2 2 2 2 2 2 2 2 2 2 2 2 2 2 2 2 2 2 2 2 2 2 2 2 2 2 2 2 2 2
left_child=1 14 4 15 13 6 16 8 9 10 22 -11 -10 -2 -1 -4 -3 18 24 -7 21 -9 -5 -24 -18 -25 -6 -21 29 -15
right_child=2 5 3 7 26 19 -8 20 12 11 -12 -13 -14 28 -16 -17 17 -19 -20 27 -22 -23 23 25 -26 -27 -28 -29 -30 -31
leaf_value=-0.02860300804451172 -0.0071725083523663082 0.058138935354978827 -0.019129855701429634 0.037292320194113708 0.052329851508310293 -0.0048613530842157209 0.059196928171901454 -0.012270552298265562 0.021793859576857005 -0.0088345949619018267 0.013539996646084915 0.041096668445886692 -0.0021824010407573056 0.0068307345674230805 -0.0022843036221246319 0.0061288521561945327 -0.0282991514756279 0.016282883118439059 -0.074831442360212483 -0.021621680414476839 -0.0086846165990070983 0.015973325426274988 -0.040777228760123782 0.0019645892812708661 0.028664886432133576 -0.041109135798695282 0.015953293777567785 0.0081547555742647795 -0.010905121206127234 0.054852339687977841
leaf_weight=1793.9972121664905 3474.3726210966706 285.78065400570631 5397.8709360361099 156.70170253515244 551.95829770714045 8900.8822116851807 404.48143720626831 1499.9826768636703 4520.2570557366125 583.04399401973933 1173.0013410924003 1014.9318295139819 2489.7222991217859 485.91847610846162 2214.1790553927422 1317.2284749746323 435.91990630328655 3741.0678806267679 213.48064242769033 676.97689008712769 13135.291615128517 2595.7737045288086 1673.9735576696694 964.29067280143499 332.4890648489818 462.67117734625936 1920.3762912973762 10936.913986682892 443.41647374629974 527.67605407908559
leaf_count=16934 16936 868 31247 513 3117 58589 1934 9838 24260 3255 6586 3728 13883 3714 12612 6419 2765 21006 922 2617 80747 11098 6196 6183 3420 3021 8466 71863 2834 3569
internal_value=-7.9902e-06 0.00192418 -0.00131107 -0.00325065 0.00837798 0.00439579 0.0152763 -0.000827139 0.00506038 -0.00449523 -0.014368 0.0228785 0.0132783 0.000508573 -0.0140641 -0.0141751 0.0117295 0.0089213 -0.0191269 0.00152476 -0.00528218 0.00562961 -0.024417 -0.0275354 -0.00365092 -0.0120014 0.0240745 0.00641908 0.0188248 0.0318307
internal_weight=74324.6 29936.2 44388.5 36984.7 7403.72 25928 5413.22 30269.6 13038.6 6028.61 4430.64 1597.98 7009.98 4931.38 4008.18 6715.1 5008.74 4722.96 981.89 20514.8 17231 4095.76 3257.64 3100.94 768.409 1426.96 2472.33 11613.9 1457.01 1013.59
internal_count=439140 193530 245610 206974 38636 163984 30915 169308 67625 29482 22499 6983 38143 27053 29546 37666 28981 28113 7107 133069 101683 20936 15913 15400 6185 9204 11583 74480 10117 7283
is_linear=0
shrinkage=0.1


Tree=110
num_leaves=31
num_cat=0
split_feature=6 11 4 5 6 4 4 6 4 4 11 6 6 4 6 4 4 6 4 4 11 9 8 2 11 9 4 10 10 2
split_gain=19.444 245.481 80.8711 40.492 114.614 119.453 71.3094 58.1938 159.109 72.7099 49.2898 49.2167 44.8332 185.384 47.3273 266.198 77.9981 51.8525 51.3635 50.8942 45.3478 91.2847 53.2399 64.093 54.7518 43.8537 43.0782 42.5004 89.0603 153.101
threshold=11.500000000000002 0.15277777777777893 10.500000000000002 1.5000000000000002 12.500000000000002 12.500000000000002 12.500000000000002 13.500000000000002 13.500000000000002 13.500000000000002 0.18441295546558703 13.500000000000002 14.500000000000002 14.500000000000002 17.500000000000004 17.500000000000004 17.500000000000004 18.500000000000004 18.500000000000004 18.500000000000004 0.24837662337662339 0.84649999999999903 103.68850000000002 24.500000000000004 0.30283094098883573 17.829000000000004 14.500000000000002 -16.912500000000247 -5.5669999999998643 1.5000000000000002
decision_type=2 2 2 2 2 2 2 2 2 2 2 2 2 2 2 2 2 2 2 2 2 2 2 2 2 2 2 2 2 2
left_child=-1 2 -2 4 5 -3 11 9 10 -8 -9 -6 26 -14 16 -16 20 18 -17 -19 -15 22 -22 -24 -25 -7 -10 -5 29 -29
right_child=1 3 -4 27 6 25 7 8 12 -11 -12 -13 13 14 15 17 -18 19 -20 -21 21 -23 23 24 -26 -27 -28 28 -30 -31
leaf_value=-0.0019122056204181797 0.024266767726255713 -0.042630242274369165 0.081132558138858848 4.9728640585934506e-05 0.07811671234877704 0.1034504058676788 -0.033679687282799062 0.075934857765969713 -0.030130370536409264 0.16604258240549585 -0.050958208914580805 0.012219554511609436 0.076383837676821706 -0.025207369729248277 0.0836795485527035 -0.042096699301204465 0.11869529413929143 0.048067400099427851 0.098763825850647011 -0.0040032086119938144 -0.06895913750632586 0.13543724955884928 -0.020580583060663727 0.15843275976172891 1.0281080211481077 0.41263875347737866 0.12621095318382594 -0.046015624110448301 -0.0010590855720002356 0.028005251893678047
leaf_weight=31108.491721024737 550.07061550021172 978.39301780657843 458.57738789916039 21970.959915608168 174.49237349675968 21.273093000520024 795.82305451994762 325.80530522903427 771.41674028662965 18.655366661027074 33.78559307847172 323.3968752399087 294.18088294239715 1766.6444124600384 356.70751580037177 505.67716746032238 40.758036402985454 193.6767503041774 27.283346941694617 6090.9015088118613 61.547320357756689 53.696278631687164 4.5257650297135106 1.4872079733759167 1.4104608222842214 5.8485081791877738 18.0362803414464 308.32890152931213 4070.3383652633056 2981.015310049057
leaf_count=201431 1923 9238 1224 106037 754 138 7564 821 6873 97 379 1392 1010 13278 1159 5091 178 631 136 38120 2741 170 83 27 18 16 95 3547 20502 14467
internal_value=-5.93149e-06 0.00136663 0.0501205 0.000201229 -0.00447609 -0.0368917 -0.00172782 -0.00335101 -0.00136229 -0.0291051 0.0640125 0.0353142 -0.00366974 -0.00174713 -0.00427172 -0.000532073 -0.0181723 -0.0049382 -0.0348858 -0.00239851 -0.021125 0.0376695 -0.0384462 0.214535 0.581753 0.170124 -0.0265585 0.00225286 0.00882991 0.0210669
internal_weight=74313.2 43204.7 1008.65 42196.1 12865.4 1005.51 11859.9 11362 10547.5 814.478 359.591 497.889 10187.9 9398.5 9104.32 7174.25 1930.07 6817.54 532.961 6284.58 1889.31 122.667 68.9708 7.42343 2.89767 27.1216 789.453 29330.6 7359.68 3289.34
internal_count=439140 237709 3147 234562 90009 9392 80617 78471 70810 7661 1200 2146 69610 62642 61632 45137 16495 43978 5227 38751 16317 3039 2869 128 45 154 6968 144553 38516 18014
is_linear=0
shrinkage=0.1


Tree=111
num_leaves=31
num_cat=0
split_feature=10 10 10 8 11 0 5 0 10 0 5 9 0 7 5 8 9 2 11 4 2 2 8 8 2 7 11 2 7 10
split_gain=18.9187 102.616 53.795 57.0664 60.8203 44.3979 86.8948 57.4458 71.966 59.9822 59.7397 59.0062 49.1505 44.8537 78.7675 122.977 85.9312 51.3614 48.5642 44.0812 40.5144 41.9451 50.7007 67.2531 77.4227 80.7549 46.8295 38.1862 37.3494 36.8169
threshold=-51.300999999999988 -38.597499999999989 -60.00100000000009 74.264500000000012 0.82936730123180302 339.50000000000006 1.5000000000000002 84.500000000000014 -104.39899999999999 196.50000000000003 1.5000000000000002 18.97300000000001 152.50000000000003 7.5000000000000009 1.5000000000000002 97.813500000000019 -18.992999999999991 13.500000000000002 0.065587044534412914 17.500000000000004 10.500000000000002 12.500000000000002 81.316500000000005 87.383500000000012 21.500000000000004 14.500000000000002 0.29198717948717956 12.500000000000002 4.5000000000000009 -99.405499999999861
decision_type=2 2 2 2 2 2 2 2 2 2 2 2 2 2 2 2 2 2 2 2 2 2 2 2 2 2 2 2 2 2
left_child=2 20 5 -4 -5 7 -7 10 9 19 -1 -12 29 -14 15 16 -15 18 -18 -9 -2 -22 -23 -24 25 -25 -26 -21 -29 -10
right_child=1 -3 3 4 -6 6 -8 8 12 -11 11 -13 13 14 -16 -17 17 -19 -20 27 21 22 23 24 26 -27 -28 28 -30 -31
leaf_value=-0.020281823520382783 -0.018031060352467741 0.0010224768034603736 -0.03791556813921354 0.014563342054149515 -0.040390392840632283 -0.023715960652331249 0.002649449224464005 -0.056579954588594307 0.064391065021851643 -0.045329554483372198 0.0076410612800839189 -0.072501035455750401 0.012088199613445533 -0.012222887271558205 0.010429439467513641 -0.072671044643142876 -0.067336850224123959 0.051500838676822015 0.12836646971470644 0.025884887983150064 0.019375694746044655 0.015458938633477977 -0.028969570730681127 0.021617292105706957 -0.0012427072343433642 -0.030342132201103572 -0.050904543440405181 -0.043133084885026096 0.0074972645755373921 0.0012712154657201211
leaf_weight=1615.6392798684537 4039.6053266525269 44523.23450534069 233.13736629486084 5515.4379771631211 209.03043046779931 2114.4189893677831 3057.8225840255618 114.46950010955334 99.207817077636719 314.61023303866386 2346.9677954651415 95.613274574279785 779.46714471280575 85.144445490092039 423.21084829047322 57.816406518220901 13.230376994237302 165.2410825137049 304.82787315547466 628.92794785648584 633.95766735076904 771.71341606788337 1534.1430882811546 1301.5922061745077 344.41077675390989 388.36582320928574 423.18438227754086 211.92138759233057 466.27591034583747 1348.4692685306072
leaf_count=12556 19153 301418 1401 23636 2139 12174 10711 1074 452 1188 7899 410 4253 453 1297 438 100 578 937 2131 2597 3125 6576 6708 1876 1991 1992 769 1619 7489
internal_value=-7.94992e-06 -0.0009852 0.00260246 0.0105816 0.0125567 -0.000735003 -0.00812876 0.00348087 0.0106411 -0.00581908 -0.00536364 0.00450395 0.019363 0.0302595 0.0437558 0.0662768 0.0804092 0.0967285 0.120226 0.0029249 -0.0104573 -0.00478885 -0.00800489 -0.0125411 -0.00228559 0.0096766 -0.0286219 0.00813595 -0.00832358 0.00559675
internal_weight=74161.1 53960.2 20200.9 5957.61 5724.47 14243.3 5172.24 9071.04 5012.82 1736.2 4058.22 2442.58 3276.62 1828.94 1049.47 626.26 568.444 483.299 318.058 1421.59 9436.97 5397.37 4763.41 3991.7 2457.55 1689.96 767.595 1307.13 678.197 1447.68
internal_count=439140 345436 93704 27176 25775 66528 22885 43643 22778 6781 20865 8309 15997 8056 3803 2506 2068 1615 1037 5593 44018 24865 22268 19143 12567 8699 3868 4519 2388 7941
is_linear=0
shrinkage=0.1


Tree=112
num_leaves=31
num_cat=0
split_feature=4 11 9 11 12 4 0 9 8 9 9 0 7 9 10 7 2 2 10 2 9 12 10 10 5 11 2 5 7 2
split_gain=17.536 44.3246 51.3506 25.1319 26.7923 19.9361 19.6879 19.0658 49.9178 54.3501 48.5134 44.5104 48.4776 43.7535 42.0232 43.9255 41.3327 61.756 46.8433 46.2328 47.6971 40.5155 42.6001 40.6809 49.5568 45.2625 39.8413 38.9487 36.3049 76.8564
threshold=65.500000000000014 0.89376503237742833 0.84649999999999903 0.98591549295778835 -3.4999999999999996 72.500000000000014 790.50000000000011 4.9360000000000008 106.20550000000001 18.97300000000001 2.0545000000000049 162.50000000000003 13.500000000000002 7.5645000000000033 9.1395000000000071 4.5000000000000009 7.5000000000000009 5.5000000000000009 -9.8659999999999908 24.500000000000004 24.839000000000009 -4.4999999999999991 -21.812000000000126 6.9885000000000028 1.5000000000000002 0.097222222222221114 23.500000000000004 3.5000000000000004 8.5000000000000018 3.5000000000000004
decision_type=2 2 2 2 2 2 2 2 2 2 2 2 2 2 2 2 2 2 2 2 2 2 2 2 2 2 2 2 2 2
left_child=1 7 3 4 -3 6 -2 10 14 13 28 12 -11 -10 15 27 17 -17 -19 -18 -21 -12 -23 24 25 -24 -16 -9 29 -1
right_child=5 2 -4 -5 -6 -7 -8 8 9 11 21 -13 -14 -15 26 16 19 18 -20 20 -22 22 23 -25 -26 -27 -28 -29 -30 -31
leaf_value=-0.011704859970142261 -0.0014245597527316209 0.095596678653866701 0.031317091679160858 0.083898896955773003 -0.073654013288786485 -0.060329004903759642 0.029200952892891548 -0.023627830216218157 0.041225973913319121 0.012937435889195435 -0.015477256191527913 0.0021006296519334943 0.055003712259895136 -0.025015466716182645 -0.029314438401071338 0.0020760310881100725 0.0058834181078605205 -0.048245051754055232 0.029475594155804946 -0.015275382427328794 -0.11926753972338509 0.006002004123276259 0.0070040174501419354 0.0021942677588068717 0.022659686082193896 0.090296221786450706 0.042923601761214285 0.04791581045236299 -0.0019932898575299451 0.0054459423821823193
leaf_weight=3013.4080036369851 352.94116268120706 9.7568180263042432 83.041589092463255 11.63608932495117 225.95718305185437 34.863078624010086 517.967863464728 1463.384964633733 115.60284852981567 788.72992656566203 438.36891272291541 1593.8178713526577 419.74057793617249 725.45737028121948 1159.9405930042267 892.50304193794727 4535.086229249835 587.27282863110304 89.346889920532703 212.84066282212734 55.633925810456276 1509.9016171768308 85.192792847752571 349.80920004844666 519.24960244446993 278.60038346797228 81.728148698806763 80.267997875809669 34238.336414374411 19655.448404788971
leaf_count=24391 2073 28 404 249 8732 222 2127 8400 517 3603 2118 7136 1550 3413 7401 3156 22188 3850 477 767 224 7162 619 1880 1794 703 293 216 194861 128586
internal_value=-7.34609e-06 -0.000178416 -0.0367233 -0.0595661 -0.0666483 0.0138215 0.0167898 -1.27671e-05 -0.00351675 0.00638359 0.000733729 0.0130748 0.0275484 -0.0159106 -0.00745542 -0.00477264 -0.00110649 -0.0151974 -0.0379821 0.00349642 -0.0368249 0.0127516 0.0172634 0.0310555 0.0424886 0.0707909 -0.0245596 -0.0199077 6.19252e-05 0.00316606
internal_weight=74125.8 73220.1 330.392 247.35 235.714 905.772 870.909 72889.7 12801.4 3643.35 60088.3 2802.29 1208.47 841.06 9158.01 7916.34 6372.68 1569.12 676.62 4803.56 268.475 3181.12 2742.75 1232.85 883.043 363.793 1241.67 1543.65 56907.2 22668.9
internal_count=439140 434718 9413 9009 8760 4422 4200 425305 63191 16219 362114 12289 5153 3930 46972 39278 30662 7483 4327 23179 991 14276 12158 4996 3116 1322 7694 8616 347838 152977
is_linear=0
shrinkage=0.1


Tree=113
num_leaves=31
num_cat=0
split_feature=6 4 4 11 11 7 6 11 5 3 8 11 6 2 1 10 12 9 9 2 1 2 8 8 7 8 10 8 1 0
split_gain=17.4388 105.961 93.9884 48.0836 41.1384 29.3015 28.675 27.0867 61.3902 135.893 83.419 35.6717 43.4801 37.4337 44.5779 33.3775 44.6758 30.5982 30.2856 38.9117 41.7374 40.1582 37.2986 36.4051 32.2655 36.4937 28.8401 49.6359 51.6127 33.0724
threshold=20.500000000000004 20.500000000000004 18.500000000000004 0.28787878787878401 0.28787878787878401 19.500000000000004 22.500000000000004 0.51298920377867752 3.5000000000000004 1.0000000180025095e-35 82.738500000000016 0.69052496798975682 9.5000000000000018 15.500000000000002 1.0000000180025095e-35 -6.5759999999999996 1.5000000000000002 -32.734999999999992 2.6374999999999962 9.5000000000000018 2.5000000000000004 11.500000000000002 80.44850000000001 97.84350000000002 14.500000000000002 90.96250000000002 114.52200000000005 79.82650000000001 2.5000000000000004 791.50000000000011
decision_type=2 2 2 2 2 2 2 2 2 2 2 2 2 2 2 2 2 2 2 2 2 2 2 2 2 2 2 2 2 2
left_child=7 2 -2 6 -4 -5 -3 26 10 18 15 12 -11 -14 -15 16 -9 -12 19 -10 21 -21 -22 24 -24 -26 -1 29 -29 -28
right_child=1 3 4 5 -6 -7 -8 8 9 11 17 -13 13 14 -16 -17 -18 -19 -20 20 22 -23 23 -25 25 -27 27 28 -30 -31
leaf_value=0.00046560613399554732 -0.0041372603407917414 -0.035480032476172797 0.09785751762281221 0.0026537646693100929 -0.10997240406964728 -0.070351711962943542 0.034637476301300867 0.016258388257455968 -0.0046267154649685125 -0.030511504977112164 -0.095345970677006564 -0.0067019775183403954 -0.069644595676554177 -0.35891126125045747 -0.10853219232831313 -0.028678438512598627 -0.012064479629543844 -0.017819831093509271 0.049609438871012504 0.10993313257843312 -0.0024815369433642208 -7.5116600034182894e-05 0.087772655311851064 -0.056388620774772427 0.053234415176371432 -0.10783264933713321 -0.02651943759787366 -0.042123063596644944 0.030550029804949093 0.086196058707315587
leaf_weight=45197.408812987793 180.59311883896589 497.56978675629944 248.50952073186636 17190.017230936326 9.9038284197449666 55.153108529746532 66.068958081305027 1692.9285182356834 598.01533280592412 236.30443717818707 51.497139930725098 292.08300786092877 74.540283992886543 11.28485179692507 19.225192464888096 293.70166963711381 829.96166706085205 4462.5801618099213 311.86016577482224 35.685943060554564 110.38324026018381 473.23927942570299 274.61015780363232 23.673927459865808 58.587200040929019 18.511919507756829 42.085870053619146 549.57150710746646 118.86205503717065 68.240056354552507
leaf_count=277602 792 3711 798 96081 167 367 251 5777 5480 1228 230 1300 223 59 63 1421 2404 28948 798 95 1132 3445 767 172 198 211 269 4568 308 275
internal_value=-6.53391e-06 0.00267731 0.0512116 0.00148089 0.0898923 0.00242028 -0.027261 -0.000883504 -0.00563712 0.00776723 -0.0102779 -0.0323563 -0.0543076 -0.107835 -0.201141 0.00322671 0.00694094 -0.0187043 0.0211119 0.0155319 0.0276514 0.00763868 0.0486182 0.0636443 0.0717238 0.0145613 0.000136848 -0.0189435 -0.0292002 0.0431986
internal_weight=74092.7 18247.8 439.006 17808.8 258.413 17245.2 563.639 55844.8 9868.67 2538 7330.67 633.438 341.355 105.05 30.51 2816.59 2522.89 4514.08 1904.57 1592.71 994.692 508.925 485.766 375.383 351.709 77.0991 45976.2 778.759 668.434 110.326
internal_count=439140 102167 1757 100410 965 96448 3962 336973 53951 15171 38780 2873 1573 345 122 9602 8181 29178 12298 11500 6020 3540 2480 1348 1176 409 283022 5420 4876 544
is_linear=0
shrinkage=0.1


Tree=114
num_leaves=31
num_cat=0
split_feature=6 11 11 6 11 4 5 11 6 4 11 11 6 11 11 4 4 2 2 11 11 8 2 10 11 10 7 2 6 11
split_gain=17.1568 171.471 110.206 64.0461 48.8438 48.1492 46.5599 36.1568 76.2798 65.5362 97.5516 75.4104 107.39 57.6125 55.8709 48.1939 47.824 46.6552 71.3133 46.4651 35.9277 40.1439 31.5382 33.1462 31.1376 40.9872 42.751 50.4388 36.1238 147.366
threshold=5.5000000000000009 0.069605943152454761 0.064309346567411066 7.5000000000000009 0.078689370485036117 2.5000000000000004 1.5000000000000002 0.027973395931138855 2.5000000000000004 8.5000000000000018 0.19264507422402158 0.05594679186228476 4.5000000000000009 0.052289815447710157 0.025807525807525752 13.500000000000002 4.5000000000000009 6.5000000000000009 5.5000000000000009 0.039736842105263161 0.013986697965569402 72.399500000000018 1.0000000180025095e-35 -0.27199999999999835 0.079156223893065966 -35.891999999999975 8.5000000000000018 3.5000000000000004 7.5000000000000009 0.099295774647887317
decision_type=2 2 2 2 2 2 2 2 2 2 2 2 2 2 2 2 2 2 2 2 2 2 2 2 2 2 2 2 2 2
left_child=7 2 5 6 -3 -2 -4 8 20 11 -11 12 17 -14 22 -12 -13 18 -9 -20 21 -1 -10 -24 25 26 -6 -28 -26 -30
right_child=1 4 3 -5 24 -7 -8 9 14 10 15 16 13 -15 -16 -17 -18 -19 19 -21 -22 -23 23 -25 28 -27 27 -29 29 -31
leaf_value=0.63054433422968004 -0.066923104225041191 -0.032587697333929987 0.13761687835685221 0.034457555652673513 0.17382474897706013 0.025813330349430025 -0.014653317095679958 -0.0047146702775599002 -0.20043901270805181 0.023197414338201092 -0.092551185184482576 -0.075367309056930787 0.011009446239554691 0.10188348888641872 0.078293386690058128 -0.0057881184531916345 -0.025539602147335524 -0.023162322443546341 -0.052678615516233811 0.11603564652104806 -0.02780529438121267 0.011123250481923252 0.035119951140163572 -0.035728742011124796 -0.0077635806605594717 0.003153210083427266 0.1516043082556251 0.00043742216308844295 0.048588256279307421 0.00021297389681319579
leaf_weight=1.048834237793925 61.374583322089165 458.19506454467773 187.68781407177448 142.36435790359974 31.56422932446003 637.815201215446 22.486703604459763 621.80263878172264 6.6748956441879264 1463.689339260105 65.17548364168033 223.97781343013048 148.37800598144531 131.67740249633789 220.41571807861328 3613.9742370899767 1375.8818550109863 1358.0519461110234 20.151409029960632 85.942855954170227 448.56125450134277 429.6368206795305 287.78222820907831 85.698931597173214 5452.8200777810998 234.81248441338539 30.418782439082861 80.445039559155703 636.94841798720881 55504.446016032714
leaf_count=34 286 3962 507 357 121 2074 62 5008 44 5469 732 5099 452 393 589 19974 12601 17194 397 317 10616 10233 919 567 30857 1597 107 497 1900 306175
internal_value=-5.01506e-06 0.000616558 0.0406586 0.0862459 -5.8015e-05 0.017673 0.121325 -0.00373153 0.0107662 -0.00608687 0.00136182 -0.0157462 -0.00440702 0.0537369 0.0382372 -0.00732511 -0.0325154 -0.0122133 0.00821448 0.0839903 -0.00799785 0.0126317 0.0150124 0.018863 0.000182498 0.0288248 0.0711479 0.0419145 7.07538e-06 0.000761812
internal_weight=74069.9 63481.4 1051.73 352.539 62429.7 699.19 210.175 10588.5 1479.82 9108.7 5142.84 3965.86 2366 280.055 600.572 3679.15 1599.86 2085.95 727.897 106.094 879.247 430.686 380.156 373.481 61971.5 377.241 142.428 110.864 61594.2 56141.4
internal_count=439140 348502 3286 926 345216 2360 569 90638 23002 67636 26175 41461 23761 845 2119 20706 17700 22916 5722 714 20883 10267 1530 1486 341254 2322 725 604 338932 308075
is_linear=0
shrinkage=0.1


Tree=115
num_leaves=31
num_cat=0
split_feature=6 11 4 10 12 11 12 6 6 11 6 7 10 8 12 2 9 0 12 2 9 6 11 4 4 11 11 2 8 8
split_gain=17.0206 27.5903 26.3898 24.4553 58.8062 61.2724 98.1141 22.7649 22.6646 81.6859 40.4748 24.2407 32.7018 40.106 30.5393 37.1316 26.1395 24.6818 30.7972 23.9258 23.5747 23.1924 92.3977 68.042 60.9287 54.2094 31.3735 29.7893 28.2059 26.3649
threshold=1.5000000000000002 0.014389233954451302 1.5000000000000002 -95.899000000000001 1.0000000180025095e-35 0.013986697965569402 4.5000000000000009 6.5000000000000009 3.5000000000000004 0.043167701863354009 4.5000000000000009 4.5000000000000009 -7.2369999999999868 102.58650000000002 5.5000000000000009 2.5000000000000004 -1.1249999999999927 76.500000000000014 -9.4999999999999982 1.0000000180025095e-35 -0.5655 4.5000000000000009 0.05594679186228476 3.5000000000000004 4.5000000000000009 0.05594679186228476 0.66666666333333346 12.500000000000002 99.110500000000016 129.10850000000002
decision_type=2 2 2 2 2 2 2 2 2 2 2 2 2 2 2 2 2 2 2 2 2 2 2 2 2 2 2 2 2 2
left_child=3 7 -3 4 -1 6 -6 -2 11 10 -10 -4 13 16 -14 -16 17 18 -13 -12 -21 24 23 -23 25 29 -26 -25 -29 -11
right_child=1 2 8 -5 5 -7 -8 -9 9 21 19 12 14 -15 15 -17 -18 -19 -20 20 -22 22 -24 27 26 -27 -28 28 -30 -31
leaf_value=-0.10300675230682393 0.025560748710761496 -0.074530952733142822 -0.029715126019281158 -0.023087202149288059 1.5111872725893161 -0.10399930257277988 0.19507133308666302 -0.13060875091074303 0.062336433589718826 -0.022195797653289818 -0.16726452059013378 0.067612284085449628 0.0053187313274780414 -0.044958812470157761 0.25513191831231274 0.04497030812749795 -0.026778209330321542 0.0080749530189932837 -0.034234581229696547 0.00068201827190937463 0.049579759370021119 -0.093610940864075731 8.9246014393154209e-05 0.081096822017900305 0.0040160708094315175 -0.085895113326209444 -0.085965636564395875 0.0099801480337293191 0.10255598773492383 0.091962631211734827
leaf_weight=4.069195835851132 523.57289036503062 47.548602275084704 444.71568037476391 421.31482828099979 0.9913729866966613 1.27592889778316 1.3214322328567503 9.5035613477230054 293.01835702965036 798.79465321963653 7.1279914528131476 33.154492750763893 740.86353100836277 302.41626685857773 9.3381181657314283 84.306160643696785 446.82320230081677 1096.6955462135375 284.1649491712451 287.84799506980926 149.96727027278394 32.896011379081756 65597.068478140514 221.68554363958538 1733.7827612292022 143.6830396130681 39.634311800822616 165.9246414359659 41.054477881640196 20.756346940994263
leaf_count=171 1607 673 5724 18165 33 37 34 50 821 7874 37 176 7340 2772 54 586 4943 8353 2521 893 409 214 363712 587 6502 3418 603 536 109 186
internal_value=-6.76599e-06 0.000109064 -5.64114e-05 -0.0198682 0.157232 0.452312 0.759218 0.0227766 -7.8862e-06 0.000384239 0.0334775 -0.00792826 -0.00469619 -0.0111833 0.0121199 0.0659274 -0.0056942 0.00096827 -0.0235933 0.0144724 0.0174312 2.92496e-05 0.000402963 0.0449885 -0.00899163 -0.0292377 0.00200506 0.0556247 0.0283426 -0.0193046
internal_weight=73985.3 73556.3 73023.3 428.973 7.65793 3.58873 2.31281 533.076 72975.7 69533.2 737.962 3442.48 2997.76 2163.25 834.508 93.6443 1860.84 1414.01 317.319 444.943 437.815 68795.3 66058.6 461.561 2736.65 963.234 1773.42 428.665 206.979 819.551
internal_count=439140 420700 419043 18440 275 104 67 1657 418370 385901 2160 32469 26745 18765 7980 640 15993 11050 2697 1339 1302 383741 365158 1446 18583 11478 7105 1232 645 8060
is_linear=0
shrinkage=0.1


Tree=116
num_leaves=31
num_cat=0
split_feature=9 9 2 2 1 5 7 2 10 2 10 10 10 10 7 7 11 11 4 10 2 8 10 8 10 10 3 8 10 8
split_gain=16.2983 101.835 40.4532 89.9359 90.4276 71.783 59.2906 54.1078 88.1186 49.8312 41.7103 41.2079 40.5956 71.2846 39.6714 44.1341 35.1067 39.1797 53.5365 35.9793 40.8615 34.0707 40.3721 39.1942 33.7046 34.8801 42.2533 37.1454 30.336 29.9086
threshold=-12.687000000000003 -10.2935 2.5000000000000004 11.500000000000002 1.0000000180025095e-35 2.5000000000000004 7.5000000000000009 9.5000000000000018 -28.823999999999888 18.500000000000004 102.08950000000002 -81.837499999999949 -66.604999999999976 -64.49199999999999 10.500000000000002 3.5000000000000004 0.14379699248120298 0.29935064935064942 21.500000000000004 -174.33299999999997 24.500000000000004 72.399500000000018 -130.98249999999996 85.791500000000013 -87.871500000000154 -46.153999999999989 1.0000000180025095e-35 77.929500000000019 -36.935499999999998 79.58150000000002
decision_type=2 2 2 2 2 2 2 2 2 2 2 2 2 2 2 2 2 2 2 2 2 2 2 2 2 2 2 2 2 2
left_child=16 2 10 4 5 6 7 -4 -9 -5 11 -2 -6 -14 15 -11 24 29 -19 -20 21 -21 23 -23 -1 26 27 -26 -27 -18
right_child=1 -3 3 9 12 -7 -8 8 -10 14 -12 -13 13 -15 -16 -17 17 18 19 20 -22 22 -24 -25 25 28 -28 -29 -30 -31
leaf_value=-0.050718270316553196 -0.062535640536849554 0.00035921822404449808 -0.043270307964359704 0.01399541649732166 -0.069941656836786062 -0.0093274429082016493 -0.072569183010840019 -0.12221432699531476 -0.3472760278635596 -0.049260354766672405 -0.26702460705834197 0.0057717659076471682 0.14055108205924852 -0.013926473484787366 -0.042450490590296382 0.0098451243888909301 -0.0035930955418433663 -0.12890951503025161 0.026158250881681749 0.034040245656333006 -0.073213587847137371 -0.060334726700143483 0.00016649191344996839 0.067364342172955061 -0.03435414988326968 -0.040030162426757901 -0.071801205484812544 0.023916316235641208 -0.0063833041616454395 0.015584947369315339
leaf_weight=162.71180441882461 95.800773024559021 53066.888705649821 28.706301301717758 626.51895141601562 111.75253731012344 129.98096108436584 308.3084197640419 47.445261117070913 27.468299601227045 169.09218609333038 5.8586052954196921 1130.5733015537262 32.314738914370537 395.17976735532284 494.83044195175171 499.59686815738678 1009.9600327014923 31.731217458844185 540.6919229188934 286.17297997232527 76.58983139321208 186.71394366864115 7004.5139364404604 27.586187280714512 125.91649057809263 311.07136434316635 57.749538854695857 833.89716001413763 1933.4677954027429 4173.6207835674286
leaf_count=1417 637 346288 98 2600 945 405 1127 182 152 937 41 5026 80 2744 2484 2288 4591 201 1628 841 308 752 24341 94 1092 2131 483 4818 13624 16785
internal_value=-1.04324e-05 -0.000814395 -0.015992 -0.0224965 -0.0452696 -0.074119 -0.0945635 -0.160005 -0.204737 -0.00874191 -0.000835841 0.00043579 -0.0162778 -0.00224936 -0.0209852 -0.00510095 0.00273159 0.00505062 0.000729245 0.0012357 -0.000541686 0.000199945 -0.00114157 -0.0438964 -0.00629964 -0.00408407 0.0112735 0.0162719 -0.0110464 0.0118483
internal_weight=73932.7 57170.3 4103.43 2871.19 1081.16 541.909 411.928 103.62 74.9136 1790.04 1232.23 1226.37 539.247 427.495 1163.52 668.689 16762.4 13337.6 8154 8122.27 7581.58 7504.99 7218.81 214.3 3424.81 3262.1 1017.56 959.814 2244.54 5183.58
internal_count=439140 366034 19746 14042 5733 1964 1559 432 334 8309 5704 5663 3769 2824 5709 3225 73106 49541 28165 27964 26336 26028 25187 846 23565 22148 6393 5910 15755 21376
is_linear=0
shrinkage=0.1


Tree=117
num_leaves=31
num_cat=0
split_feature=12 11 11 12 1 0 1 8 0 5 9 9 6 1 12 8 9 4 9 10 6 5 10 11 10 2 12 10 11 6
split_gain=15.6291 19.461 21.6709 18.4616 46.841 31.909 29.8474 26.2073 24.7101 39.3026 28.1711 24.7988 24.2098 24.1858 22.8498 34.5913 64.7076 73.7501 62.7649 48.7363 42.0732 44.3577 54.2791 41.0004 43.6645 40.5411 39.0231 38.5548 37.7386 39.4191
threshold=-14.499999999999998 0.11483516483516476 0.18105242566510174 -6.4999999999999991 1.0000000180025095e-35 142.50000000000003 1.5000000000000002 92.851500000000016 32.500000000000007 1.5000000000000002 -5.579499999999995 -3.4420000000000002 6.5000000000000009 2.5000000000000004 -1.4999999999999998 78.946500000000015 -2.1225000000000018 39.500000000000007 2.2704999999999989 -73.619500000000002 34.500000000000007 3.5000000000000004 -8.3855000000000128 0.28966437833714725 96.696000000000041 8.5000000000000018 4.5000000000000009 -7.6884999999999968 0.097222222222221114 5.5000000000000009
decision_type=2 2 2 2 2 2 2 2 2 2 2 2 2 2 2 2 2 2 2 2 2 2 2 2 2 2 2 2 2 2
left_child=1 -1 -3 4 5 7 -6 8 12 10 -10 -12 -2 -8 -5 16 23 18 19 -18 21 22 -19 24 28 -24 -21 -23 29 -16
right_child=3 2 -4 14 6 -7 13 -9 9 -11 11 -13 -14 -15 15 -17 17 20 -20 26 -22 27 25 -25 -26 -27 -28 -29 -30 -31
leaf_value=-0.016517777504742707 0.058844172999729487 0.10588180389507323 0.0133992369586664 0.003360476980982339 -0.052733452202406272 -0.0058392551901010684 -0.0069486483437957687 -0.0034881129102456521 0.025380434278128913 0.029359378157973903 0.23172884622477771 0.052360381156330182 -0.029605769245485355 -0.031347182102388085 -0.019814505923383924 0.00037188951597621567 0.055692870248470708 0.048630460998009779 0.068689388318835851 -0.065151485960996527 -0.042440838747283799 -0.026871243255071425 -0.10719533046345919 0.0046452832548948327 0.031538517211822124 0.042899948565800636 0.049746729291323392 0.15054254073342468 -0.023728585276489314 0.037152180068688125
leaf_weight=54.671671552583575 42.024144603870809 48.412035301327705 53.158328654244542 18535.386376857758 198.04694819450378 1527.2317982539535 1845.3731689453125 413.91910019516945 20.579654414206743 481.39305154141039 23.482074953615665 11.474391725845633 117.38310614600778 520.99041058588773 249.15878289937973 42325.150302280672 38.429604731500149 306.65563633292913 44.287603411823511 660.42428665579064 229.81795418262482 317.91688049584627 44.453725153580308 3636.8877748250961 207.16101256012917 30.23484992235899 30.944351237267256 12.739961134269832 1656.7485680729151 237.01963545382023
leaf_count=352 136 136 174 83564 1415 5335 12518 1504 90 1412 60 53 413 2111 2768 277936 124 1633 156 14491 1588 4853 1160 12747 1133 159 143 122 9533 1321
internal_value=-7.52606e-06 0.0315868 0.0574797 -7.44458e-05 -0.00581791 0.00353896 -0.0154414 0.0164393 0.0282847 0.0385488 0.118204 0.172851 -0.00628793 -0.0123204 0.00036131 -0.000749881 -0.0069137 -0.0240339 -0.0469016 -0.0539163 -0.00523873 0.00676928 0.0300113 -0.00200695 -0.0123016 -0.0464349 -0.0600089 -0.0200356 -0.0165397 0.00795765
internal_weight=73921.6 156.242 101.57 73765.3 5201.9 2637.49 2564.41 1110.26 696.336 536.929 55.5361 34.9565 159.407 2366.36 68563.4 50028 7702.88 1715.9 774.086 729.798 941.819 712.001 381.344 5986.98 2350.09 74.6886 691.369 330.657 2142.93 486.178
internal_count=439140 662 310 438478 25047 9003 16044 3668 2164 1615 203 113 549 14629 413431 329867 51931 24429 14914 14758 9515 7927 2952 27502 14755 1319 14634 4975 13622 4089
is_linear=0
shrinkage=0.1


Tree=118
num_leaves=31
num_cat=0
split_feature=6 11 4 0 10 0 11 9 3 9 0 3 8 12 2 2 10 2 6 4 12 8 10 10 11 11 0 9 10 6
split_gain=16.349 41.4288 34.043 35.9701 35.0523 25.3709 24.7556 43.4765 24.1928 24.0392 19.6791 18.7241 18.4052 17.5195 16.7225 75.5666 173.267 74.8267 91.9575 67.273 64.5104 60.8861 54.7433 70.6178 50.0484 77.8675 59.4389 65.4372 51.4646 60.1743
threshold=32.500000000000007 0.42365967365967366 38.500000000000007 584.50000000000011 -73.619500000000002 210.50000000000003 0.53523721275018532 2.6374999999999962 1.0000000180025095e-35 3.7665000000000011 24.500000000000004 1.0000000180025095e-35 93.199500000000015 6.5000000000000009 15.500000000000002 13.500000000000002 -143.90399999999997 17.500000000000004 13.500000000000002 9.5000000000000018 3.5000000000000004 123.58200000000001 -3.9194999999999989 -66.604999999999976 0.15849282296650716 0.33114035087702637 225.50000000000003 -18.992999999999991 -29.7925 5.5000000000000009
decision_type=2 2 2 2 2 2 2 2 2 2 2 2 2 2 2 2 2 2 2 2 2 2 2 2 2 2 2 2 2 2
left_child=14 -2 6 4 10 -6 11 -8 13 -7 -4 -3 -10 -5 15 -1 -17 18 21 -18 -21 22 23 -16 26 -26 -25 -28 29 -29
right_child=1 2 3 8 5 9 7 -9 12 -11 -12 -13 -14 -15 17 16 19 -19 -20 20 -22 -23 -24 24 25 -27 27 28 -30 -31
leaf_value=-0.0004802111880313415 0.055568672863325091 -0.0061660740069950058 -0.01696065153850515 0.02032424613981311 -0.0064176669357725539 -0.082810994360942414 -0.1085306828236019 0.097351522054891115 -0.04350779040079588 0.13226478975650699 0.056139392185349891 -0.1094693152201187 0.050318996480542333 0.069111283025039438 -0.061314987189619724 -0.059397648524324886 -0.010307784783953871 0.00044360992127272496 -0.0016967917478614353 0.018112693983239808 0.052998170475239949 0.09881704156285992 -0.064062683765072223 -0.025620527506498222 -0.073280465663639688 -0.010011258596267576 -0.046314751507348123 -0.047843238741536578 0.0021568950725178232 0.10129805410303457
leaf_weight=37547.135018933914 164.23600471019745 664.65112295094877 50.53337911888957 1363.7898315954953 955.11917606554925 69.578883239999413 57.05153778847307 12.505147214978932 96.588579406961799 5.6162986829876891 135.78111121430993 18.021495226770639 26.682232450693846 77.804981146007776 381.68525747954845 299.60001115500927 628.13177013397217 22458.11767578125 3539.4833297729492 2498.9506180025637 672.79233787581325 38.055925011634827 370.89924220275134 372.47204376198351 285.23623723443598 611.6550981355831 93.378863424062729 31.798912037163973 147.23656970728189 181.26179647445679
leaf_count=216163 661 3405 237 7278 6716 1191 778 25 344 12 635 91 91 363 2596 1045 6556 136446 18835 15123 2348 316 3711 4746 2434 2670 721 321 2566 716
internal_value=-8.53242e-06 0.006472 0.00419015 0.00929442 -0.00360266 -0.0108207 -0.0146837 -0.0715165 0.0193214 -0.0667471 0.0363127 -0.00889312 -0.0231988 0.0229574 -0.000350116 0.000927296 0.0138187 -0.00221604 -0.0120837 0.0195914 0.0255126 -0.0267094 -0.0286391 -0.0223966 -0.0137755 -0.0301326 0.00398225 0.0282864 0.0476209 0.079039
internal_weight=73855.9 3697.96 3533.72 2781.49 1216.63 1030.31 752.229 69.5567 1564.87 75.1952 186.314 682.673 123.271 1441.59 70157.9 41646.6 4099.47 28511.3 6053.16 3799.87 3171.74 2513.68 2475.62 2104.72 1723.04 896.891 826.148 453.676 360.297 213.061
internal_count=439140 21827 21166 16867 8791 7919 4299 803 8076 1203 872 3496 435 7641 417313 241235 25072 176078 39632 24027 17471 20797 20481 16770 14174 5104 9070 4324 3603 1037
is_linear=0
shrinkage=0.1


Tree=119
num_leaves=31
num_cat=0
split_feature=9 9 0 2 2 1 10 2 0 8 2 11 11 4 10 8 9 10 2 8 6 5 10 7 2 8 3 8 10 8
split_gain=14.7652 83.3227 35.6802 32.399 36.9188 64.2366 35.8055 34.8794 31.4522 31.2628 38.8399 26.4698 33.704 43.5481 31.2691 33.2872 33.6538 32.2844 39.9752 38.692 34.9583 32.2945 41.8604 34.5032 32.2069 29.6212 45.3961 38.3694 35.4289 31.3937
threshold=-12.687000000000003 -10.2935 136.50000000000003 2.5000000000000004 11.500000000000002 1.0000000180025095e-35 77.53100000000002 16.500000000000004 154.50000000000003 82.738500000000016 14.500000000000002 0.14379699248120298 0.29935064935064942 21.500000000000004 -174.33299999999997 81.788500000000013 -33.835000000000001 -130.98249999999996 15.500000000000002 85.84950000000002 19.500000000000004 2.5000000000000004 -21.382999999999999 17.500000000000004 22.500000000000004 88.757000000000019 1.0000000180025095e-35 85.542500000000018 -66.604999999999976 120.69250000000001
decision_type=2 2 2 2 2 2 2 2 2 2 2 2 2 2 2 2 2 2 2 2 2 2 2 2 2 2 2 2 2 2
left_child=11 2 9 -4 5 -5 -7 -6 -8 10 -2 25 -13 -14 -15 16 -16 18 -17 -20 21 22 24 -23 -19 26 27 28 -1 -27
right_child=1 -3 3 4 7 6 8 -9 -10 -11 -12 12 13 14 15 17 -18 20 19 -21 -22 23 -24 -25 -26 29 -28 -29 -30 -31
leaf_value=-0.036977730245178309 -0.059953884491339142 0.00029071939644214739 0.0093524209833404249 -0.063917271063299211 0.023908001562467602 -0.012059248037443128 0.33799358593582585 -0.014874197170488275 0.057342719917443677 -0.015565752769728426 0.0020183101594285608 0.010932188316071708 -0.11644268134963456 0.024484654256717225 0.033220073387418107 -0.003014486247523825 0.0032752261150606667 -0.0067837598656457568 -0.14094938733575899 0.058078973005575123 0.0064846084599326356 -0.0088344429242905448 -0.055896336193779088 0.031423600226876576 -0.097250690585531943 -0.025899988313888601 -0.053354690050387447 0.029083294682617368 0.0024160417356005747 0.074297121743037764
leaf_weight=263.36614755541086 431.12127728760242 52977.989520465722 797.62753644958138 340.84496036544442 324.87707506120205 314.10061875730753 4.8661852367222336 810.31554797291756 22.258125852793455 930.3624556735158 132.12411163002253 5171.4652247428894 31.661259829998016 532.6520252963528 444.21123886108398 78.863976362161338 2419.6400834703818 674.68194118887186 57.490009278059006 11.766894802451132 1820.0689520537853 1463.0423709838651 313.01492601027712 249.14253615029156 41.789626888930798 781.95514309406281 150.40680623613298 465.4048273563385 1714.5477516818792 32.572902321815491
leaf_count=2097 2552 346288 3429 1217 1189 1952 28 3842 120 4937 480 21376 201 1628 1288 277 8371 1959 250 48 7147 4933 1069 834 160 7093 1105 2791 10196 283
internal_value=-7.77764e-06 -0.0007732 -0.0144922 -0.00744907 -0.0148235 -0.0332116 -0.00254007 -0.00377525 0.107692 -0.0268226 -0.0454167 0.00260593 0.00461952 0.000608017 0.00106519 -0.000581884 0.00791996 -0.00575147 -0.0516977 -0.107134 -0.00425958 -0.0113922 -0.0253887 -0.00297644 -0.0120604 -0.0052573 -3.30283e-05 0.00324937 -0.00282938 -0.0218931
internal_weight=73804.2 57086.5 4108.5 2614.89 1817.26 682.07 341.225 1135.19 27.1243 1493.61 563.245 16717.7 13309.5 8138.03 8106.36 7573.71 2863.85 4709.86 148.121 69.2569 4561.74 2741.67 1029.49 1712.18 716.472 3408.25 2593.73 2443.32 1977.91 814.528
internal_count=439140 366034 19746 11777 8348 3317 2100 5031 148 7969 3032 73106 49541 28165 27964 26336 9659 16677 575 298 16102 8955 3188 5767 2119 23565 16189 15084 12293 7376
is_linear=0
shrinkage=0.1


Tree=120
num_leaves=31
num_cat=0
split_feature=5 11 8 1 4 0 8 11 10 0 10 10 0 10 6 6 0 12 8 6 2 8 12 0 12 9 10 10 7 5
split_gain=14.6225 28.9206 48.4029 24.8727 23.2095 23.7973 20.9171 27.2751 22.2602 19.4572 18.5574 21.0972 22.4643 20.1659 19.8389 18.7015 49.9243 17.4906 17.4896 18.88 16.8971 16.8687 15.5457 15.1287 14.8794 14.4565 45.1068 125.014 42.4833 52.5497
threshold=4.5000000000000009 0.75162337662337675 86.913500000000013 2.5000000000000004 47.500000000000007 24.500000000000004 103.23250000000002 0.47402159244264502 -13.558000000000277 835.50000000000011 -62.559000000000026 -15.913500000000028 832.50000000000011 -7.4540000000000068 13.500000000000002 17.500000000000004 70.500000000000014 -1.4999999999999998 87.857500000000016 19.500000000000004 18.500000000000004 100.76050000000002 -3.4999999999999996 1.0000000180025095e-35 6.5000000000000009 4.9360000000000008 0.95300000000000307 -9.4024999999999928 6.5000000000000009 2.5000000000000004
decision_type=2 2 2 2 2 2 2 2 2 2 2 2 2 2 2 2 2 2 2 2 2 2 2 2 2 2 2 2 2 2
left_child=25 6 9 4 -4 -6 7 8 -2 10 14 12 23 15 -3 16 -13 -7 -19 -20 22 -9 -5 -12 -8 -1 27 28 29 -27
right_child=1 2 3 20 5 17 24 21 -10 -11 11 13 -14 -15 -16 -17 -18 18 19 -21 -22 -23 -24 -25 -26 26 -28 -29 -30 -31
leaf_value=0.00075624131687110525 0.026867860272968391 0.27616838593439147 0.43264732397253458 0.19212516212003911 0.34811463643182339 0.26758756821517943 -0.1197901363443952 -0.04207397708801406 0.27351424243670658 -0.087888004375961476 0.39707862564071555 0.85438816814969165 0.20451560575751082 -0.12030503124247111 0.0050390635152295716 0.060466012409324393 0.10956476751600558 0.35627580371776152 -0.092124598802327637 0.13750988861164209 0.1122644005340061 0.067883459157849851 -0.10327325588686026 -0.049904546604011613 0.13753475207908272 -0.022784965265723395 -0.015619580292721317 0.027245080313146087 2.1532676851304266e-05 0.008991436203594905
leaf_weight=60457.605162132822 15.34177310112864 4.8773465752601606 2.8264900567010072 2.1287698317319146 4.1596458391286459 4.2016070466488697 37.066392915323377 228.88055239990354 4.8052378688007584 30.600954938679934 0.7651407397352149 1.2443924206309001 3.7847993075847617 3.4558462314307681 6.0419076383113861 7.9359685112722218 3.2509584203362465 1.5667734749149484 8.483631468145175 6.1947815455496302 11.220156433992086 14.857543148100374 10.921754160895945 73.103460142854601 2.3921089973300687 2076.5899987220764 2302.0007209777832 1436.8270319253206 6340.9309277534485 694.47501468658447
leaf_count=370551 88 30 19 4 22 14 320 1858 30 445 3 25 29 71 24 50 44 11 145 23 85 63 149 1613 10 12351 12728 6374 29697 2264
internal_value=-6.2868e-06 -0.0172217 0.0137366 0.0960163 0.161255 0.130081 -0.0362824 -0.0261282 0.0856952 -0.0177615 0.0027817 -0.0116189 -0.0330999 0.0933763 0.126145 0.152779 0.315745 0.0857246 0.0386881 0.00478884 0.0222775 -0.0353713 -0.0550886 -0.0452746 -0.10419 0.000108808 -0.00293709 -0.000169469 -0.00449234 -0.0148213
internal_weight=73798.5 490.108 186.764 51.7036 27.4329 24.6064 303.344 263.885 20.147 135.061 104.46 93.5406 77.6534 15.8872 10.9193 12.4313 4.49535 20.4468 16.2452 14.6784 24.2707 243.738 13.0505 73.8686 39.4585 73308.4 12850.8 10548.8 9112 2771.07
internal_count=439140 5175 2806 472 234 215 2369 2039 118 2334 1889 1835 1645 190 54 119 69 193 179 168 238 1921 153 1616 330 433965 63414 50686 44312 14615
is_linear=0
shrinkage=0.1


Tree=121
num_leaves=31
num_cat=0
split_feature=12 0 1 9 3 0 10 10 10 11 8 10 2 11 8 7 9 5 0 5 0 10 5 0 9 1 1 4 2 2
split_gain=14.6189 16.425 15.5128 15.3422 20.0534 17.1994 15.0326 82.1391 41.2344 45.1594 48.706 37.9277 46.4492 42.2745 59.9983 43.7971 40.9504 38.4677 35.4613 73.8446 45.3735 57.1722 48.9899 47.0025 44.1908 42.7086 43.6506 41.3133 40.2185 56.0578
threshold=13.500000000000002 849.50000000000011 3.5000000000000004 2.8315000000000059 1.0000000180025095e-35 837.50000000000011 -51.300999999999988 -38.597499999999989 -60.00100000000009 0.82936730123180302 74.264500000000012 -28.823999999999888 1.0000000180025095e-35 0.26876172607879928 89.841500000000011 10.500000000000002 -0.38149999999999545 1.5000000000000002 339.50000000000006 1.5000000000000002 84.500000000000014 -104.39899999999999 1.5000000000000002 196.50000000000003 18.97300000000001 2.5000000000000004 1.5000000000000002 17.500000000000004 21.500000000000004 22.500000000000004
decision_type=2 2 2 2 2 2 2 2 2 2 2 2 2 2 2 2 2 2 2 2 2 2 2 2 2 2 2 2 2 2
left_child=2 -2 6 -4 5 -5 8 -8 18 10 -10 12 17 -14 -15 -16 -17 -9 20 25 22 23 -1 27 -24 26 -20 -22 -23 -30
right_child=1 -3 3 4 -6 -7 7 11 9 -11 -12 -13 13 14 15 16 -18 -19 19 -21 21 28 24 -25 -26 -27 -28 -29 29 -31
leaf_value=-0.01848617952301285 0.011654538553474566 0.076202113374851291 -0.062835284206137418 0.082819899162622571 -0.11801139660973888 -0.058762067561322275 -0.0094144338971762706 -0.082785948159329478 -0.035129757100876728 -0.035304764525365788 0.012910662159423773 -0.00060058406173355938 0.014050200143876052 0.0077655285553254573 0.0022394121908910032 -0.050658893401372543 -0.011242594789462001 0.052401329136671539 -0.00099663101804647164 0.0026290389147172865 -0.056224568653464625 0.022139192548682352 0.0069392293975671622 -0.039890232477163612 -0.060838653111249877 0.018474646105406375 -0.036175913652004586 0.0076501596906817897 -0.088201721912716663 0.0052949112541373035
leaf_weight=1578.4403093140572 213.0552368350327 48.373321026563644 77.466604091227055 28.04687556065619 10.102858790196477 12.362075430341063 9358.113654602319 22.576030027121305 219.53763518109918 218.23351089656353 5453.6993323676288 34900.164803454652 3369.383030500263 3454.0169166279957 902.95819822791964 449.82705640792847 636.58246743679047 311.12557604908943 476.94119205139577 3037.744642117992 109.846988260746 2741.394558608532 2329.6920714695007 318.52276247739792 100.33886075019836 232.63932037353516 1354.0849175453186 1295.1071398258209 75.002713203430176 442.2672290802002
leaf_count=12467 901 162 615 375 200 161 43696 345 1339 2200 23457 259669 18276 12321 3771 1835 2821 850 1924 10678 1068 13670 7889 1185 408 708 9348 4513 698 1590
internal_value=-7.2782e-06 0.0235981 -9.12204e-05 -0.0348767 0.00800141 0.0395066 -3.05595e-05 -0.000906045 0.00230913 0.00933449 0.0110516 0.00090164 0.00663367 0.00524697 -0.00020212 -0.0140359 -0.0275629 0.0432555 -0.000627977 -0.00728746 0.00315071 0.00952289 -0.00476929 -0.00520707 0.0041406 -0.0218847 -0.0270125 0.00265608 0.0173134 -0.00826184
internal_weight=73777.6 261.429 73516.2 127.978 50.5118 40.409 73388.2 53404.7 19983.5 5891.47 5673.24 44046.6 9146.47 8812.77 5443.38 1989.37 1086.41 333.702 14092 5101.41 8990.61 4982.14 4008.47 1723.48 2430.03 2063.67 1831.03 1404.95 3258.66 517.27
internal_count=439140 1063 438077 1351 736 536 436726 343584 93142 26996 24796 299888 40219 39024 20748 8427 4656 1195 66146 22658 43488 22724 20764 6766 8297 11980 11272 5581 15958 2288
is_linear=0
shrinkage=0.1


Tree=122
num_leaves=31
num_cat=0
split_feature=7 2 2 6 8 2 10 10 9 8 6 1 12 8 6 11 11 11 6 4 1 2 2 9 6 6 11 9 9 0
split_gain=14.8352 49.651 34.2865 30.994 37.9182 30.1332 27.29 21.6985 21.5236 19.8604 20.1942 31.7275 46.6665 63.77 17.3239 23.3696 55.4039 40.7222 57.4235 48.2922 34.7555 30.994 33.0007 30.7979 29.3467 52.7718 27.0777 26.5669 29.2452 37.8471
threshold=19.500000000000004 3.5000000000000004 4.5000000000000009 9.5000000000000018 81.97450000000002 1.5000000000000002 -31.868499999999994 11.776000000000005 -1.8265000000000031 101.37700000000002 3.5000000000000004 1.5000000000000002 -1.4999999999999998 109.00700000000002 1.5000000000000002 0.027973395931138855 0.039250700280112009 0.041960093896713561 3.5000000000000004 3.5000000000000004 2.5000000000000004 1.0000000180025095e-35 4.5000000000000009 -3.8455000000000079 2.5000000000000004 3.5000000000000004 0.017700501253132803 2.2704999999999989 -4.4134999999999982 816.50000000000011
decision_type=2 2 2 2 2 2 2 2 2 2 2 2 2 2 2 2 2 2 2 2 2 2 2 2 2 2 2 2 2 2
left_child=14 5 7 9 -5 -2 -6 8 -3 -4 11 -11 -13 -14 -1 21 20 18 27 -19 -17 -16 -23 -22 26 -26 -24 28 -18 -30
right_child=1 2 3 4 6 -7 -8 -9 -10 10 -12 12 13 -15 15 16 17 19 -20 -21 23 22 24 -25 25 -27 -28 -29 29 -31
leaf_value=-0.020608164318506275 -0.029854978796480521 -0.14146652777899732 -0.0077708428353636385 -0.090477881509347838 -0.063299986761812463 0.062038129680864862 0.018857259595711273 0.085436264643628398 -0.045096639217167889 0.011719442766868125 -0.0059688109877194225 0.12398950460147687 0.1321474715952457 1.0595908131634211 -0.099507872208388776 -0.047305333948912134 -0.013245720205405388 -0.04390601961030615 0.053978319168767303 0.00019714449274693495 -0.036929151133100968 0.045613448662528561 0.019964688375873608 0.06043489857694017 0.068015644362304437 -0.0019201287516622226 -0.032661895980735094 -0.047787721477010082 0.017698462966429254 0.14094416746912203
leaf_weight=399.14033319550799 49.259838975965977 42.674445305019617 480.15524204354733 100.60407568607479 66.090294897556305 129.48511981964111 104.13571835495532 7.7081440538167945 50.721686344593763 18.981968733482063 34.322146534919739 14.334931792691352 1.6122759487479918 1.3725084206089375 23.508746621198952 391.42682030051947 187.82686983048916 249.167527097743 338.55458191037178 69504.166580364108 64.153754461556673 291.43346858024597 158.18874631635845 65.819714326411486 171.82262776046991 289.9995973482728 255.97498774714768 95.387328132987022 102.15643196925521 32.954424861818552
leaf_count=17709 399 203 2680 500 351 430 410 21 245 193 149 158 37 32 274 5943 2356 4359 889 390126 303 1539 515 239 515 1163 4864 1198 1063 277
internal_value=-6.82556e-06 -0.0115253 -0.0208699 -0.0141078 -0.0418057 0.0367136 -0.0130403 -0.075821 -0.0891298 -0.000488179 0.049025 0.10102 0.198891 0.558618 0.000167875 0.000282695 4.97751e-05 0.000289937 0.0233605 3.96025e-05 -0.0324279 0.0141749 0.0164642 0.0123769 0.00676649 0.0240997 -0.0125613 -0.00141875 0.0122774 0.0477589
internal_weight=73723.1 1101.46 922.713 821.609 270.83 178.745 170.226 101.104 93.3961 550.779 70.6238 36.3017 17.3197 2.98478 72621.7 72222.5 71031.6 70510.2 756.88 69753.3 521.4 1190.93 1167.42 129.973 875.986 461.822 414.164 418.325 322.938 135.111
internal_count=439140 5808 4979 4510 1261 829 761 469 448 3249 569 420 227 69 433332 415623 406753 400268 5783 394485 6485 8870 8596 542 7057 1678 5379 4894 3696 1340
is_linear=0
shrinkage=0.1


Tree=123
num_leaves=31
num_cat=0
split_feature=6 12 8 2 9 9 7 4 11 9 9 12 4 10 0 0 12 9 9 11 4 5 2 10 10 10 4 9 2 6
split_gain=14.2138 23.514 21.2862 24.4943 23.3792 21.5168 21.5071 17.2186 53.9509 23.9522 21.7169 20.8677 18.3564 38.6706 17.9201 29.9688 27.5239 19.1 20.7987 17.2022 20.5018 17.0569 42.4279 16.6253 16.3444 18.102 16.1398 15.9716 26.6948 22.8663
threshold=43.500000000000007 3.5000000000000004 79.58150000000002 2.5000000000000004 -1.9769999999999965 0.45700000000000074 8.5000000000000018 65.500000000000014 0.91228073549259314 0.063499999999997614 7.5645000000000033 -3.4999999999999996 41.500000000000007 -14.895999999999985 790.50000000000011 26.500000000000004 -1.0000000180025095e-35 -1.5345000000000011 0.59200000000000597 0.97122153209109741 62.500000000000007 2.5000000000000004 24.500000000000004 -32.692999999999977 -11.828500000000004 -4.8210000000000113 57.500000000000007 -0.053999999999994892 15.500000000000002 27.500000000000004
decision_type=2 2 2 2 2 2 2 2 2 2 2 2 2 2 2 2 2 2 2 2 2 2 2 2 2 2 2 2 2 2
left_child=7 2 4 -4 6 -6 -2 8 -1 11 14 -10 13 -11 15 17 -17 -9 27 20 -5 22 26 -8 -23 -26 -14 -19 29 -29
right_child=1 -3 3 19 5 -7 23 10 9 12 -12 -13 21 -15 -16 16 -18 18 -20 -21 -22 24 -24 -25 25 -27 -28 28 -30 -31
leaf_value=-0.00016032829208475466 0.071883068722930751 0.062139686304132635 -0.061512350064829052 0.041648979107325609 -0.060628179591883616 0.037484084150121395 0.017828792972666232 -0.019064512302418488 0.099036406399197086 0.7777461350711965 0.06672578090866127 -0.095487234057113485 0.070404813774829614 0.0030025562839674524 0.022703108004913156 0.023493536883159142 -0.061300315466126853 0.058078378394257439 -0.026067537384837521 0.15024763296171068 -0.032217016232312372 -0.080208393763556429 0.67568853361422776 -0.080102690229940376 0.22131446645250216 -0.077930159694737863 -0.10512868738144764 0.37638189997844435 0.0030104558367789972 0.069806928799564391
leaf_weight=72064.270643802593 46.486150544136763 89.816193297505379 29.496954740956426 219.1540746036917 113.83182749338448 27.814694374799728 53.703112110495567 45.300744507461786 5.8328180760145178 0.90037071949336711 72.659748196601868 101.14895779639482 17.492812770302415 2.2649940861156201 412.39365943521261 55.440245557576418 123.68119447212666 31.662350075319409 18.134817898273468 12.239661728963254 45.350993126630783 43.186642378917895 1.0204642377793778 25.597824588418007 4.1253285247366875 3.9638994392007572 7.4771512113511553 7.1131172804161924 5.6310081258416167 3.6975519359111786
leaf_count=424539 368 508 456 1209 831 105 324 146 16 33 179 4379 575 32 1842 172 1240 156 65 62 204 1216 23 138 33 101 72 42 43 31
internal_value=-8.19631e-06 0.0145623 0.00711341 0.0251142 -0.0134996 -0.0413622 0.017876 -0.000140576 -0.000299681 -0.0538837 0.0146788 -0.0848815 -0.0126536 0.223374 0.00929978 -0.00971703 -0.0350556 0.0309742 0.0651956 0.0343474 0.0289842 -0.022323 0.0436711 -0.0137829 -0.0557737 0.074678 0.017842 0.0996011 0.179563 0.271525
internal_weight=73690.9 663.491 573.675 306.242 267.434 141.647 125.787 73027.4 72251.7 187.413 775.714 106.982 80.4317 3.16536 703.055 290.661 179.121 111.54 66.2388 276.745 264.505 77.2663 25.9904 79.3009 51.2759 8.08923 24.97 48.104 16.4417 10.8107
internal_count=439140 4205 3697 1931 1766 936 830 434935 431019 6480 3916 4395 2085 65 3737 1895 1412 483 337 1475 1413 2020 670 462 1350 134 647 272 116 73
is_linear=0
shrinkage=0.1


Tree=124
num_leaves=31
num_cat=0
split_feature=0 10 1 6 4 8 8 10 8 8 3 7 10 0 1 6 5 2 10 11 10 10 9 5 12 12 5 11 8 1
split_gain=13.7888 34.9485 50.3085 19.4669 19.6783 18.3274 20.071 18.2538 16.396 23.9488 18.1285 21.901 16.3529 47.6177 78.4128 49.2166 47.3321 45.9671 45.7192 47.1263 45.1741 43.6534 137.215 89.2755 79.4521 96.1197 118.127 69.5809 59.321 56.2511
threshold=18.500000000000004 81.697500000000005 1.0000000180025095e-35 49.500000000000007 72.500000000000014 103.93250000000002 92.851500000000016 -221.06449999999998 83.851500000000016 101.94250000000001 1.0000000180025095e-35 7.5000000000000009 -1.0000000180025095e-35 797.50000000000011 1.5000000000000002 27.500000000000004 1.5000000000000002 1.5000000000000002 2.7355000000000094 0.10566188197767142 81.697500000000005 -9.4024999999999928 1.2485000000000002 1.5000000000000002 2.5000000000000004 -1.0000000180025095e-35 1.5000000000000002 0.11483516483516476 87.946500000000015 1.5000000000000002
decision_type=2 2 2 2 2 2 2 2 2 2 2 2 2 2 2 2 2 2 2 2 2 2 2 2 2 2 2 2 2 2
left_child=1 7 5 4 12 6 -3 -1 -4 10 -10 -12 21 16 15 -15 17 -14 19 -18 -16 -2 24 27 25 -23 28 -24 -27 -28
right_child=3 2 8 -5 -6 -7 -8 -9 9 -11 11 -13 13 14 20 -17 18 -19 -20 -21 -22 22 23 -25 -26 26 29 -29 -30 -31
leaf_value=-0.097347231726745212 -0.00083381178682630653 -0.068372966330386115 0.084145297062313204 0.028534992056353171 -0.11059556569796505 -0.17903057707309059 0.10958477456090342 0.0032814260425688539 0.00054504928577253414 0.10382958032912647 0.30213626550334782 0.045747143807558066 -0.07918753651156725 -0.023143755849345287 0.0017242663422969895 0.026964510347433024 0.0153172829445346 -0.014920637108260582 0.0075872664504173064 -0.044087391455345112 0.030811802768357568 0.010446492815542984 0.02426061465347629 0.015392095981851648 0.023842280705416715 -0.084924323876807678 -0.013540293781419228 0.092600351041192352 -0.030576903022089364 0.029967834884139913
leaf_weight=18.100040435791016 51688.882989022881 27.05990569666028 103.84918036870658 232.23153804242611 16.221126100048423 10.170506875962017 8.276138521730898 4431.2260820160736 120.00002577900887 38.497106295078993 4.3931479919701841 13.789261069148777 114.99724576296285 1077.4741908079013 1017.8608122700825 239.60648280382156 202.52125803241506 3456.29940366745 2081.1901497244835 392.086279227864 1122.9756455421448 1932.7303590513766 263.66354767698795 1141.5158928781748 1092.8593828827143 285.74800203228369 1114.7551207672805 342.54099172633141 675.90499234199524 405.1642477652058
leaf_count=71 283113 145 352 1412 157 52 29 23074 637 130 16 68 1617 4951 6169 909 933 29674 6948 2956 5683 9506 2391 4104 4646 10612 12174 992 23344 2275
internal_value=-8.62676e-06 0.00518784 0.0367907 -0.000368801 -0.000466556 -0.0607398 -0.0266931 0.00287206 0.0526118 0.0340769 0.0146441 0.107695 -0.000440534 -0.00424419 0.00517075 -0.0140279 -0.00945559 -0.0169901 0.000600404 -0.0238544 0.0169821 0.000185734 0.00744969 0.0318623 -0.000297747 -0.00627415 -0.0192967 0.0628766 -0.0467258 -0.00194235
internal_weight=73672.6 4775.36 326.035 68897.2 68665 45.5066 35.336 4449.33 280.529 176.68 138.182 18.1824 68648.8 9705.01 3457.92 1317.08 6247.09 3571.3 2675.8 594.608 2140.84 58943.8 7254.88 1747.72 5507.16 4414.3 2481.57 606.205 961.653 1519.92
internal_count=439140 24574 1429 414566 413154 226 174 23145 1203 851 721 84 412997 59840 17712 5860 42128 31291 10837 3889 11852 353157 70044 7487 62557 57911 48405 3383 33956 14449
is_linear=0
shrinkage=0.1


Tree=125
num_leaves=31
num_cat=0
split_feature=7 2 2 10 2 2 7 2 11 5 2 11 8 8 11 10 10 2 10 10 9 7 4 11 2 9 10 10 8 10
split_gain=14.1636 77.9331 64.5186 67.1432 63.8313 72.7489 69.1064 64.2894 85.8931 58.5937 55.2176 54.5071 51.4057 78.7829 63.011 50.3663 50.1335 54.6674 59.4641 67.3191 123.856 61.6876 60.4459 54.5058 55.1075 53.93 49.9096 70.4664 54.0685 48.8055
threshold=8.5000000000000018 3.5000000000000004 8.5000000000000018 30.114500000000032 3.5000000000000004 7.5000000000000009 15.500000000000002 8.5000000000000018 0.13888888888888948 3.5000000000000004 16.500000000000004 0.24837662337662339 76.059500000000014 87.772000000000006 0.17974358974358975 -2.2514999999999996 -210.6215 15.500000000000002 111.16900000000004 77.53100000000002 -10.2935 4.5000000000000009 22.500000000000004 0.33549783549783552 13.500000000000002 -14.517499999999997 -99.405499999999861 -210.6215 94.45450000000001 -80.267499999999998
decision_type=2 2 2 2 2 2 2 2 2 2 2 2 2 2 2 2 2 2 2 2 2 2 2 2 2 2 2 2 2 2
left_child=1 11 3 12 6 15 9 8 -7 -2 16 -1 -3 14 -14 26 -4 18 19 22 21 -21 23 24 25 -18 27 -6 -28 -15
right_child=4 2 10 -5 5 7 -8 -9 -10 -11 -12 -13 13 29 -16 -17 17 -19 -20 20 -22 -23 -24 -25 -26 -27 28 -29 -30 -31
leaf_value=-0.027044410926815143 0.0029744289804785298 0.052233905351375599 0.040682607163211648 0.052866841408331727 -0.07023679109219437 -0.057552757690408962 0.021080886694218318 -0.0015041200580485749 0.040748713385332064 -0.047945077163677435 0.0056970630197124535 -0.0025637821819565181 0.040829740479371657 0.049126493965215984 -0.036592407087734792 0.0054939748890739087 0.0033920246527357743 -0.022641719706506542 -0.056120435335231422 0.02746145487801099 0.00069823740949775037 0.15016387701625952 0.0047930804948447319 -0.12236063677948135 0.012831119841432587 -0.032598774402277951 -0.033394485440609793 0.035438244586067959 -0.011592054376572148 0.0098848214157749859
leaf_weight=1423.790996271302 4667.836772384122 275.84625329449773 235.58475875854492 400.50555896759033 77.043834686279297 102.47327158786356 2447.8688430786133 29241.692031860352 670.42036702297628 237.48402076773345 11478.415657043457 2517.9900773763657 128.04727272735909 347.64021328091621 587.09223745716736 1284.4836665987968 602.48402934707701 1616.8291177749634 198.89875577390194 66.616792052984238 376.0011353045702 106.43489104509354 3599.6042556799948 46.608477795496583 616.01306906342506 1347.5398297086358 1767.6758098602295 348.68011265993118 3190.3912878036499 3588.6654155664146
leaf_count=14552 24778 868 656 1934 308 1498 11583 165242 2568 2275 74480 14994 1625 1541 3715 6283 3868 11116 1659 443 3006 432 17583 724 4810 14292 13592 1287 16196 21232
internal_value=-9.55178e-06 0.00168364 0.00369769 0.0134913 -0.00114616 -0.00285074 0.00735752 -0.000751697 0.0277155 0.000509235 0.0011262 -0.0114063 0.0102907 0.00780331 -0.0227298 -0.0122988 -0.00482734 -0.00607736 -0.00222952 -0.000644197 0.0329196 0.102929 -0.00361064 -0.015189 -0.0132424 -0.021479 -0.0165438 0.0163141 -0.0193652 0.0133505
internal_weight=73596.7 29560.6 25618.8 5327.8 44036.1 36682.9 7353.19 30014.6 772.894 4905.32 20291 3941.78 4927.29 4651.45 715.14 6668.27 8812.62 8577.03 6960.2 6761.3 549.053 173.052 6212.25 2612.65 2566.04 1950.02 5383.79 425.724 4958.07 3936.31
internal_count=439140 193530 163984 30915 245610 206974 38636 169308 4066 27053 133069 29546 28981 28113 5340 37666 58589 57933 46817 45158 3881 875 41277 23694 22970 18160 31383 1595 29788 22773
is_linear=0
shrinkage=0.1


Tree=126
num_leaves=31
num_cat=0
split_feature=10 12 9 6 7 11 9 0 11 6 9 5 9 8 7 2 2 11 8 2 9 12 8 6 11 10 10 8 10 1
split_gain=14.0146 15.2961 20.3969 20.9559 17.5921 21.4783 38.2126 17.0397 16.5869 14.3582 13.7596 15.8031 16.2521 13.6071 12.8864 37.8571 26.4307 25.7146 25.839 24.8279 19.4692 18.2281 33.639 22.3137 18.2189 17.7782 17.7275 25.867 20.3426 25.0825
threshold=136.15100000000004 1.5000000000000002 22.953500000000002 11.500000000000002 2.5000000000000004 0.066228070175438566 -9.5434999999999999 134.50000000000003 0.27475490196078439 5.5000000000000009 -0.086999999999996136 1.5000000000000002 -10.85699999999999 98.69250000000001 19.500000000000004 3.5000000000000004 4.5000000000000009 0.22295321637426904 77.871500000000012 1.5000000000000002 33.187000000000005 -2.4999999999999996 82.904500000000013 6.5000000000000009 0.4388104407359863 11.776000000000005 -18.812999999999992 76.749500000000012 14.24 1.5000000000000002
decision_type=2 2 2 2 2 2 2 2 2 2 2 2 2 2 2 2 2 2 2 2 2 2 2 2 2 2 2 2 2 2
left_child=14 2 4 -4 7 6 -6 -2 -7 -8 11 12 -3 -10 -1 19 25 26 -19 -16 21 22 23 24 -20 -17 27 -18 29 -28
right_child=1 10 3 -5 5 8 9 -9 13 -11 -12 -13 -14 -15 15 16 17 18 20 -21 -22 -23 -24 -25 -26 -27 28 -29 -30 -31
leaf_value=0.0002312486065011493 0.0083901626471558251 0.072136310911646503 0.03781644452474732 0.32682331050102359 0.51691441155496953 -0.069777666766239463 -0.11188940756532023 0.29979191277218536 0.051174610556286075 0.1559861447851624 -0.02224671785087342 -0.3171988910226155 -0.11413916971344754 -0.067716717241795107 -0.028562200051975069 -0.07882724230770706 0.12004685104317292 -0.093728688238764582 0.033222921117350375 0.055265008576389489 0.17056256228705022 -0.054115405008192098 -0.037662478681505969 0.0073825488398292036 0.2001193235564124 0.080615165245651044 0.0077564322752896406 -0.020894900611732766 -0.05280176919572771 0.089072045304823211
leaf_weight=72175.068730282306 5.0972199309617263 5.5898891836404792 9.2702239230275136 3.439948044717311 1.9059200193732966 68.024635296314955 4.1041839085519296 3.3096214234828949 27.712455689907074 3.9045448750257492 46.438919499516487 3.1717251092195502 28.895266227424145 14.750238738954065 49.008084565401077 93.854497149586678 13.757905577775089 57.368496432900429 12.292245170101525 126.61321812868118 5.2251031398773184 123.36988386046141 120.20993087999523 47.983293913304806 13.979084864258764 7.5562999695539466 92.419727823231369 243.33699618512765 27.030017018318176 64.342840368393809
leaf_count=431768 44 31 58 13 15 646 76 15 95 12 323 17 221 74 397 448 38 247 37 428 17 777 475 138 36 20 505 1370 248 551
internal_value=-8.96939e-06 -0.0248941 -0.00482225 0.116035 -0.0167478 -0.0265131 0.114481 0.12311 -0.0391653 0.0187096 -0.0586715 -0.103591 -0.0839447 0.00987541 6.76538e-05 -0.0106826 -0.018782 -0.0128349 -0.0318835 0.0318726 -0.0209011 -0.0240487 -0.00497415 0.0479446 0.122029 -0.0669469 0.00360149 -0.0133527 0.0273175 0.0411322
internal_weight=73499 225.615 141.519 12.7102 128.809 120.402 9.91465 8.40684 110.487 8.00873 84.0958 37.6569 34.4852 42.4627 73273.4 1098.35 922.726 821.316 380.428 175.621 323.06 317.834 194.465 74.2546 26.2713 101.411 440.887 257.095 183.793 156.763
internal_count=439140 1640 1048 71 977 918 103 59 815 88 592 269 252 169 437500 5732 4907 4439 1727 825 1480 1463 686 211 73 468 2712 1408 1304 1056
is_linear=0
shrinkage=0.1


Tree=127
num_leaves=31
num_cat=0
split_feature=8 2 2 7 12 9 10 6 5 2 7 9 11 11 8 10 10 10 1 2 2 10 10 10 9 11 11 11 10 9
split_gain=13.59 30.9164 25.3707 30.1374 27.3634 27.0678 31.9297 30.6809 24.3229 29.2811 41.2839 38.5877 36.928 38.1227 42.0969 23.6374 29.7648 21.5293 20.6883 23.1248 28.9234 30.9367 32.9432 31.5519 86.5378 121.836 29.9215 27.756 26.0764 22.2101
threshold=114.04650000000002 24.500000000000004 10.500000000000002 6.5000000000000009 -7.4999999999999991 -0.079000000000000584 -52.977999999999987 3.5000000000000004 1.5000000000000002 16.500000000000004 13.500000000000002 25.928000000000008 0.017700501253132803 0.033370411568409301 129.10850000000002 -99.405499999999861 -84.338000000000036 -9.0935000000000752 1.5000000000000002 6.5000000000000009 5.5000000000000009 -18.569999999999975 -19.272500000000001 -9.4024999999999928 -0.0099999999999979983 0.31662489557226398 0.66666666333333346 0.071946169772256721 -0.27199999999999835 2.2704999999999989
decision_type=2 2 2 2 2 2 2 2 2 2 2 2 2 2 2 2 2 2 2 2 2 2 2 2 2 2 2 2 2 2
left_child=-1 2 5 17 -5 6 7 -2 9 10 -6 12 -12 14 -14 -11 -17 -4 -7 20 21 22 26 -23 25 -25 -20 -22 29 -26
right_child=1 -3 3 4 8 18 -8 -9 -10 15 11 -13 13 -15 -16 16 -18 -19 19 -21 27 23 -24 24 28 -27 -28 -29 -30 -31
leaf_value=0.0001978556923201368 0.31735841065951997 -0.10620385151812653 -0.052474397529254035 -0.061767707440998923 0.027954055910055287 -0.029882382230054273 -0.064273723117260539 -0.058533683093717107 0.0031413490223608019 -0.13464206582290031 0.02179400987600591 -0.11758765538325643 0.24841936635656611 0.2731410719822317 1.0787232511805429 0.18479139058370006 0.028405817522619559 0.0081376836881792893 0.017715013364591001 -0.084098239516619919 0.14608437797730345 -0.084755735111053887 0.25016835421164363 -0.10647130837230837 -0.071668963369675182 1.3919045720299099 0.28183512582642534 -0.0037074031388634244 -0.039813867280817164 0.071013475854317026
leaf_weight=71836.935732305108 4.4156223330646736 32.059797048568726 120.42927430104464 37.520782388746738 23.724181840196252 301.14286863896996 161.84599896427244 4.2723772674798965 223.31942182220519 8.1589170917868596 4.6753785302862587 3.0007102340459815 1.1149258874356738 12.599245064891873 1.3499975502490997 13.072165593504904 176.45187167078257 114.14611863065511 100.88607607223094 27.489513975568116 28.670686935540289 57.898082274012268 7.1907215835526577 1.1069964449852698 13.782150301150976 1.0645108004100619 4.4796921834349623 21.758070215117186 99.07836332404986 52.343103712424636
leaf_count=427304 29 344 653 364 330 1922 1350 19 1338 68 57 41 31 75 30 29 1285 844 592 220 126 469 27 37 207 11 9 185 932 212
internal_value=-8.79315e-06 -0.00895671 -0.00704045 0.00663849 0.0203968 -0.0184402 -0.0542483 0.132511 0.0269917 0.0488074 0.120239 0.216517 0.267307 0.343505 0.703163 0.0320177 0.0391923 -0.0229801 -0.00992219 0.00453577 0.0108112 0.000266063 0.0430772 -0.0211243 0.000886957 0.628059 0.0289442 0.081455 -0.00735686 0.0412749
internal_weight=73496 1659.05 1626.99 739.563 504.988 887.425 170.534 8.688 467.467 244.147 46.4644 22.7403 19.7395 15.0642 2.46492 197.683 189.524 234.575 716.891 415.748 388.258 337.83 112.556 225.273 167.375 2.17151 105.366 50.4288 165.204 66.1253
internal_count=439140 11836 11492 5145 3648 6347 1398 48 3284 1946 564 234 193 136 61 1382 1314 1497 4949 3027 2807 2496 628 1868 1399 48 601 311 1351 419
is_linear=0
shrinkage=0.1


Tree=128
num_leaves=31
num_cat=0
split_feature=6 4 6 4 5 5 6 4 11 4 9 7 12 6 4 4 10 10 2 3 10 10 11 4 7 1 8 6 9 7
split_gain=12.6966 143.135 67.3851 68.6292 40.1383 30.6864 61.0293 80.1438 36.9418 56.6927 35.2039 34.3092 33.1383 31.9636 91.3148 48.5328 39.0496 46.1622 36.3892 32.7738 32.5857 31.9527 32.4711 31.4784 29.85 30.3992 49.2407 28.8436 31.3795 27.7555
threshold=15.500000000000002 15.500000000000002 18.500000000000004 14.500000000000002 1.5000000000000002 1.5000000000000002 16.500000000000004 16.500000000000004 0.63944444444444459 45.500000000000007 -7.408999999999998 12.500000000000002 9.5000000000000018 18.500000000000004 18.500000000000004 18.500000000000004 -0.27199999999999835 -3.9825000000000084 13.500000000000002 1.0000000180025095e-35 -189.91099999999997 -58.499999999999993 0.73105625717566025 51.500000000000007 10.500000000000002 2.5000000000000004 78.81750000000001 28.500000000000004 5.9415000000000058 3.5000000000000004
decision_type=2 2 2 2 2 2 2 2 2 2 2 2 2 2 2 2 2 2 2 2 2 2 2 2 2 2 2 2 2 2
left_child=-1 2 3 -2 -5 6 12 -8 24 21 11 -11 -3 15 -15 16 17 18 -9 -20 -16 -10 -23 29 25 27 -27 28 -7 -22
right_child=1 5 -4 4 -6 8 7 13 9 10 -12 -13 -14 14 20 -17 -18 -19 19 -21 23 22 -24 -25 -26 26 -28 -29 -30 -31
leaf_value=-0.0011037134060047718 0.036918072830962968 -0.039971541155865931 -0.026882781522890267 0.12739938043641083 -0.021118783377783598 0.011749318939827468 0.063095367732685675 -0.040743531671448112 0.10039203009473344 -0.02259432469165918 0.0031264431787289011 0.0066909477673367385 0.088937615396371933 0.053845913861739939 0.13892737805946176 0.090462146098784071 -0.057414132755466585 0.13705814769236566 0.0082114695908846527 -0.12108332504257342 -0.019378123718395181 -0.072890541589264932 -0.015118642242926708 0.087303284707679285 0.00059068561035973907 -0.10742169250328214 0.0057810546836212662 0.027261894824104418 -0.0071092222768370074 -0.0015707301580384714
leaf_weight=43484.092885651044 468.77622107416391 576.41591863380745 112.67244461923838 155.95246281381696 20.600776054896414 5070.9264082335867 182.84039587713778 349.62310614390299 15.679392717778681 1228.0968076512218 5135.2431190833449 593.32032975554466 20.656383395195007 287.98747830372304 15.955391913652418 38.722182654775679 257.95137334801257 20.053474720567465 428.09399569546804 20.545800128951669 1065.0117337461561 203.01363806473091 186.81525316974148 37.385770036838949 6420.7968404740095 57.129486419260502 117.35898841917515 941.89958117436618 1068.187783293426 4913.2334911525249
leaf_count=270494 1796 5535 548 530 122 23483 599 3475 36 4398 31709 2011 93 909 51 181 2156 452 3919 205 8617 3135 5330 123 28784 1102 425 5449 4144 29329
internal_value=-1.17974e-05 0.00157032 0.0444729 0.0569314 0.11007 0.000458633 -0.00472465 -0.00231148 0.00248245 -0.00322883 -0.00111017 -0.0130547 -0.0355118 -0.00392005 -0.00116587 -0.0195302 -0.0234876 -0.0127932 -0.0165576 0.00229032 -0.00379249 -0.0395752 -0.0452049 -0.00417103 0.00555692 0.00995182 -0.0312828 0.0109679 0.00846799 -0.00474308
internal_weight=73495 30010.9 758.002 645.329 176.553 29252.9 8214.48 7617.4 21038.5 7362.17 6956.66 1821.42 597.072 7434.56 6319.57 1114.99 1076.27 818.316 798.263 448.64 6031.59 405.508 389.829 6015.63 13676.3 7255.5 174.488 7081.01 6139.11 5978.25
internal_count=439140 168646 2996 2448 652 165650 55644 50016 110006 46619 38118 6409 5628 49417 39029 10388 10207 8051 7599 4124 38120 8501 8465 38069 63387 34603 1527 33076 27627 37946
is_linear=0
shrinkage=0.1


Tree=129
num_leaves=31
num_cat=0
split_feature=12 4 2 0 0 11 11 10 12 5 2 12 11 3 9 8 2 9 2 9 11 0 7 4 10 8 7 0 0 0
split_gain=12.2354 17.2238 18.9954 15.1513 23.0827 16.0701 16.7279 16.7433 14.0336 39.5111 28.1494 32.3743 22.8414 29.8133 21.7322 22.0011 37.6044 70.7389 27.7114 22.4951 36.0147 21.0234 20.7685 26.2779 23.6007 20.7042 28.3468 21.7297 20.6558 26.6466
threshold=-14.499999999999998 2.5000000000000004 3.5000000000000004 24.500000000000004 150.50000000000003 0.14379699248120298 0.22222222222222113 -37.379499999999986 -6.4999999999999991 1.5000000000000002 18.500000000000004 -10.499999999999998 0.28787878787878401 1.0000000180025095e-35 33.187000000000005 85.542500000000018 7.5000000000000009 -5.579499999999995 10.500000000000002 22.076500000000006 0.18338603046852545 6.5000000000000009 9.5000000000000018 14.500000000000002 -81.837499999999949 94.635000000000005 13.500000000000002 22.500000000000004 249.50000000000003 140.50000000000003
decision_type=2 2 2 2 2 2 2 2 2 2 2 2 2 2 2 2 2 2 2 2 2 2 2 2 2 2 2 2 2 2
left_child=1 -1 -3 -4 -5 -6 -7 -8 9 10 14 -12 -11 -14 15 16 17 -2 21 25 -21 -17 24 -24 -13 26 -20 -28 29 -29
right_child=8 2 3 4 5 6 7 -9 -10 12 11 22 13 -15 -16 18 -18 -19 19 20 -22 -23 23 -25 -26 -27 27 28 -30 -31
leaf_value=-0.096888580745483913 -0.028902712742983273 0.080364647776165588 0.20331654043169245 -0.069511681806039269 -0.035170768018937058 0.15260693925791993 -0.12363352036599098 0.091899221562182498 0.00031063602930963462 0.011656722908014543 -0.0860049649157687 0.25230797980318037 0.0054452864780166884 -0.018873845367447895 -0.17334652246159454 -0.1613599133281973 -0.041872129360769117 0.098329360252233461 -0.014751292645634784 0.019211554492615926 0.26835747451356917 -0.011181243373401206 -0.015248939568090661 -0.071482100460360395 0.014284280767400959 -0.017366737912657259 -0.13670942323207216 0.044809851011085866 0.022262848924273552 0.16236875228732239
leaf_weight=10.292318820953367 134.93878304958344 59.42962883785367 3.7442279914394012 31.426335776224732 18.089629865251482 16.503041505813602 5.9495112672448185 9.1433877814561075 68075.986410946352 1309.2441630139947 104.0806713104248 4.5610429197549811 1145.3361524166539 900.37973460834473 7.9678163528442374 9.5765726845711452 358.03376360982656 64.627135347574949 70.782633339986205 14.725195944309236 9.5743633508682233 349.9634012337774 280.12980122677982 118.15053555369377 48.05386752076447 110.41452063061297 5.2063716249540439 38.083256869576871 50.914724033325911 39.053235128521919
leaf_count=132 797 152 20 159 106 40 26 27 413431 4042 984 15 3899 3106 84 75 2854 262 475 150 26 2785 2419 771 300 1086 56 358 343 160
internal_value=-1.16376e-05 0.028093 0.0370083 0.00664336 -0.00243532 0.0399908 0.083023 0.00693778 -7.09464e-05 -0.00509175 -0.0169604 -0.0357341 0.00134265 -0.00525828 -0.00871665 -0.00767218 -0.0224839 0.0122999 0.00415519 0.0246782 0.117379 -0.0151813 -0.0241301 -0.0319306 0.0349179 0.0175148 0.0363906 0.0635557 0.0716982 0.104328
internal_weight=73404.4 154.578 144.286 84.8561 81.1119 49.6856 31.5959 15.0929 73249.8 5173.8 1818.84 554.976 3354.96 2045.72 1263.86 1255.89 557.6 199.566 698.294 338.754 24.2996 359.54 450.895 398.28 52.6149 314.455 204.04 133.258 128.051 77.1365
internal_count=439140 662 530 378 358 199 93 53 438478 25047 14000 4489 11047 7005 9511 9427 3913 1059 5514 2654 176 2860 3505 3190 315 2478 1392 917 861 518
is_linear=0
shrinkage=0.1


Tree=130
num_leaves=31
num_cat=0
split_feature=9 9 11 0 6 0 12 0 3 7 7 10 2 8 10 9 8 9 9 10 10 8 10 10 9 5 2 7 9 0
split_gain=12.4418 67.4118 35.625 34.567 45.2038 33.5476 32.198 31.4838 34.3296 29.5456 29.3259 27.2143 34.2938 45.1568 33.347 32.1904 27.3338 26.4365 46.9946 30.3436 84.7019 70.509 36.8939 40.117 36.2498 35.7944 78.9925 81.9266 45.0751 39.5747
threshold=-12.687000000000003 -10.080500000000006 0.12588028169014087 194.50000000000003 8.5000000000000018 26.500000000000004 -1.4999999999999998 234.50000000000003 1.0000000180025095e-35 13.500000000000002 5.5000000000000009 -37.987999999999992 2.5000000000000004 84.931500000000014 77.53100000000002 -11.700500000000003 99.972500000000011 -26.168499999999998 -22.199499999999997 -66.604999999999976 -52.187999999999988 85.921500000000023 -37.379499999999986 -20.905499999999993 -16.964999999999993 1.5000000000000002 19.500000000000004 7.5000000000000009 -18.992999999999991 862.50000000000011
decision_type=2 2 2 2 2 2 2 2 2 2 2 2 2 2 2 2 2 2 2 2 2 2 2 2 2 2 2 2 2 2
left_child=17 2 3 4 5 9 -6 8 10 -2 -5 -4 14 15 -13 -14 -15 -1 -19 21 25 -20 -22 -24 -25 26 27 29 -29 -21
right_child=1 -3 11 7 6 -7 -8 -9 -10 -11 -12 12 13 16 -16 -17 -18 18 19 20 22 -23 23 24 -26 -27 -28 28 -30 -31
leaf_value=-0.0047421693463153246 0.084508582237055152 0.00029123786775277829 -0.025982530971649778 -0.034626702328460386 -0.053944934094981606 -0.045733378098781696 0.091691468301155127 0.011731279855034889 -0.14782929609729212 -0.084274850492100553 0.12506426198822829 0.017420432426913674 -0.010533379564438738 0.003979776465579999 -0.14132184485856583 -0.060460453564249131 -0.058735533251330879 0.019528161475919549 -0.01923507840879762 -0.012697491217082073 -0.011521490896118401 0.028627569447072738 0.014019092815866913 -0.016173636809556993 0.0060104902137956655 0.0097910534372027975 -0.033731051109089798 -0.0071211941969659314 0.086913812445037486 0.13846655867726407
leaf_weight=3958.1468048095703 39.758570484817028 52267.71713159408 1728.1934155113995 13.985495356842874 20.701768450438976 280.49075931310654 56.919818468391895 396.3421745300293 6.1941180434077969 14.031496442854403 64.702658604830503 505.65587055496871 221.51752090454102 724.1965292096138 13.589027613401411 309.66198783554137 76.871441263705492 1812.1407623291016 1497.9005786329508 191.06442639045417 1995.6615052223206 387.38766275346279 2404.8971744775772 1267.7182502746582 1758.0738738775253 739.24821782112122 123.03016419708729 57.857304573059082 428.53554177470505 19.045267656445503
leaf_count=19806 258 344615 7660 146 127 3134 263 2640 70 140 279 1542 902 2619 88 1211 340 6487 7243 1277 8229 1823 9122 6482 7725 2397 559 305 1571 80
internal_value=-1.19142e-05 -0.000717074 -0.0124999 0.00536721 -0.0158971 -0.0318605 0.0528501 0.0235683 0.0788392 0.0404803 0.0966819 -0.0169577 -0.0085338 -0.0170303 0.013266 -0.0396394 -0.00203846 0.0023925 0.00461918 0.0021338 0.00455392 -0.0094003 0.000105671 0.0043784 -0.00328401 0.0257463 0.0401385 0.0531868 0.0757282 0.00100468
internal_weight=73381.2 56740.5 4472.81 893.127 411.902 334.281 77.6216 481.224 84.8823 53.7901 78.6882 3579.69 1851.49 1332.25 519.245 531.18 801.068 16640.7 12682.6 10870.4 8985.13 1885.29 7426.35 5430.69 3025.79 1558.78 819.533 696.503 486.393 210.11
internal_count=439140 366034 21419 7057 3922 3532 390 3135 495 398 425 14362 6702 5072 1630 2113 2959 73106 53300 46813 37747 9066 31558 23329 14207 6189 3792 3233 1876 1357
is_linear=0
shrinkage=0.1


Tree=131
num_leaves=31
num_cat=0
split_feature=5 7 11 11 8 8 4 11 9 12 4 0 4 7 2 11 0 4 8 6 8 3 8 10 6 8 6 10 10 11
split_gain=12.135 22.6511 14.2593 20.0358 14.2 20.0667 14.0541 34.3885 43.3455 40.4072 28.4986 86.8482 114.582 163.802 161.126 60.6378 25.8648 20.5327 19.5355 25.6642 24.7376 23.8154 21.09 18.8398 17.7639 17.4604 25.7933 21.2635 18.3209 35.0931
threshold=5.5000000000000009 17.500000000000004 0.98591549295778835 0.98019607843137269 96.967500000000015 102.58650000000002 65.500000000000014 0.84752415458937203 1.8204999999999956 2.5000000000000004 42.500000000000007 88.500000000000014 38.500000000000007 13.500000000000002 8.5000000000000018 0.91228073549259314 22.500000000000004 56.500000000000007 78.511500000000012 12.500000000000002 87.857500000000016 1.0000000180025095e-35 87.946500000000015 -9.0935000000000752 21.500000000000004 75.631500000000017 18.500000000000004 -70.823000000000192 -33.383000000000095 0.944771241830063
decision_type=2 2 2 2 2 2 2 2 2 2 2 2 2 2 2 2 2 2 2 2 2 2 2 2 2 2 2 2 2 2
left_child=2 4 3 6 -2 -6 7 -1 9 10 11 12 -9 14 15 -14 23 -10 25 20 -20 22 -21 -12 -24 26 27 -8 -27 -30
right_child=1 -3 -4 -5 5 -7 18 8 17 -11 16 -13 13 -15 -16 -17 -18 -19 19 21 -22 -23 24 -25 -26 28 -28 -29 29 -31
leaf_value=9.5754357185541051e-05 -0.082638822154880123 0.28981264060535933 0.055375708992843768 -0.063133780996868658 0.17300068419499698 -0.065977838962444288 0.22740088100196978 0.094533709635894206 0.083636712281189671 0.043708320961149731 -0.010997470693013441 -0.11316033939420556 2.5406125072479844 -0.10580246664301679 4.2448043890232006 -0.10091174883052922 -0.055506011318998988 -0.001282454565134355 0.25769720892364772 0.041010720611387143 0.015923735567456448 -0.049838600278872838 -0.091151172323448354 0.1421344120198644 0.014934471610296159 -0.045204651754726419 0.037938996992962548 -0.10077843661473991 0.052654780548730795 -0.12115711134194546
leaf_weight=71748.781767742883 45.527059508487582 1.9659459413960565 46.515379428863525 50.246689766645432 5.9026232594624153 8.6814427487552148 2.1604876369237926 1.7691105117555701 46.222008094191551 58.041818253695965 35.99264639057219 4.7577650456223637 0.15141365688759811 0.42561239330098033 0.27607392380014062 0.20397042657714337 423.91623742436059 74.149619862437248 9.2715946231037396 318.91692544333637 7.7856669034808865 41.404226033017039 23.064229618757963 10.34300996060483 50.007207527756691 133.94183278828859 135.22462908923626 22.909440840594471 57.257575444877148 14.572562813758848
leaf_count=419349 726 25 418 1274 31 112 7 82 115 186 528 415 13 28 12 33 11837 222 48 1255 64 129 156 91 168 574 568 195 294 185
internal_value=-1.11468e-05 -0.0442059 2.62719e-05 -8.86575e-06 -0.05513 0.0307442 3.44523e-05 -0.00011267 -0.0229001 -0.0350806 -0.044651 0.147654 0.586725 1.41045 2.43243 1.02453 -0.0477523 0.031326 0.0130806 0.0270246 0.147341 0.0222892 0.0299078 0.0231845 -0.0185503 -0.0040776 0.020667 -0.0724965 -0.0233534 0.0173926
internal_weight=73380.4 62.0771 73318.3 73271.8 60.1111 14.5841 73221.5 72405 656.249 535.878 477.836 7.58395 2.82618 1.05707 0.631458 0.355384 470.252 120.372 816.516 450.45 17.0573 433.393 391.988 46.3357 73.0714 366.067 160.295 25.0699 205.772 71.8301
internal_count=439140 894 438246 437828 869 143 436554 432911 13562 13225 13039 583 168 86 58 46 12456 337 3643 1820 112 1708 1579 619 324 1823 770 202 1053 479
is_linear=0
shrinkage=0.1


Tree=132
num_leaves=31
num_cat=0
split_feature=9 9 8 10 10 10 12 8 11 10 11 9 9 9 3 2 10 6 12 12 9 2 2 10 10 10 1 5 2 12
split_gain=12.3137 38.3407 38.0188 35.8951 35.2907 58.8425 36.2464 34.1675 38.6126 34.6674 40.9306 33.4361 33.6973 90.0426 54.2562 54.9595 69.6678 54.0981 53.1063 56.9029 52.9539 50.1085 131.39 60.2349 47.5331 57.5209 46.1573 44.6688 42.8765 39.9379
threshold=4.9360000000000008 10.869499999999997 90.236500000000021 -42.956499999999984 -0.27199999999999835 -9.6520000000000064 6.5000000000000009 99.578000000000017 0.26401991614255771 -50.108000000000004 0.041960093896713561 2.0545000000000049 1.0000000180025095e-35 -1.0000000180025095e-35 1.0000000180025095e-35 23.500000000000004 -55.775500000000001 5.5000000000000009 2.5000000000000004 -2.4999999999999996 -0.19749999999999798 19.500000000000004 18.500000000000004 -2.8369999999999962 -1.943999999999882 -4.9079999999999933 1.0000000180025095e-35 1.5000000000000002 18.500000000000004 4.5000000000000009
decision_type=2 2 2 2 2 2 2 2 2 2 2 2 2 2 2 2 2 2 2 2 2 2 2 2 2 2 2 2 2 2
left_child=11 7 -3 -4 5 6 -5 9 -9 10 -2 12 13 20 15 16 -14 26 19 -18 -1 22 -21 -23 25 29 -15 -24 -26 -22
right_child=1 2 3 4 -6 -7 -8 8 -10 -11 -12 -13 14 17 -16 -17 18 -19 -20 21 24 23 27 -25 28 -27 -28 -29 -30 -31
leaf_value=0.00060752496602401861 0.15322300294183658 0.021146913522162129 -0.013533424498737298 0.0045074876393439078 -0.010120028576660249 0.029147300829350232 -0.031560938254317661 -0.014405395897257384 0.032846476385201266 -0.020306107793570571 -0.0019374348395083858 0.010503959793863225 0.015785935130808504 -0.033656812096913125 0.023485571822121389 0.013941272573619877 0.017368156640591173 0.028946978511651095 0.012858045492943128 -0.035244204436677751 -0.015720267137714992 -0.080317265466758589 -0.026976228295971644 0.022172701346627112 -0.0024049023327501035 -0.070815133602994934 0.013438854416318386 0.085329270460871534 0.076107636365984166 0.040630790217109289
leaf_weight=46821.942794799805 17.255230646580458 856.35219824314117 1770.6094165444374 2857.8504997342825 1545.4616570193321 969.48252841643989 308.71605111658573 332.47765016555786 360.40123236179352 2646.8754188269377 1156.0406999327242 3210.5115814208984 536.92873179912567 291.53250536252744 481.37434090208262 678.68595695495605 242.56647149473429 1749.992687985301 352.00596881099045 1631.5164830936119 2584.3076589852571 364.53597535192966 48.564877741038799 68.048030979931355 201.51660192012787 183.57290840148926 727.1846425421536 130.81048205494881 106.2212952375412 132.2053460329771
leaf_count=227363 195 3146 9246 13528 7785 4432 1501 2154 1283 14203 6098 14506 2659 3244 1648 6042 1087 7301 1596 32552 46047 6326 1952 565 2516 7193 10928 890 702 452
internal_value=-2.31454e-05 -0.00283838 0.0011919 -0.00110121 0.00277321 0.00759086 0.000991092 -0.0102581 0.0101727 -0.0139637 0.000344453 0.000573042 1.69388e-05 0.000727454 -0.00825512 -0.0120243 -0.0172459 0.018282 -0.0234951 -0.0286425 -0.000244035 -0.0336172 -0.0263128 -0.064195 -0.0126735 -0.0166389 -3.88e-05 0.0549232 0.0246951 -0.0129778
internal_weight=73365.5 12821.5 8308.47 7452.12 5681.51 4136.05 3166.57 4513.05 692.879 3820.17 1173.3 60544 57333.5 52798.5 4535.04 4053.66 3374.98 2768.71 2838.05 2486.04 50029.8 2243.48 1810.89 432.584 3207.82 2900.09 1018.72 179.375 307.738 2716.51
internal_count=439140 63571 39638 36492 27246 19461 15029 23933 3437 20496 6293 375569 361063 305746 55317 53669 47627 21473 44968 43372 284273 42285 35394 6891 56910 53692 14172 2842 3218 46499
is_linear=0
shrinkage=0.1


Tree=133
num_leaves=31
num_cat=0
split_feature=6 4 11 4 11 6 3 12 12 0 11 12 10 10 2 10 1 1 2 8 6 6 2 4 10 8 8 11 8 10
split_gain=12.286 61.5091 47.0204 62.4375 33.2785 34.9062 23.3507 25.8327 36.9167 35.1148 29.2177 26.6028 39.7725 34.3647 29.2376 33.1989 23.8972 55.8733 33.6661 25.4679 23.7223 22.5719 21.0621 24.8869 20.7954 20.5802 26.164 24.4691 23.7482 22.3113
threshold=25.500000000000004 25.500000000000004 0.35620300751879702 21.500000000000004 0.34641025641025641 28.500000000000004 1.0000000180025095e-35 3.5000000000000004 -1.4999999999999998 839.50000000000011 0.45773809523809522 1.0000000180025095e-35 6.9885000000000028 -18.985499999999991 18.500000000000004 -17.093499999999988 1.0000000180025095e-35 1.5000000000000002 15.500000000000002 83.493500000000012 44.500000000000007 44.500000000000007 22.500000000000004 52.500000000000007 -130.98249999999996 80.912500000000009 76.27300000000001 0.59234892787524374 81.934500000000014 -12.029999999999992
decision_type=2 2 2 2 2 2 2 2 2 2 2 2 2 2 2 2 2 2 2 2 2 2 2 2 2 2 2 2 2 2
left_child=-1 2 3 -2 5 -3 7 8 10 11 -6 12 13 -10 -15 -16 20 19 -19 -18 22 -9 23 -8 -12 26 -11 -28 -27 -30
right_child=1 4 -4 -5 6 -7 16 21 9 25 24 -13 -14 14 15 -17 17 18 -20 -21 -22 -23 -24 -25 -26 28 27 -29 29 -31
leaf_value=-0.00053514012915064876 -0.018064262498933267 -0.038851301586903461 -0.07524940489655961 0.092943945381534665 -0.0052082254908729564 0.10339922410698743 0.0081752439794975599 0.014122682217547684 -0.0098267519854846486 0.036012245214553588 -0.0096744862783509633 0.0025981798223122105 0.030758305527840726 -0.049242825938742851 -0.11804835454658757 0.026566199009375055 -0.40326891534734205 0.016217100989368894 -0.062483242555370237 -0.13656667962791877 -0.18215537811880422 0.071810556805741083 0.074975575052002266 -0.029182830272450791 0.024420794581999663 0.079146618741985392 -0.071160634587573379 -0.0023243048110030084 0.0045294111780200402 0.041582110803715579
leaf_weight=63343.597948266543 69.721557706594467 290.38527635112405 27.398586470633745 185.40878534317017 644.67867682129145 18.33967375382781 517.52460768073797 1354.7421404421329 1239.194510884583 88.477221185341477 205.37008732557297 1413.5961764901876 172.03969173133373 504.30711925588548 18.676310300827026 105.81556132808328 4.6427258253097561 106.1432247236371 111.40369892120361 15.648846566677092 7.3210041001439086 71.401376530528069 34.63598507642746 272.0650497674942 1387.2390403449535 63.448700904846191 83.13748431019485 136.2998440284282 547.68381552770734 231.07953749224544
leaf_count=382283 298 1696 309 621 2552 61 1740 6115 8623 464 1018 7388 760 9183 312 1236 27 355 449 77 41 427 115 849 5881 304 704 748 3008 1496
internal_value=-2.24996e-05 0.00324836 0.049239 0.0626078 0.00190121 -0.030401 0.00296932 0.00476796 0.00221569 -0.00290532 0.0127534 -0.00794524 -0.0152511 -0.0194885 -0.0385292 0.00487108 -0.0109356 -0.0388873 -0.0240846 -0.197588 -0.00294084 0.0170109 -0.00134901 -0.00469705 0.0200241 0.0122287 -0.00989448 -0.0284041 0.020317 0.0155239
internal_weight=73271.4 9927.83 282.529 255.13 9645.3 308.725 9336.57 8267.19 6841.04 4603.76 2237.29 3453.63 2040.03 1867.99 628.799 124.492 1069.39 237.838 217.547 20.2916 831.547 1426.14 824.226 789.59 1592.61 1150.13 307.915 219.437 842.212 778.763
internal_count=439140 56857 1228 919 55629 1757 53872 50219 43677 34226 9451 27502 20114 19354 10731 1548 3653 908 804 104 2745 6542 2704 2589 6899 6724 1916 1452 4808 4504
is_linear=0
shrinkage=0.1


Tree=134
num_leaves=31
num_cat=0
split_feature=1 9 9 6 7 11 7 2 1 11 4 9 2 9 2 2 8 10 10 2 10 8 2 4 5 2 8 8 2 6
split_gain=11.9013 14.8531 13.9849 14.2655 29.4834 25.1553 12.6834 64.94 54.4039 54.4276 96.4072 128.005 93.9542 72.9758 56.7398 76.2702 53.9851 53.0404 52.349 50.7903 56.4723 48.1835 50.0881 46.9536 46.7939 45.3341 46.4165 80.745 66.3321 44.5521
threshold=3.5000000000000004 2.8315000000000059 2.951000000000001 10.500000000000002 7.5000000000000009 0.17124060150375939 8.5000000000000018 3.5000000000000004 2.5000000000000004 0.21089696071163824 15.500000000000002 0.93549999999999767 18.500000000000004 -24.0975 10.500000000000002 6.5000000000000009 99.684000000000012 -1.0000000180025095e-35 -66.604999999999976 8.5000000000000018 36.390000000000022 114.04650000000002 7.5000000000000009 68.500000000000014 3.5000000000000004 16.500000000000004 94.959500000000006 97.813500000000019 20.500000000000004 31.500000000000004
decision_type=2 2 2 2 2 2 2 2 2 2 2 2 2 2 2 2 2 2 2 2 2 2 2 2 2 2 2 2 2 2
left_child=6 -2 -3 -4 -5 -6 7 -1 9 12 11 -11 13 -8 15 24 23 18 -16 20 -9 22 -22 -10 -15 -21 29 28 -28 -27
right_child=1 2 3 4 5 -7 8 19 16 10 -12 -13 -14 14 17 -17 -18 -19 -20 25 21 -23 -24 -25 -26 26 27 -29 -30 -31
leaf_value=-0.010359424568132936 -0.059130634749580614 0.26337412519859899 -0.041328106184452595 -0.077544388531030031 0.33307197766622393 0.026024602731702387 -0.017015009511061767 0.0093615624079938075 -0.0077092187723908278 -0.080104081816672043 -0.0015869578408531486 0.046350626532274043 -0.009875029610083786 0.016012147107413027 -0.0094064211987816698 -0.012938354483600485 -0.035202692232162956 -0.0041048916755220153 0.033149019123156154 -0.0042194429517423988 0.072797194647097538 -0.085502375729499216 -0.046187747968161517 0.093260117981686944 -0.097681073249435979 0.0079896985604890145 -0.05554924453475818 0.0055016201554145827 -0.0060417741841210558 0.038439704975368465
leaf_weight=3905.2645310383523 74.879978351294994 2.0978784561157218 31.33582373149693 7.8677884545177248 5.2692165747284871 5.4053441807627678 860.55613279342651 4912.8056306838989 3518.6399514768273 327.01665824139491 26940.677317923866 105.99533944576979 2928.0210742950439 3253.2750991331413 324.34082928299904 1426.5504699535668 795.19457924365997 598.25335191562772 2657.9403173923492 8733.2231540679932 309.50748543441296 24.635139048099518 39.945486441254616 46.66722427867353 36.608325827866793 6752.8822973463684 452.89206232130527 2961.2548098564148 672.49783460795879 517.30845271609724
leaf_count=29546 615 13 555 84 40 48 5868 29089 17526 5479 128041 396 24132 19889 2727 11942 4883 5227 18195 58575 1117 182 527 241 421 39790 2692 22699 4823 3778
internal_value=-1.92363e-05 -0.0306223 0.0104485 -0.000189517 0.069333 0.17759 3.38701e-05 0.00164521 -0.00104289 0.000128422 -0.00233933 -0.0491497 0.00571787 0.0107035 0.0135785 0.0063732 -0.0116424 0.0230696 0.0285209 0.0034926 0.0122135 0.0496672 0.0591962 -0.00638761 0.014747 0.00119761 0.00536324 -0.00316377 -0.0259651 0.0101564
internal_weight=73228.8 126.856 51.9761 49.8782 18.5423 10.6746 73102 29282.2 43819.7 39459.2 27373.7 433.012 12085.5 9157.52 8296.97 4716.43 4360.5 3580.53 2982.28 25377 5286.89 374.088 349.453 3565.31 3289.88 20090.1 11356.8 4086.64 1125.39 7270.19
internal_count=439140 1355 740 727 172 88 437785 192818 244967 222317 133916 5875 88401 64269 58401 32252 22650 26149 20922 163272 30915 1826 1644 17767 20310 132357 73782 30214 7515 43568
is_linear=0
shrinkage=0.1


Tree=135
num_leaves=31
num_cat=0
split_feature=6 11 10 4 5 6 4 4 6 4 4 9 9 11 9 2 11 9 0 2 2 6 8 8 10 9 3 10 7 0
split_gain=11.992 198.1 70.9867 41.8329 30.9186 93.1521 88.9462 55.7561 44.6592 120.827 56.9655 41.9905 49.912 41.9347 96.8939 50.051 39.0292 36.9076 36.7403 36.194 95.0055 75.2477 42.3848 77.4172 54.3514 46.6247 40.3846 38.2444 36.1072 52.7353
threshold=11.500000000000002 0.15277777777777893 -32.692999999999977 8.5000000000000018 1.5000000000000002 12.500000000000002 12.500000000000002 12.500000000000002 13.500000000000002 13.500000000000002 13.500000000000002 -0.97050000000000114 0.35249999999999915 0.22378240377062056 0.20100000000000054 24.500000000000004 0.18441295546558703 0.93549999999999767 180.50000000000003 13.500000000000002 14.500000000000002 20.500000000000004 102.18450000000001 98.149500000000018 107.94800000000002 18.97300000000001 1.0000000180025095e-35 -15.913500000000028 10.500000000000002 269.50000000000006
decision_type=2 2 2 2 2 2 2 2 2 2 2 2 2 2 2 2 2 2 2 2 2 2 2 2 2 2 2 2 2 2
left_child=-1 2 -2 -4 5 6 -3 11 10 16 13 -7 -13 -9 -15 17 -10 -16 -12 28 21 -21 23 26 25 -25 -22 -23 -11 -30
right_child=1 4 3 -5 -6 7 -8 8 9 19 18 12 -14 14 15 -17 -18 -19 -20 20 22 27 -24 24 -26 -27 -28 -29 29 -31
leaf_value=-0.0015258334980695876 0.071253435085418135 -0.039144340168868134 -0.045143392272784133 0.031585506973844012 0.0018145441891376816 0.056585919271516655 0.13782697049918829 -0.035952526086743604 0.067022066103417141 -0.017173055059896733 0.24097917003574057 -0.065664619112060466 0.034894397212680665 -0.072665122147078612 -0.1116874020672713 0.64151589806443488 -0.048742689155314843 0.24834665894556626 -0.045176710422861519 0.0024872043513437373 0.0047588391065414336 0.18381703405603142 0.030102339895635849 -0.04528015768295076 0.025895312533825227 0.04118841653561002 -0.041598718241325161 0.073766703206535 0.02013260322665579 -0.017916981788835353
leaf_weight=30675.245158618374 510.59724894165993 944.84165437053889 86.928691491484642 389.14477905631065 28962.27478561271 281.39367499947548 29.280340269207954 726.59526336076669 317.8959051896818 2746.7157559772022 12.907382107805462 78.427678890526295 133.1686959862709 22.71131058759056 3.6548637710511747 2.5905196554958811 32.060164400376379 12.88560878485441 6.8775371331721535 131.91340465098619 3875.7300737081096 44.28658127784729 402.0824117064476 783.19669627025723 155.53052091598511 67.753731906414032 197.49652806576341 110.04276683926582 776.24073010496795 686.29674196429551
leaf_count=201431 1391 9238 460 1296 144553 725 154 6264 821 21601 47 1008 413 1087 147 27 379 39 50 921 26404 94 2012 7195 937 432 1232 328 4602 3852
internal_value=-1.87728e-05 0.00106817 0.0453534 0.0175752 1.64191e-05 -0.00412246 -0.0338249 -0.00162999 -0.00308952 -0.00133837 -0.026033 0.0312782 -0.00237756 -0.0303466 0.067 0.232803 0.0564166 0.168792 0.141507 -0.00336414 0.00178104 0.0579446 -0.00115165 -0.00362555 -0.0284606 -0.0383954 0.00251112 0.105347 -0.0104147 0.00227781
internal_weight=73206.8 42531.5 986.671 476.073 41544.9 12582.6 974.122 11608.5 11115.5 10327.2 788.222 492.99 211.596 768.438 41.8423 19.131 349.956 16.5405 19.7849 9977.29 5768.03 286.243 5481.79 5079.71 1006.48 850.95 4073.23 154.329 4209.25 1462.54
internal_count=439140 237709 3147 1756 234562 90009 9392 80617 78471 70810 7661 2146 1421 7564 1300 213 1200 186 97 69610 39555 1343 38212 36200 8564 7627 27636 422 30055 8454
is_linear=0
shrinkage=0.1


Tree=136
num_leaves=31
num_cat=0
split_feature=2 2 6 2 10 4 12 9 10 10 10 10 10 9 12 8 6 10 5 8 8 7 10 10 2 2 3 9 9 10
split_gain=11.9711 69.0023 75.5939 61.4174 137.492 58.7557 55.1545 50.1326 49.3283 47.4201 62.2408 76.4308 70.0827 52.6266 46.8667 47.4254 46.7462 44.7283 44.1541 79.3958 103.149 73.461 59.791 58.2261 94.0248 65.8575 68.3913 68.1074 113.937 55.6306
threshold=15.500000000000002 17.500000000000004 13.500000000000002 13.500000000000002 -143.90399999999997 9.5000000000000018 3.5000000000000004 -2.896999999999998 -52.688000000000024 -18.906500000000001 57.781500000000001 77.53100000000002 -0.9305000000000021 1.9234999999999969 5.5000000000000009 123.58200000000001 27.500000000000004 -24.849499999999995 1.5000000000000002 77.035000000000011 82.438500000000019 12.500000000000002 -16.912500000000247 -99.405499999999861 19.500000000000004 19.500000000000004 1.0000000180025095e-35 0.84649999999999903 -0.6385000000000004 -153.04499999999996
decision_type=2 2 2 2 2 2 2 2 2 2 2 2 2 2 2 2 2 2 2 2 2 2 2 2 2 2 2 2 2 2
left_child=3 2 7 8 -5 -6 -7 14 -1 17 12 16 13 -11 15 -2 -12 -4 21 -20 29 -3 23 24 -22 26 27 28 -25 -21
right_child=1 18 9 4 5 6 -8 -9 -10 10 11 -13 -14 -15 -16 -17 -18 -19 19 20 22 -23 -24 25 -26 -27 -28 -29 -30 -31
leaf_value=0.0058316082991362247 -0.012181467220494166 0.00011930593730236234 0.00036712928224826084 -0.049862623098393094 -0.010066229750839185 0.016721506562456349 0.049134541073476971 -0.047357322736802765 -0.0022891974888049177 -0.032390734110473968 0.054213491516485635 -0.0037058998099492864 -0.082413733900753905 0.045903203965373167 -0.066177462367637982 0.1567054169891948 0.26179757337840942 0.044141266489189701 -0.024961395138411238 -0.052445891706814268 -0.029042977790848652 -0.022072531345613124 0.012503576507660461 -0.0038231464458919721 0.034956444788008537 -0.01420457813767026 -0.04845568505761657 -0.028367321306722704 0.066264600738347335 0.022481578674065108
leaf_weight=10103.344285607338 1614.1530219838023 7109.5425503484439 2767.5697526931763 324.21269404888153 624.42484549432993 2515.2511279024184 663.45328201726079 686.99492562189698 28807.038278234832 398.28175756335258 26.532984919846058 227.40095649659634 226.42114127799869 109.44272676110268 166.24644882231951 16.800268888473511 18.351275019347668 254.92623043060303 867.44629356940277 101.87693801522255 322.03352892398834 1887.726909160614 3078.8603736460209 454.36496737599373 799.3902413547039 4418.8919959827326 168.06406570412219 234.44681765511632 473.81689296709374 3622.8161047399044
leaf_count=48474 9842 56751 11065 1113 6556 15317 2384 9790 177820 6843 151 922 1517 300 1081 84 51 886 5802 435 993 18243 12885 1961 2837 22624 635 842 2765 18171
internal_value=-1.96682e-05 -0.00155119 -0.0106607 0.00104976 0.0126487 0.0179777 0.0234867 -0.0243806 -0.000180575 -0.00220114 -0.021002 0.0198323 -0.0361469 -0.0155141 -0.0155975 -0.0104418 0.139086 0.00405917 0.000969334 0.00437602 0.00623704 -0.00453679 0.000923147 -0.00426598 0.0165781 -0.00833149 0.0111715 0.019791 0.0319551 0.0204322
internal_weight=73090.1 30052.4 6513.12 43037.7 4127.34 3803.13 3178.7 2484.19 38910.4 4028.93 1006.43 272.285 734.146 507.724 1797.2 1630.95 44.8843 3022.5 23539.3 14542 13674.6 8997.27 9949.87 6871.01 1121.42 5749.58 1330.69 1162.63 928.182 3724.69
internal_count=439140 187476 42532 251664 25370 24257 17701 20797 226294 21735 9784 1124 8660 7143 11007 9926 202 11951 144944 69950 64148 74994 45542 32657 3830 28827 6203 5568 4726 18606
is_linear=0
shrinkage=0.1


Tree=137
num_leaves=31
num_cat=0
split_feature=10 12 9 7 7 11 9 0 0 11 2 6 9 9 0 12 10 2 2 1 2 2 2 10 3 7 8 8 8 0
split_gain=11.6403 12.4933 15.6361 16.5896 13.9366 17.0216 17.6847 15.2342 13.6438 12.4826 14.0328 11.896 11.805 11.4671 17.3931 11.9668 10.8888 75.5322 52.4631 58.6236 55.2522 91.7135 72.9927 49.5077 53.29 46.3764 42.9833 41.0967 37.2772 36.4633
threshold=136.15100000000004 1.5000000000000002 22.953500000000002 7.5000000000000009 2.5000000000000004 0.066228070175438566 -9.5434999999999999 164.50000000000003 1.0000000180025095e-35 0.25987012987012992 21.500000000000004 5.5000000000000009 -0.086999999999996136 1.5880000000000012 845.50000000000011 9.5000000000000018 99.076000000000008 23.500000000000004 14.500000000000002 1.5000000000000002 7.5000000000000009 2.5000000000000004 9.5000000000000018 114.52200000000005 1.0000000180025095e-35 3.5000000000000004 82.738500000000016 90.796000000000006 93.903500000000022 795.50000000000011
decision_type=2 2 2 2 2 2 2 2 2 2 2 2 2 2 2 2 2 2 2 2 2 2 2 2 2 2 2 2 2 2
left_child=16 2 4 -4 7 6 -6 -2 -7 -10 -11 -8 -3 14 -14 -15 -1 18 19 -18 21 -21 -22 24 26 -19 -24 -23 -26 -20
right_child=1 12 3 -5 5 8 11 -9 9 10 -12 -13 13 15 -16 -17 17 25 29 20 22 27 23 -25 28 -27 -28 -29 -30 -31
leaf_value=-0.00016080686386415143 0.016878406782504188 -0.096294738432575452 -0.074582324603750361 0.168639711728476 0.31446304806044262 0.069779843090035182 -0.11099497447564535 0.30431776620026091 -0.079468567294354142 0.03634460018919513 -0.087957769254266377 0.13802577430931415 -0.026775778152883574 -0.067567453393280671 0.28222981043333839 0.084635851075325452 -0.02995307018182914 -0.011305035412981938 -0.035787515580652261 -0.043184023347548756 -0.070168934240210132 0.15792846538968017 0.099781581016305354 -0.026344183997329046 -0.0054108544212239859 0.079694434830996211 0.0080743589663099073 0.064287550050375966 0.25091532735188427 0.0074174941541204735
leaf_weight=70618.720441608923 5.8363891839981061 36.467317974194884 3.9658202826976767 9.5752286911010724 2.7560190223157406 10.822728099301456 3.668501038104294 2.6954062432050705 55.422030018642545 26.460025057196617 13.828645244240759 4.0211145579814911 4.7733463402837506 31.532856147736311 2.945659764111042 6.1777343563735476 231.28178247064352 76.737872891128063 506.46300131082535 68.189235746860504 99.757674537599087 62.427681177854538 71.510061360895634 127.41690540313721 7.8739228006452349 207.27688140422106 179.14140362478793 188.0396955832839 20.302861154079437 317.98104494810104
leaf_count=424278 47 269 30 41 15 28 76 12 603 104 80 12 41 245 14 23 1071 346 3836 781 1237 143 305 1081 49 845 1269 498 62 1699
internal_value=-1.62463e-05 -0.0229343 -0.00468536 0.0974063 -0.0156998 -0.024699 0.0971218 0.107688 -0.0366435 -0.0486776 -0.00632083 0.0192249 -0.0539191 -0.0199032 0.0911442 -0.0426336 5.33265e-05 0.00703994 -0.000220192 0.0145391 0.0270172 0.0596348 0.00647615 0.0252971 0.0488958 0.0551073 0.0342381 0.0876271 0.179286 -0.0191237
internal_weight=73004.1 220.949 139.052 13.541 125.511 116.979 10.4456 8.5318 106.533 95.7107 40.2887 7.68962 81.8969 45.4296 7.71901 37.7106 72783.1 2164.4 1880.39 1055.94 824.659 318.657 506.003 406.245 278.828 284.015 250.651 250.467 28.1768 824.444
internal_count=439140 1640 1048 71 977 918 103 59 815 787 184 88 592 323 55 268 437500 13222 12031 6496 5425 1422 4003 2766 1685 1191 1574 641 111 5535
is_linear=0
shrinkage=0.1


Tree=138
num_leaves=31
num_cat=0
split_feature=9 11 12 2 2 5 8 7 2 3 9 10 8 9 3 2 11 7 8 10 5 8 9 2 8 6 2 7 6 10
split_gain=11.3449 40.527 28.0948 27.0038 31.3083 30.7186 37.6426 28.3883 37.2794 23.1085 23.692 22.81 37.4511 22.4893 56.4798 47.5976 48.6079 54.7344 51.8152 33.9145 32.6716 44.2529 31.7646 76.134 43.9464 38.5471 35.6744 34.6771 46.0525 38.5232
threshold=-15.892499999999997 0.14379699248120298 -11.499999999999998 17.500000000000004 16.500000000000004 2.5000000000000004 120.69250000000001 13.500000000000002 19.500000000000004 1.0000000180025095e-35 -32.734999999999992 -14.524000000000276 89.933500000000024 -9.958499999999999 1.0000000180025095e-35 6.5000000000000009 0.152475845410628 6.5000000000000009 83.958500000000015 -77.979000000000113 1.5000000000000002 82.860500000000016 -11.935999999999998 14.500000000000002 82.228500000000011 4.5000000000000009 24.500000000000004 5.5000000000000009 18.500000000000004 -54.857500000000002
decision_type=2 2 2 2 2 2 2 2 2 2 2 2 2 2 2 2 2 2 2 2 2 2 2 2 2 2 2 2 2 2
left_child=1 3 -3 4 5 6 -1 9 -9 10 11 12 -5 14 15 16 17 -2 19 -19 21 -21 25 24 27 -17 -25 28 -24 -30
right_child=13 2 -4 7 -6 -7 -8 8 -10 -11 -12 -13 -14 -15 -16 22 -18 18 -20 20 -22 -23 23 26 -26 -27 -28 -29 29 -31
leaf_value=-0.014297365837663329 -0.021270552839196523 0.046116877651990344 0.0050656563063087674 0.063015775805447191 -0.10462496203967064 -0.12662907332407339 0.11543577560892811 0.029143887684635023 -0.051946536781417529 -0.07940914440479177 0.0090731277164594129 0.1209611453591854 -0.073722426758928095 0.00026091154197442379 -0.017996415764185047 -0.040767969096567561 0.0027157685128098865 -0.05589914107620049 0.0075248296940973736 0.071322472577526608 0.007722639403786119 0.16464005246853922 -0.052959126724457031 0.0050648922639648167 -0.02076913541494764 0.0030281757534239648 -0.084641193514437357 -0.045184053298286536 -0.056418242212541818 -0.24456764995725827
leaf_weight=1505.1238123439252 121.75482992827892 169.78066666051745 9232.3271295949817 88.711452369578183 39.195680618286133 23.897761106491089 22.702796846628189 87.8328877389431 159.90756753087044 24.036977579817176 453.3188717532903 38.672655939124525 25.871760059148073 51548.144834520353 2482.984501760453 214.39585028216243 1309.7459059245884 17.265815321356058 152.11465605534613 145.43055312894285 41.916775330901146 78.112440060824156 54.623264092952013 1009.545977473259 445.09667292237282 3207.9193772263825 46.367651700973511 192.51778507605195 15.869437739253042 34.627354852855206
leaf_count=12410 1241 521 34573 315 575 129 176 336 1154 205 2352 203 274 342929 9135 2136 4969 134 906 687 109 329 460 5082 2359 14029 195 903 112 202
internal_value=-1.61592e-05 0.00281266 0.00580695 -0.00858852 -0.0163588 -0.0141293 -0.0123696 0.00548549 -0.0231971 0.0167536 0.0205643 0.0545544 0.0321416 -0.000565617 -0.00501752 -0.000470461 0.0132362 0.0379923 0.0545858 0.079906 0.0887389 0.10393 -0.00537019 -0.0161295 -0.0406604 0.000284503 0.00112569 -0.0704063 -0.116599 -0.185439
internal_weight=72989.8 11871.4 9402.11 2469.27 1590.92 1551.72 1527.83 878.352 247.74 630.612 606.575 153.256 114.583 61118.4 9570.29 7087.3 1866.34 556.595 434.84 282.726 265.46 223.543 5220.96 1798.65 742.735 3422.32 1055.91 297.638 105.12 50.4968
internal_count=439140 53223 35094 18129 13290 12715 12586 4839 1490 3349 3144 792 589 385917 42988 33853 8375 3406 2165 1259 1125 1016 25478 9313 4036 16165 5277 1677 774 314
is_linear=0
shrinkage=0.1


Tree=139
num_leaves=31
num_cat=0
split_feature=8 2 10 8 5 11 11 2 11 2 0 2 8 2 9 7 7 11 1 10 10 1 12 11 7 10 10 2 10 10
split_gain=11.6654 25.9284 22.0853 20.8864 23.4779 25.2372 29.3657 24.5725 22.8424 22.77 20.988 24.5757 20.5918 45.5597 37.8571 34.6432 32.1271 31.0199 24.5049 19.7911 41.2328 27.8568 25.3943 21.2583 19.592 18.8039 32.4362 19.5654 18.0825 17.3289
threshold=114.04650000000002 24.500000000000004 86.238000000000028 129.10850000000002 1.5000000000000002 0.77167919799498763 0.69504830917874405 2.5000000000000004 0.47402159244264502 4.5000000000000009 828.50000000000011 15.500000000000002 111.01200000000001 3.5000000000000004 0.93549999999999767 7.5000000000000009 19.500000000000004 0.17124060150375939 1.0000000180025095e-35 -22.795499999999993 -6.8104999999999967 1.0000000180025095e-35 -3.4999999999999996 0.069605943152454761 1.5000000000000002 -9.4024999999999928 -13.102500000000004 21.500000000000004 46.755500000000019 -104.39899999999999
decision_type=2 2 2 2 2 2 2 2 2 2 2 2 2 2 2 2 2 2 2 2 2 2 2 2 2 2 2 2 2 2
left_child=12 2 3 4 24 6 7 -6 10 -7 11 -5 -1 15 16 -14 18 -17 -15 21 22 -13 -21 -24 -2 26 -9 -27 -22 -26
right_child=1 -3 -4 8 5 9 -8 25 -10 -11 -12 19 13 14 -16 17 -18 -19 -20 20 28 -23 23 -25 29 27 -28 -29 -30 -31
leaf_value=8.5540114471628136e-07 -0.092012233421940856 -0.098923201855247167 -0.081065738575435753 0.0082572192046279497 -0.11775454886107251 0.33116496930063311 -0.15116477727317859 -0.022258451206697383 -0.038575051085621537 0.038992306800329002 -0.016569967048797582 0.17918286883335127 -0.03672524726948545 0.02900427197312043 0.021498228507751627 0.10066589505027701 0.19248970630406112 0.014528137248228252 -0.058051750962597175 -0.03938473168153081 0.043253042353791564 -0.094867018453606927 0.3595888333339472 0.13997337662954809 -0.12659869565023465 0.0054372346284996941 -0.11120369489690927 -0.087957542105781356 0.20919751532125452 0.009853623430503217
leaf_weight=70564.971005580854 20.636629348620772 30.993627309799194 38.862370803952217 133.16451496398076 27.00671983929351 3.2242684974335161 18.934655345976353 212.96943790838122 68.997509741224349 15.443293051328508 93.211171756964177 4.9971020268276343 34.976348185911775 40.715208479203284 335.13591506145895 124.29416352137923 6.1208632458001366 62.99713708460331 157.06969059351832 3.3998099565506008 84.665944772772491 14.390840720385313 9.6172337606549281 8.1366845164448005 9.4809167813509685 264.96747667563614 50.77504238684196 24.505189975723624 7.1185927391052237 507.31505403481424
leaf_count=422176 191 344 361 1040 205 14 168 933 583 120 661 13 212 265 1512 414 47 247 2431 23 675 137 68 30 88 1497 363 145 25 4152
internal_value=-1.51185e-05 -0.00832058 -0.00658913 -0.00476069 -0.0117499 -0.0250458 -0.0286133 -0.024614 0.0141178 0.0894565 0.0242535 0.0385862 0.00017734 0.0165356 0.000826979 0.0546319 -0.0331479 0.0716927 -0.0401307 0.0691072 0.0851308 -0.0242326 0.210992 0.258938 0.00353495 -0.0200671 -0.0393818 -0.00246906 0.0561233 0.00735033
internal_weight=72979.1 1652.81 1621.82 1582.96 1155.26 617.826 599.159 580.224 427.699 18.6676 358.702 265.491 71326.3 761.309 539.042 222.268 203.906 187.291 197.785 132.326 112.938 19.3879 21.1537 17.7539 537.433 553.217 263.744 289.473 91.7845 516.796
internal_count=439140 11836 11492 11131 7876 3445 3311 3143 3255 134 2672 2011 427304 5128 4255 873 2743 661 2696 971 821 150 121 98 4431 2938 1296 1642 700 4240
is_linear=0
shrinkage=0.1


Tree=140
num_leaves=31
num_cat=0
split_feature=11 4 10 6 10 2 6 11 0 12 10 11 2 11 6 4 12 11 9 11 12 7 8 4 1 10 4 9 10 10
split_gain=11.2924 22.9148 27.8739 42.7186 28.5935 19.6922 17.4464 97.8506 36.0529 26.12 37.3446 25.8791 25.8921 23.5014 54.1783 37.7689 28.5399 21.823 46.769 25.477 26.4742 21.7425 34.9732 29.7929 36.8781 34.4482 20.7951 19.7325 30.2119 28.3492
threshold=0.013986697965569402 1.5000000000000002 -2.9474999999999976 1.5000000000000002 1.0000000180025095e-35 1.0000000180025095e-35 2.5000000000000004 0.027973395931138855 801.50000000000011 -1.0000000180025095e-35 -50.765500000000067 0.039250700280112009 23.500000000000004 0.041960093896713561 3.5000000000000004 3.5000000000000004 -2.4999999999999996 0.7181292885518239 -15.032499999999997 0.50324675324675006 -10.499999999999998 18.500000000000004 100.26200000000001 2.5000000000000004 2.5000000000000004 -43.569999999999887 2.5000000000000004 2.2704999999999989 -61.749000000000002 -84.338000000000036
decision_type=2 2 2 2 2 2 2 2 2 2 2 2 2 2 2 2 2 2 2 2 2 2 2 2 2 2 2 2 2 2
left_child=5 2 3 -2 -4 -1 9 8 -8 10 -3 12 21 14 27 16 -15 19 -19 -12 -21 23 26 25 -25 -9 -23 -13 29 -29
right_child=1 6 4 -5 -6 -7 7 11 -10 -11 17 13 -14 15 -16 -17 -18 18 -20 20 -22 22 -24 24 -26 -27 -28 28 -30 -31
leaf_value=-0.097292228096344455 -0.10301969892815288 -0.057961876034648967 -0.078716423807141847 0.092262597835230151 0.23300612393848219 0.015230546895040168 0.086555235583215581 0.087764412032837053 0.014237388961940304 -0.025251194615708003 0.015175872542898575 0.0048072256303768046 0.056095692505146066 0.035733414498039261 0.046897206260409878 1.0728728699350054e-05 -0.057924215383554946 0.6694909041190068 -0.10430889904150692 0.2684874778602846 -0.097459797284115746 0.16027087599355358 0.21908675987661042 -0.048940125854081688 0.030000352058258919 -0.14522794820109433 -0.1230752842558325 -0.11244859344495456 -0.062887347538334207 0.35768584003116161
leaf_weight=15.916821809136307 17.395541369915009 88.979493677616119 97.63652940094471 31.461730316281319 3.0340348854660979 680.4285831451416 175.8473507470917 7.4549554381519547 113.38701147586107 674.23297537863255 559.67165386257693 299.87333595752716 35.605134814977646 39.57771810144186 342.67686299979687 69122.39140910469 182.87077311170287 1.5322408340871336 1.5933119603432704 2.1093444488942614 31.485881553962827 3.6377717256546029 8.698346406221388 214.77730803005397 81.686964653432369 42.650186758488417 8.9941301345825195 2.0629045143723488 85.592938277870417 3.390932146459817
leaf_count=343 887 1147 4317 151 52 10813 464 19 358 10085 6492 3467 219 334 915 389430 3771 10 62 26 567 12 23 3298 292 300 87 36 1134 29
internal_value=-1.50443e-05 -0.000137141 -0.0392435 0.0227327 -0.0693217 0.0126585 -5.60733e-05 0.000159488 0.0582049 -0.0112766 0.00247083 -7.8711e-05 -0.0253312 6.66902e-05 0.0178713 -0.000121664 -0.0412608 0.0114872 0.275031 0.0100987 -0.0744831 -0.0332116 0.0647797 -0.0392427 -0.0271891 -0.110562 -0.0414764 -0.00757248 -0.0483465 0.179858
internal_weight=72976.7 72280.3 149.528 48.8573 100.671 696.345 72130.8 70771.2 289.234 1359.6 685.372 70481.9 403.505 70078.4 733.597 69344.8 222.448 596.392 3.12555 593.267 33.5952 367.9 21.3302 346.569 296.464 50.1051 12.6319 390.92 91.0468 5.45384
internal_count=439140 427984 5407 1038 4369 11156 422577 404188 822 18389 8304 403366 4250 399116 5581 393535 4105 7157 72 7085 593 4031 122 3909 3590 319 99 4666 1199 65
is_linear=0
shrinkage=0.1


Tree=141
num_leaves=31
num_cat=0
split_feature=12 12 6 8 8 10 11 9 8 9 8 1 11 1 0 12 7 10 8 10 4 8 8 8 9 10 4 0 2 11
split_gain=10.8391 20.967 29.6889 21.8565 23.0658 39.3896 22.6964 20.8849 27.6471 25.2882 25.0616 33.8566 30.4396 30.4148 29.7263 19.9331 25.8823 41.9788 32.7126 32.0978 33.0091 33.7172 21.7102 51.4945 57.4413 49.0748 48.3084 59.1494 48.2917 48.0624
threshold=11.500000000000002 6.5000000000000009 34.500000000000007 71.145500000000013 70.566500000000005 -34.306499999999986 0.097222222222221114 6.6524999999999972 93.816500000000005 -6.5255000000000001 82.080500000000015 2.5000000000000004 0.27475490196078439 1.0000000180025095e-35 828.50000000000011 4.5000000000000009 7.5000000000000009 9.1395000000000071 71.145500000000013 -31.868499999999994 39.500000000000007 79.917500000000018 76.059500000000014 78.879500000000021 -35.073999999999984 86.238000000000028 35.500000000000007 114.50000000000001 8.5000000000000018 0.76071647274954091
decision_type=2 2 2 2 2 2 2 2 2 2 2 2 2 2 2 2 2 2 2 2 2 2 2 2 2 2 2 2 2 2
left_child=1 15 3 4 -3 -6 -7 8 9 -5 11 12 13 -11 -14 22 -17 19 -19 20 21 -18 -1 24 -24 26 27 -26 -27 -28
right_child=-2 2 -4 7 5 6 -8 -9 -10 10 -12 -13 14 -15 -16 16 17 18 -20 -21 -22 -23 23 -25 25 28 29 -29 -30 -31
leaf_value=0.0062631520687380085 0.011735919739815583 0.032191418968152155 0.044511323803497281 -0.016253592048047338 -0.13281099019552223 0.18336352358849811 -0.040999823571569526 -0.020137574950541869 0.0082972214407153865 -0.032826512143582787 -0.0097422987584249096 -0.065284814508460895 0.029507960166541843 0.10283073859158043 -0.085895824255504849 -0.0032193278295618343 -0.017947840334895205 0.22573123725564073 -0.02138092438429471 0.025996173284534026 -0.019618241637827116 0.020320871005749801 0.024404735984919993 0.00015302429207473037 -0.0039604598214589655 0.076196693121274833 0.0054989067717824752 -0.038281568880794523 -0.013198620966375722 -0.031358880835571631
leaf_weight=4784.0637391266646 776.4810102134943 22.510278075933456 111.88486919179559 1737.812303610146 49.168934814631939 6.6888447180390385 13.833126991987227 925.60588502883911 1322.857540320605 20.108025886118412 448.64351236820221 35.470432117581367 146.20877436362207 92.807032629847527 26.34166350401938 2002.9780318364501 285.14820423722267 5.4245818257331839 430.39660710096359 1430.2409918680787 394.00338637828827 1195.4382326304913 421.91743278503418 51989.783200711012 758.95168116316199 115.53016606718302 1291.2050673961639 1483.9943290390074 126.69972728192806 487.31584789603949
leaf_count=25292 3330 77 536 7795 268 34 66 4659 6344 93 1854 123 515 362 119 9929 1275 19 2229 5619 1528 5013 1647 328662 6667 474 7014 13089 1056 3452
internal_value=-1.59665e-05 -0.000142418 -0.00641674 -0.00759207 -0.0558149 -0.0842411 0.0321282 -0.00665718 -0.00339955 -0.00957057 0.00552058 0.0268569 0.0383059 0.0786728 0.0118903 0.00032066 0.00595436 0.0108665 -0.0183052 0.0147135 0.00610528 0.0129506 -0.000205832 -0.00075189 -0.0107925 -0.0142754 -0.0169085 -0.0266682 0.029438 -0.00460015
internal_weight=72939.5 72163 4959.94 4848.06 92.2012 69.6909 20.522 4755.86 3830.25 2507.39 769.579 320.936 285.465 112.915 172.55 67203.1 5743.63 3740.65 435.821 3304.83 1874.59 1480.59 61459.5 56675.4 4685.61 4263.7 4021.47 2242.95 242.23 1778.52
internal_count=439140 435810 22845 22309 445 368 100 21864 17205 10861 3066 1212 1089 455 634 412965 25612 15683 2248 13435 7816 6288 387353 362061 33399 31752 30222 19756 1530 10466
is_linear=0
shrinkage=0.1


Tree=142
num_leaves=31
num_cat=0
split_feature=4 11 9 9 8 1 6 2 4 8 2 0 11 2 9 0 12 0 3 6 12 12 0 0 6 10 10 6 5 10
split_gain=10.7966 47.8169 53.5461 37.7098 27.2537 28.8236 26.5827 32.9096 24.4013 23.3115 21.5887 29.9824 20.2646 19.7919 18.2768 32.5358 18.1996 21.6493 18.1295 32.711 21.8905 21.3716 27.3398 25.4803 27.6271 23.9268 22.4438 21.9447 18.8067 18.4993
threshold=61.500000000000007 0.80735492577597856 1.5880000000000012 -2.1225000000000018 112.92400000000002 2.5000000000000004 43.500000000000007 5.5000000000000009 54.500000000000007 94.959500000000006 9.5000000000000018 797.50000000000011 0.82478070175438611 7.5000000000000009 3.1674999999999973 442.50000000000006 2.5000000000000004 305.50000000000006 1.0000000180025095e-35 31.500000000000004 -1.4999999999999998 2.5000000000000004 782.50000000000011 98.500000000000014 50.500000000000007 -20.729499999999998 -33.383000000000095 11.500000000000002 2.5000000000000004 -42.685000000000002
decision_type=2 2 2 2 2 2 2 2 2 2 2 2 2 2 2 2 2 2 2 2 2 2 2 2 2 2 2 2 2 2
left_child=1 -1 3 10 6 12 16 -8 -4 -9 11 13 -6 -3 15 -10 -5 -18 20 -20 -2 22 23 25 -25 26 -22 -24 -21 -29
right_child=18 2 8 4 5 -7 7 9 14 -11 -12 -13 -14 -15 -16 -17 17 -19 19 28 21 -23 27 24 -26 -27 -28 29 -30 -31
leaf_value=0.00011044581551040803 0.035995296086547328 -0.15133037696470295 0.069086842767457191 -0.060220827690075307 0.85860773168609272 -0.10846250971653677 -0.1064722316630906 0.053889186980639409 -0.20900208827205879 0.30553579032694778 0.022229017966291835 0.012212603377402036 0.21429045775892128 -0.026525942930518721 0.015866332077705925 0.023019658120807578 0.087039630579947375 -0.068128804293704326 0.0020975330493352633 -0.11617435330199029 -0.0064637464887796663 0.031696660165927967 -0.11391776422788449 -0.086321752694999129 0.12935423550466779 -0.052055231190708477 0.076215123845869148 -0.0062718481081764452 0.0054298928753679374 0.03330448699573587
leaf_weight=70173.216223526455 310.85433207452297 26.743638455867767 75.961010567843914 484.05729944631457 0.81978630903176908 1.4547585744876417 10.899275306612251 18.219928614795212 10.882449425756933 4.6132595725357524 154.2329819239676 60.17295428737998 1.2065792530775068 24.20860630273819 104.39430682733655 13.592453751713036 18.951575817540288 17.10898712836206 240.8657196033746 42.720601182430983 145.91404772549868 250.03803027421236 13.148701228201388 79.310940085910261 6.4200280532240859 83.946444895118475 42.365646346472204 200.84894984774292 18.108846306800842 286.70726191438735
leaf_count=410249 980 129 207 17847 18 64 359 215 52 27 549 192 34 113 304 41 71 82 700 157 681 826 242 1273 25 929 222 824 50 1678
internal_value=-1.39524e-05 -0.000203141 -0.0216192 -0.0330098 -0.0477828 0.231146 -0.049536 0.0364902 0.0241307 0.104732 -0.00198209 -0.0355852 0.474955 -0.0920329 -0.00236834 -0.0801458 -0.0551152 0.0134197 0.00781197 -0.01445 0.0125433 0.00596784 -0.00152426 -0.0226281 -0.0701707 -0.00765577 0.0121402 0.013563 -0.0799729 0.017001
internal_weight=72922 71200.7 1027.52 822.69 557.331 3.48112 553.85 33.7325 204.83 22.8332 265.358 111.125 2.02637 50.9522 128.869 24.4749 520.118 36.0606 1721.25 301.695 1419.55 1108.7 858.662 357.957 85.731 272.226 188.28 500.705 60.8294 487.556
internal_count=439140 430553 20304 19700 18717 116 18601 601 604 242 983 434 52 242 397 93 18000 153 8587 907 7680 6700 5874 3130 1298 1832 903 2744 207 2502
is_linear=0
shrinkage=0.1


Tree=143
num_leaves=31
num_cat=0
split_feature=7 2 2 1 9 10 4 1 2 11 4 9 2 2 2 7 1 10 10 6 11 9 3 8 5 3 8 2 10 8
split_gain=10.8141 48.538 46.4949 57.2236 74.8781 48.262 43.9398 42.1039 46.2314 44.6781 80.1133 102.874 69.9584 59.9781 76.9008 51.0854 58.5545 49.5115 59.5938 52.2556 46.8468 41.6753 40.7394 40.1351 60.8393 43.2737 40.3978 38.0594 47.7507 45.3801
threshold=8.5000000000000018 3.5000000000000004 6.5000000000000009 1.5000000000000002 15.842500000000003 -221.06449999999998 21.500000000000004 2.5000000000000004 9.5000000000000018 0.21089696071163824 15.500000000000002 0.93549999999999767 18.500000000000004 10.500000000000002 6.5000000000000009 12.500000000000002 1.5000000000000002 -1.0000000180025095e-35 -66.604999999999976 6.5000000000000009 0.21483516483516482 -14.066999999999998 1.0000000180025095e-35 83.927500000000023 1.5000000000000002 1.0000000180025095e-35 81.316500000000005 12.500000000000002 -19.954499999999999 83.927500000000023
decision_type=2 2 2 2 2 2 2 2 2 2 2 2 2 2 2 2 2 2 2 2 2 2 2 2 2 2 2 2 2 2
left_child=1 6 3 -3 -5 -4 -1 9 22 12 11 20 13 14 15 16 -2 18 21 -20 -11 -15 -9 24 26 -25 -10 28 -21 -29
right_child=7 2 5 4 -6 -7 -8 8 23 10 -12 -13 -14 17 -16 -17 -18 -19 19 27 -22 -23 -24 25 -26 -27 -28 29 -30 -31
leaf_value=-0.021032433676492844 -0.045145085220848202 -0.0047243912103756254 0.063991581359584646 0.030517689930932259 -0.018328210323592713 0.001015611886102734 0.00039829953565512997 -0.016981040281794427 0.02167494162715795 -0.013507628899421406 -0.001531425696717699 0.039507723461420334 -0.0084282691860294717 -0.059331821498568117 -0.014843364815795118 0.019397470808401041 0.006752730803240928 -0.00652022739276506 0.01258962827149052 0.084768877944585222 -0.09892740732694566 0.011726893719792877 -0.062194145120212319 0.018530844272856409 0.0072722412972179816 -0.02003992087025144 -0.051009594341808642 0.059437989163965789 -0.0039448470626931957 0.019203858897275938
leaf_weight=1692.3085724909906 290.29488070309162 1122.7467136383057 122.37640154361725 1969.3382787704468 373.32595729827881 21702.135698676109 2201.0413049459457 1518.0202614683658 91.099557552952319 90.099148600478657 26876.57816617284 106.18478219211102 2897.2879467010498 132.38611431419849 1728.2303276062012 2349.9142045974731 865.7897891998291 643.484211191535 1198.2327197194099 310.89668111130595 223.39220403123181 219.19074732065201 229.40722891362384 1131.4796260360163 553.32665291335434 391.52751033683307 476.06324195861816 407.06282026180997 75.385217685252428 900.45720391860232
leaf_count=16934 1511 5869 409 11211 2346 144149 12612 9984 425 725 128041 396 24132 1215 14814 12772 7167 5629 9551 1100 4754 1833 1244 5270 2770 1624 1976 1958 712 6007
internal_value=-1.34603e-05 0.00147716 0.00307731 0.0138376 0.0227336 0.00136874 -0.00891692 -0.00100878 -0.0102961 2.8492e-05 -0.0022084 -0.0455626 0.00510884 0.00940875 0.00242074 0.0109308 -0.0062789 0.0188186 0.0238454 0.0285714 -0.0743773 -0.0150302 -0.0229167 -0.00195355 -0.016319 0.00861525 -0.0393348 0.0398773 0.0674559 0.0317297
internal_weight=72889.1 29183.3 25289.9 3465.41 2342.66 21824.5 3893.35 43705.8 4390.92 39314.9 27296.3 419.676 12018.6 9121.32 5234.23 3506 1156.08 3887.1 3243.61 2892.03 313.491 351.577 1747.43 2643.5 1120.49 1523.01 567.163 1693.8 386.282 1307.52
internal_count=439140 193530 163984 19426 13557 144558 29546 245610 23293 222317 133916 5875 88401 64269 36264 21450 8678 28005 22376 19328 5479 3048 11228 12065 5171 6894 2401 9777 1812 7965
is_linear=0
shrinkage=0.1


Tree=144
num_leaves=31
num_cat=0
split_feature=7 8 8 12 11 10 10 10 9 11 2 12 2 3 10 2 2 8 6 8 10 9 9 5 8 9 8 2 9 11
split_gain=10.6847 27.3324 25.2659 20.5445 20.2665 19.6696 23.9301 21.3853 19.352 15.3085 13.8255 16.6643 14.8809 13.7806 23.1305 15.374 17.0582 13.6598 25.2247 12.4346 16.5518 20.3853 12.0589 32.3232 34.5229 44.4451 37.0312 34.9146 34.3642 33.1629
threshold=19.500000000000004 102.58650000000002 74.912500000000009 -5.4999999999999991 0.27637218045112782 -18.812999999999992 -16.912500000000247 -21.591000000000001 -13.491999999999996 0.48591269841269846 22.500000000000004 -6.4999999999999991 18.500000000000004 1.0000000180025095e-35 -54.857500000000002 11.500000000000002 14.500000000000002 95.970500000000015 6.5000000000000009 81.934500000000014 -29.7925 -10.080500000000006 4.9360000000000008 3.5000000000000004 105.66100000000002 21.540000000000003 114.04650000000002 7.5000000000000009 7.5645000000000033 0.83457711442786076
decision_type=2 2 2 2 2 2 2 2 2 2 2 2 2 2 2 2 2 2 2 2 2 2 2 2 2 2 2 2 2 2
left_child=22 2 -2 10 5 7 -7 13 -8 -3 12 -12 -4 15 -15 -5 17 18 -17 -16 -21 -22 -1 24 27 28 -27 -24 -26 -25
right_child=1 9 3 4 -6 6 8 -9 -10 -11 11 -13 -14 14 19 16 -18 -19 -20 20 21 -23 23 29 25 26 -28 -29 -30 -31
leaf_value=0.00073535280664132686 0.04091282602791152 0.04286479243972191 -0.00088264006513770704 -0.087994856519623021 -0.056244578049009064 0.17029297430091739 0.080628041717707558 -0.1528735812765821 -0.017545930906382606 -0.15906664741549431 0.0092161724431818783 0.12951635557765293 -0.071422542963820862 -0.1456916910167142 0.10326018543215749 -0.15924818242543015 -0.054943740932191426 0.17890928778557269 0.066085315618468893 -0.046083707643956473 -0.049512083299748336 0.16702561135507066 -0.018850309534234805 0.01313490384658195 0.040080062663335275 0.019787234064053628 -0.007100223447785753 -0.0036455205003332841 -0.01836746425125543 0.094446196501630664
leaf_weight=59132.443991492502 74.110835254192352 112.10596919525415 253.35080912150443 52.938034339807928 208.884668153245 9.0103151202201825 24.964356310665607 14.502681128680704 102.59496942674741 3.8843477917835108 37.920240549370646 16.536092733964324 33.908752884715796 8.5549760535359365 16.775644671171904 6.6973087107762757 50.52764702681452 5.6968692997470489 19.238907031714916 27.577673427760597 7.4201745912432697 10.499364994466307 1958.1197886094451 424.37124551832676 112.21870976686478 1760.0857586860657 722.50198698043823 6602.7194361463189 971.11110782623291 56.882579609751701
leaf_count=370563 239 713 1156 346 1210 49 99 135 772 46 144 42 208 46 46 49 281 15 53 102 30 27 9853 1405 517 7045 4114 35224 4488 123
internal_value=-1.31261e-05 -0.00980448 -0.0152284 -0.0198127 -0.0315042 -0.0170283 0.0127927 -0.0355042 0.00166748 0.0361024 -0.000451524 0.0457463 -0.00920933 -0.0272383 0.00848904 -0.045969 -0.0188908 0.0386968 0.00789919 0.0296702 0.00253627 0.0773611 0.000136691 -0.00267107 -0.00367974 0.00458737 0.0119622 -0.00712331 -0.0123131 0.0227456
internal_weight=72838.2 1097.7 981.71 907.599 565.884 356.999 136.57 220.429 127.559 115.99 341.716 54.4563 287.26 205.927 70.8278 135.099 82.1607 31.6331 25.9362 62.2729 45.4972 17.9195 71740.5 12608 12126.8 3565.92 2482.59 8560.84 1083.33 481.254
internal_count=439140 5808 5049 4810 3260 2050 920 1130 871 759 1550 186 1364 995 251 744 398 117 102 205 159 57 433332 62769 61241 16164 11159 45077 5005 1528
is_linear=0
shrinkage=0.1


Tree=145
num_leaves=31
num_cat=0
split_feature=1 8 6 11 0 10 7 9 5 7 8 11 11 4 4 11 12 4 10 1 9 9 2 5 10 7 0 11 11 9
split_gain=10.1917 13.8454 23.3144 22.7456 28.2261 16.4484 19.0634 13.9488 9.84089 18.5549 16.4475 11.6542 15.0169 11.9318 13.5512 29.6543 18.3408 16.1916 21.3567 20.999 15.0205 13.4603 13.3216 34.6001 13.1112 13.0804 15.4641 15.4682 20.3297 17.4854
threshold=3.5000000000000004 96.925000000000026 8.5000000000000018 0.16774891774891773 853.50000000000011 -13.830000000000004 9.5000000000000018 11.997999999999999 5.5000000000000009 16.500000000000004 95.887500000000017 0.98591549295778835 0.98019607843137269 72.500000000000014 65.500000000000014 0.91228073549259314 -4.4999999999999991 55.500000000000007 -55.260500000000008 2.5000000000000004 1.063500000000005 -3.1194999999999946 24.500000000000004 2.5000000000000004 -36.935499999999998 12.500000000000002 848.50000000000011 0.944771241830063 0.89376503237742833 -0.82900000000000051
decision_type=2 2 2 2 2 2 2 2 2 2 2 2 2 2 2 2 2 2 2 2 2 2 2 2 2 2 2 2 2 2
left_child=8 7 -3 4 5 6 -4 -2 11 -10 -11 12 13 14 15 -1 -17 18 19 -18 22 -15 -20 -24 -23 -16 -27 28 -28 -30
right_child=1 2 3 -5 -6 -7 -8 -9 9 10 -12 -13 -14 21 25 16 17 -19 20 -21 -22 24 23 -25 -26 26 27 -29 29 -31
leaf_value=4.8782953230632152e-05 -0.0709384090331798 -0.055098837577077078 0.13112374413168393 -0.053901393940095771 -0.12298596998303231 -0.005289658214481241 0.37923115566223231 0.15144255173401067 -0.064590668986301433 -0.040779433899238382 0.22830160376513497 0.050095037490455158 -0.056362603609824535 0.12412947018484177 0.0035041997358815054 0.11965575158188924 0.31027918545969801 -0.090680346906604634 -0.076395560057023248 -0.10205233511157796 0.037508050402848075 -0.017026450756181102 0.5625346481256166 -0.10228698709608337 -0.17638189286347061 0.017270394899847091 0.0030825184331266589 -0.063819261573975689 0.047685199792040778 0.18097049602575399
leaf_weight=71607.981616717094 61.567195798270404 30.605593793094158 6.924582785926761 9.8914620429277402 3.5441806791350237 3.4222458424046662 5.6023950362578034 2.9560347320511928 50.074549810029566 4.6489866524934751 4.4421673994511366 46.541393518447876 47.176218166947365 3.0838553011417416 497.44428140949458 6.4961154311895362 3.5840788851492098 61.750679612159729 51.403518352191895 1.8845361541025338 20.070952266454697 9.9370612986385858 1.1921822484582656 2.2798778209835291 10.74691430944949 212.18553790450096 18.866055697202682 7.4376597404479972 16.249878652393818 24.962730206549168
leaf_count=426135 532 538 55 94 42 28 39 27 782 73 36 418 1274 5 2254 13 42 1172 3747 130 84 39 37 222 114 978 69 37 51 73
internal_value=-1.15657e-05 -0.028597 0.0059859 0.0696083 0.13228 0.189005 0.242084 -0.0607504 3.73856e-05 -0.0407293 0.0907004 7.05851e-05 3.85182e-05 7.51897e-05 9.84029e-05 -4.38429e-05 -0.0446602 -0.0521684 -0.0225952 0.168186 -0.0365159 -0.0707661 -0.0635904 0.125989 -0.0998238 0.0132325 0.030534 0.0722179 0.0890591 0.128417
internal_weight=72835 124.514 59.9905 29.3849 19.4934 15.9492 12.527 64.5232 72710.4 59.1657 9.09115 72651.3 72604.7 72557.6 72533.8 71756.6 148.662 142.166 80.4151 5.46862 74.9465 23.7678 54.8756 3.47206 20.684 777.146 279.702 67.5163 60.0787 41.2126
internal_count=439140 1355 796 258 164 122 94 559 437785 891 109 436894 436476 435202 435044 431582 5447 5434 4262 172 4090 158 4006 259 153 3462 1208 230 193 124
is_linear=0
shrinkage=0.1


Tree=146
num_leaves=31
num_cat=0
split_feature=2 2 6 2 10 0 9 9 1 7 10 10 10 8 4 12 11 0 10 2 2 8 11 10 0 0 8 9 5 10
split_gain=10.1394 59.5891 62.3773 48.4087 117.448 44.2978 42.4665 42.3927 49.2933 60.5291 41.3038 39.8396 37.9082 37.6443 37.5664 43.0969 37.8773 36.7743 36.6837 41.4694 46.2443 53.8503 50.3886 49.2598 43.4631 41.7797 36.6127 60.6168 42.2717 57.6893
threshold=15.500000000000002 17.500000000000004 13.500000000000002 13.500000000000002 -44.081000000000024 207.50000000000003 -3.4420000000000002 -4.7809999999999979 1.5000000000000002 7.5000000000000009 -52.688000000000024 -56.398499999999991 -66.604999999999976 72.399500000000018 9.5000000000000018 3.5000000000000004 0.67327315541601263 216.50000000000003 -38.597499999999989 11.500000000000002 12.500000000000002 86.977500000000006 0.13888888888888948 -45.064499999999988 803.50000000000011 795.50000000000011 74.912500000000009 -0.6385000000000004 1.5000000000000002 -16.912500000000247
decision_type=2 2 2 2 2 2 2 2 2 2 2 2 2 2 2 2 2 2 2 2 2 2 2 2 2 2 2 2 2 2
left_child=3 2 6 10 5 -5 12 17 9 -9 11 -1 -2 -13 -6 16 -16 -4 19 -12 25 -22 23 24 -23 -21 27 -3 -28 -30
right_child=1 26 7 4 14 -7 -8 8 -10 -11 18 13 -14 -15 15 -17 -18 -19 -20 20 21 22 -24 -25 -26 -27 28 -29 29 -31
leaf_value=0.0026918780637879718 -0.04825731139170418 -0.055929884954382142 -0.0047890237437039898 -0.0038425067064327151 -0.0040033067483167149 -0.052142855669571088 -0.043267595667924805 0.0037407787134385445 0.0054990323931482944 -0.046759586817907539 -0.013591811491048581 -0.052192136663465338 -0.0078514943624643386 0.023372637129737625 0.02132431333078702 0.048685884121905942 -0.033141215661207341 0.020960616758031129 -0.00029691321793501535 0.010926766037965305 -0.038223072798310838 0.2204687262205014 -0.010059775941746332 -0.029727444607379496 -0.12337445384679238 0.070428156886469404 -0.0040371241819189994 0.062642437992393871 0.00067126951899424163 0.014694616410533901
leaf_weight=8504.7893829345703 275.17200601100922 237.3235596716404 1218.0586512684822 468.71184584498405 562.8322521224618 319.18809416890144 700.72597062587738 376.14646735042334 761.95842885971069 643.17623851448298 4484.0117764472961 68.962458252906799 1486.5233851671219 1497.5363639593124 2043.7374126547948 575.58738874644041 136.19241136964411 1018.3004366755486 23155.026877943077 475.20268201828003 324.41994074732065 31.389546852558851 88.038469325751066 16.303610514849424 4.1638622470200053 156.9947361946106 8909.7982801992912 52.686399135738611 10094.971199989319 4135.2060956719797
leaf_count=41011 2018 913 5062 1989 5973 1412 9939 2787 6014 4520 21681 608 8840 6855 10457 2078 3461 3352 151333 1925 1549 155 416 173 50 538 74828 332 50435 18436
internal_value=-1.21348e-05 -0.00142551 -0.00991285 0.000972978 0.0112982 -0.0234096 -0.0224451 -0.00223182 -0.0137415 -0.0281241 -0.000119556 0.00539116 -0.0141628 0.020046 0.0195391 0.0243478 0.0179215 0.00693578 -0.00205096 -0.00932896 0.00810327 -0.0158598 0.0360011 0.114199 0.180199 0.0257029 0.000921839 -0.0343887 0.00136438 0.00474637
internal_weight=72823.1 29910 6480.06 42913.1 4106.25 787.9 2462.42 4017.64 1781.28 1019.32 38806.8 10071.3 1761.7 1566.5 3318.35 2755.52 2179.93 2236.36 28735.6 5580.52 1096.51 464.315 139.895 51.857 35.5534 632.197 23430 290.01 23140 14230.2
internal_count=439140 187476 42532 251664 25370 3401 20797 21735 13321 7307 226294 48474 10858 7463 21969 15996 13918 8414 177820 26487 4806 2343 794 378 205 2463 144944 1245 143699 68871
is_linear=0
shrinkage=0.1


Tree=147
num_leaves=31
num_cat=0
split_feature=4 11 5 9 11 4 11 2 3 6 4 5 10 9 5 0 9 9 3 2 2 9 8 8 8 4 11 8 10 4
split_gain=9.8206 138.983 110.517 55.6941 48.2805 63.2396 69.5111 44.7434 56.4882 42.5466 44.9871 40.8172 39.0143 37.636 36.1007 33.9548 32.0953 50.8516 44.8653 44.0266 46.6111 67.3083 50.6095 69.5089 53.6397 43.0693 40.1999 39.4568 40.4886 38.148
threshold=29.500000000000004 0.41030061892130859 1.5000000000000002 2.0545000000000049 0.42365967365967366 32.500000000000007 0.46103238866373691 24.500000000000004 1.0000000180025095e-35 29.500000000000004 22.500000000000004 3.5000000000000004 105.26550000000002 -0.053999999999994892 2.5000000000000004 826.50000000000011 -1.0645000000000022 -0.19749999999999798 1.0000000180025095e-35 15.500000000000002 23.500000000000004 17.829000000000004 87.144500000000008 95.840000000000018 101.68450000000001 56.500000000000007 0.72438780609695164 81.934500000000014 -32.17199999999999 47.500000000000007
decision_type=2 2 2 2 2 2 2 2 2 2 2 2 2 2 2 2 2 2 2 2 2 2 2 2 2 2 2 2 2 2
left_child=1 7 -3 -4 14 6 -6 9 -9 11 -11 -1 -10 -13 -2 -14 27 -18 19 -19 22 -22 25 26 -25 -21 -24 29 -29 -7
right_child=4 2 3 -5 5 16 -8 8 12 10 -12 13 15 -15 -16 -17 17 18 -20 20 21 -23 23 24 -26 -27 -28 28 -30 -31
leaf_value=0.00033623943680471469 0.0079696348551941635 0.029514773472616648 -0.078039389174958895 0.033401681157270172 -0.011434580701183144 0.0099838746807965409 -0.076427146006000798 -0.028929949605699543 0.011243064380157895 -0.072182032147720246 0.068434035703212048 -0.068762789733903179 0.02637963270536053 0.011423846216456283 0.035697741354126421 0.24868596906234119 0.019791841201806437 0.012504600903578193 -0.011257244861193746 -0.040396727061450199 0.029995668433776324 -0.073689975249606368 0.040012316437879038 -0.030805141944627336 0.024009246157860105 0.0013844910542303206 -0.016949635845051093 -0.014075629136348406 0.00055932932571592083 -0.0054477711557037057
leaf_weight=40952.570308271475 2177.2734283683822 150.93221356905997 476.68890011869371 49.502554029226303 881.56760066724382 3852.2256437242031 202.32969394349493 1012.8624450545758 185.79730725474656 26.576932929456234 158.08424854278564 162.48565965890884 13.575562886893751 91.491016438230872 598.64364419598132 13.911154158413408 1938.836296916008 4125.6652935205493 2007.1237064839806 699.1463833511807 640.81605887413025 69.387420892715454 520.84542166581377 654.03385167568922 245.54899698495865 381.26465035229921 162.56561279296875 3917.7367573976517 3653.0477837324142 2742.3475822508335
leaf_count=265491 8332 3725 8855 146 3864 13198 3891 11017 977 138 545 1754 60 953 2016 33 11048 34496 7095 6342 4856 231 2578 3468 900 2154 3729 13970 13250 10028
internal_value=-1.03638e-05 -0.000968848 -0.0459182 -0.0675553 0.00139773 9.2504e-05 -0.0235667 -0.000254672 -0.0190805 0.000303012 0.0481962 8.8386e-05 0.0276934 -0.0398768 0.0139494 0.13889 0.00109381 0.00503215 0.0020219 0.00557596 -0.00289725 0.0198655 -0.00896699 0.00242114 -0.0158431 -0.0256526 0.0264626 -0.00208826 -0.00701398 0.00356664
internal_weight=72764.9 43294.5 677.124 526.191 29470.4 26694.5 1083.9 42617.4 1226.15 41391.2 184.661 41206.5 213.284 253.977 2775.92 27.4867 25610.6 11445.2 9506.4 7499.27 3373.61 710.203 2663.4 1582.99 899.583 1080.41 683.411 14165.4 7570.78 6594.57
internal_count=439140 293694 12726 9001 145446 135098 7755 280968 12087 268881 683 268198 1070 2707 10348 93 127343 76897 65849 58754 24258 5087 19171 10675 4368 8496 6307 50446 27220 23226
is_linear=0
shrinkage=0.1


Tree=148
num_leaves=31
num_cat=0
split_feature=5 11 8 11 2 7 0 8 9 9 11 0 8 9 0 9 9 0 10 10 9 9 8 11 5 0 10 12 6 11
split_gain=10.3874 24.0837 34.5954 22.1032 27.4873 17.6887 15.9842 15.7419 14.7408 18.1363 19.8806 18.5576 20.0064 18.7161 16.6613 15.3204 15.2738 14.3754 14.5859 17.6912 15.159 14.5301 13.3362 12.8229 19.0631 11.2164 11.0055 13.3815 18.0935 10.9057
threshold=4.5000000000000009 0.77167919799498763 86.913500000000013 0.79193722943722955 13.500000000000002 11.500000000000002 835.50000000000011 88.502500000000012 20.683000000000003 2.6374999999999962 0.59731240981240996 811.50000000000011 96.967500000000015 -1.0000000180025095e-35 52.500000000000007 0.014000000000002852 -1.0645000000000022 831.50000000000011 -15.913500000000028 -19.575500000000002 -1.8265000000000031 0.73899999999999733 92.711500000000015 0.97122153209109741 5.5000000000000009 146.50000000000003 -2.9474999999999976 -1.4999999999999998 14.500000000000002 0.90070422535211281
decision_type=2 2 2 2 2 2 2 2 2 2 2 2 2 2 2 2 2 2 2 2 2 2 2 2 2 2 2 2 2 2
left_child=-1 5 6 4 -4 -2 17 -5 9 11 -11 12 15 -13 -14 -7 -16 18 19 23 -20 -22 -9 29 -25 -18 27 -24 -29 -3
right_child=1 2 3 7 -6 8 -8 22 -10 10 -12 13 14 -15 16 -17 25 -19 20 -21 21 -23 26 24 -26 -27 -28 28 -30 -31
leaf_value=8.7241345808902103e-05 -0.060221254999661127 0.019609577403378046 0.049655414404564967 0.17258480848720603 0.36951767247028589 -0.011517629121153651 -0.079045833349703068 -0.10826047304456543 -0.20163404561887113 0.14193442820366739 -0.02630479946945706 -0.13554059587493111 -0.14220028950943087 0.02204716622973725 -0.016384017526562707 -0.163015247125329 0.073010124738265805 0.16765972293024645 0.23130858370778934 -0.11634289103286875 -0.08763984545674397 0.14839369052038603 0.22471443498993704 0.27112164650162279 -0.11300912266706709 0.24370115926152547 -0.113719122597916 -0.1155530615025179 0.11525519668439184 -0.075665667056905916
leaf_weight=72228.922204959643 126.58585685212165 36.843066461733542 5.2611619587987644 8.2827076842077059 5.4901842921972275 78.245077122468501 28.260105754015967 6.6350134685635593 3.978980913758277 15.596612460911276 12.778572179377077 23.555857085622847 3.0634081219323006 11.082183158956466 6.9720928929746195 7.297671439126133 7.3871727576479289 5.2322142894845447 4.8931346163153639 15.436407877365125 5.8091209762496856 4.7330416366457939 4.885307811200625 3.9158148672431699 1.9280210984870789 8.0394273679703456 3.3977770511992302 5.2424495855811939 9.6452273975592089 17.827584762126207
leaf_count=433965 1110 413 40 53 24 671 432 90 24 31 49 191 36 97 38 146 45 36 23 815 139 20 10 27 41 36 77 104 51 306
internal_value=-1.00244e-05 -0.0146983 0.0150144 0.0863724 0.212993 -0.0316448 -0.0128937 0.0506307 -0.0113221 -0.00697058 0.066169 -0.0212202 -0.00128032 -0.0851216 0.0765337 -0.0244419 0.106449 0.00645531 -0.00277427 -0.0207844 0.0858466 0.0183305 0.016741 0.00359119 0.144388 0.161964 0.0525355 0.0811046 0.0339799 -0.0114588
internal_weight=72707.2 478.301 173.718 48.8398 10.7513 304.583 124.879 38.0885 177.997 174.018 28.3752 145.643 111.005 34.638 25.4621 85.5427 22.3987 96.6184 91.3862 75.9509 15.4353 10.5422 29.8058 60.5145 5.84384 15.4266 23.1708 19.773 14.8877 54.6707
internal_count=439140 5175 2701 449 64 2474 2252 385 1364 1340 80 1260 972 288 155 817 119 1820 1784 1602 182 159 332 787 68 81 242 165 155 719
is_linear=0
shrinkage=0.1


Tree=149
num_leaves=31
num_cat=0
split_feature=0 10 1 12 10 0 1 6 7 10 7 9 7 11 5 7 9 8 1 12 11 6 0 8 10 10 10 11 2 2
split_gain=9.44648 26.0051 39.9262 19.4769 15.7264 34.3345 58.4126 37.1515 31.5169 41.3195 39.9336 38.7054 37.7464 38.5205 30.9425 39.8268 72.5461 61.0091 42.3329 40.6795 48.4888 47.166 46.4439 43.5588 38.2081 39.682 35.3881 34.5558 39.6922 39.0364
threshold=18.500000000000004 81.697500000000005 1.0000000180025095e-35 -9.4999999999999982 -1.0000000180025095e-35 797.50000000000011 1.5000000000000002 27.500000000000004 11.500000000000002 46.755500000000019 4.5000000000000009 -10.85699999999999 5.5000000000000009 0.039736842105263161 1.5000000000000002 9.5000000000000018 16.647500000000004 72.399500000000018 2.5000000000000004 9.5000000000000018 0.31662489557226398 21.500000000000004 782.50000000000011 83.891500000000022 46.755500000000019 81.697500000000005 2.7355000000000094 0.10566188197767142 6.5000000000000009 2.5000000000000004
decision_type=2 2 2 2 2 2 2 2 2 2 2 2 2 2 2 2 2 2 2 2 2 2 2 2 2 2 2 2 2 2
left_child=1 -1 -3 -4 -2 14 7 -7 9 12 11 -11 13 -8 15 18 17 24 19 20 22 -22 23 -6 -17 -26 27 28 29 -16
right_child=4 2 3 -5 5 6 8 -9 -10 10 -12 -13 -14 -15 26 16 -18 -19 -20 -21 21 -23 -24 -25 25 -27 -28 -29 -30 -31
leaf_value=0.0023062207150342765 0.00030505834347550106 -0.056243905596396637 -0.15546763189947241 0.049294185174893937 -0.009047096023072472 -0.020671491765669871 -0.073601719995464429 0.022535394649375026 -0.0058860611729707538 0.067076238406194047 0.045229163417838544 -0.020363398214238333 -0.023965191389581846 0.046982779801290155 -0.059458201944359704 -0.053151583374427429 0.046589043786041479 -0.040370080851811638 0.020615171536470956 0.049685702141500789 0.21736172945987239 0.01292622257057085 0.052695241478327826 -0.046857738733427468 0.17037189404138919 -0.037868610813101139 0.0057830732309631077 -0.039419791720981472 -0.030402524476849099 0.09347040380065319
leaf_weight=4398.9815044579154 58411.267329216003 44.468857798725367 4.7257638014852992 273.13942762464285 553.16887866822071 1070.6054178308696 30.762808037921786 244.44630165398121 572.37799203395844 66.746542386710644 749.88132691383362 209.57752782851458 305.7201566696167 190.80510627105832 21.61427070107311 20.844442260451615 118.88754653930664 1182.6179257137701 461.80939168483019 95.604681652039289 11.836955524282528 242.18705070018768 72.113725453615189 678.27217586198822 31.958858966827393 12.822368420660494 2057.2310070991516 388.52461294829845 105.96195966377854 73.284913713112473
leaf_count=23145 354625 226 40 1163 5201 4952 378 946 3868 246 3555 1050 2003 761 184 137 730 11588 1546 543 76 1069 557 9673 106 76 6965 2982 582 167
internal_value=-1.01735e-05 0.0043152 0.0317322 0.0458117 -0.000310573 -0.00406826 0.00392576 -0.01264 0.0141733 0.0215641 0.0332545 0.000757793 -0.00118774 0.0302407 -0.00855643 -0.0147511 -0.028053 -0.0351622 -0.00615269 -0.0136302 -0.0175165 0.0224525 -0.0253053 -0.029873 0.0586876 0.110746 -0.000406227 -0.0220098 0.0116663 0.0586393
internal_weight=72702.2 4721.32 322.334 277.865 67980.9 9569.66 3440.92 1315.05 2125.87 1553.49 1026.21 276.324 527.288 221.568 6128.74 3482.12 1367.13 1248.24 2114.99 1653.18 1557.58 254.024 1303.55 1231.44 65.6257 44.7812 2646.62 589.386 200.861 94.8992
internal_count=439140 24574 1429 1203 414566 59941 17759 5898 11861 7993 4851 1296 3142 1139 42182 31302 12637 11907 18665 17119 16576 1145 15431 14874 319 182 10880 3915 933 351
is_linear=0
shrinkage=0.1


Tree=150
num_leaves=31
num_cat=0
split_feature=11 4 10 6 10 6 11 10 0 8 0 6 1 6 9 7 9 8 2 10 7 6 11 8 0 11 4 11 11 6
split_gain=9.79605 18.4127 22.9872 35.7747 22.768 25.965 17.5462 20.4587 29.7793 20.6594 17.8957 16.8507 15.7782 18.1721 17.6269 24.3228 14.7058 19.5037 14.6893 14.7896 20.9744 14.2499 52.1184 31.8036 26.3297 25.5155 23.0362 52.2221 25.9679 97.6826
threshold=0.013986697965569402 1.5000000000000002 -2.9474999999999976 1.5000000000000002 1.0000000180025095e-35 1.5000000000000002 0.013072453861927501 -104.39899999999999 110.50000000000001 72.399500000000018 849.50000000000011 6.5000000000000009 2.5000000000000004 1.5000000000000002 -1.0000000180025095e-35 3.5000000000000004 -18.259499999999999 84.898500000000013 22.500000000000004 -4.8210000000000113 16.500000000000004 3.5000000000000004 0.043167701863354009 97.731500000000011 801.50000000000011 0.47402159244264502 8.5000000000000018 0.16774891774891773 0.027973395931138855 2.5000000000000004
decision_type=2 2 2 2 2 2 2 2 2 2 2 2 2 2 2 2 2 2 2 2 2 2 2 2 2 2 2 2 2 2
left_child=6 2 3 -2 -4 -6 12 8 -8 -9 -10 -11 13 -1 16 -16 17 -14 19 20 -5 25 23 24 -23 26 28 -28 29 -3
right_child=1 21 4 18 5 -7 7 9 10 11 -12 -13 14 -15 15 -17 -18 -19 -20 -21 -22 22 -24 -25 -26 -27 27 -29 -30 -31
leaf_value=-0.070611667040603079 -0.10275395518513504 -0.020228875717517553 -0.074459418369575842 -0.092526192498942783 0.56498055465146557 -0.018531305893924856 0.54476741320527455 0.30792749681066034 -0.14818693341149616 0.020004547005698061 0.35221473947643139 -0.14984161902913248 0.41871971808820263 0.000270991426053262 0.41539340765595983 0.064901185917772122 -0.045863516394094174 0.032189601724420647 0.16857677300498078 0.227523307147488 0.14227430780092537 0.028141650240227686 -2.1742786122685766e-05 0.052621039297364718 -0.023534660696263102 -0.035354258852617011 0.033330121430288746 -0.006717222629695649 -0.020519003008496659 0.081213258134317345
leaf_weight=61.534098368603736 15.770734928082673 350.55034752096981 90.177680297289044 10.718339979182934 1.196137281134724 2.1039159931242466 1.8248182144016016 2.4699349552392951 1.9524598596617582 496.15182664617896 1.1273237420246003 5.9108314067125312 1.6887663584202517 87.737772256135941 2.6567548848688585 7.7722996417433023 19.046783426776532 5.7507484350353479 12.031906717456875 3.1380546647124019 5.8978657424449912 277.38425308535807 67620.635559096234 289.93408608436584 152.97018855810165 278.05356672313064 456.20795054547489 1137.5128257274628 1127.0487346537411 130.17486572265625
leaf_count=3411 887 6031 4317 85 41 11 27 24 49 7034 9 32 13 254 18 52 179 54 28 19 19 841 383741 794 525 3651 2219 8079 16330 366
internal_value=-1.12845e-05 -0.000125447 -0.0362224 0.020379 -0.0650184 0.192968 0.0117987 0.0214001 0.224653 0.0194242 0.0349801 0.0180049 -0.0144722 -0.0289489 0.044066 0.154188 0.000705331 0.119932 0.0814715 0.0284176 -0.00918455 -5.45631e-05 0.000263273 0.0270205 0.00977322 -0.0062971 -0.00377345 0.00474646 -0.0122189 0.00724049
internal_weight=72657.1 71961.5 141.035 47.5569 93.4777 3.30005 695.624 509.437 4.9046 504.533 3.07978 502.063 186.187 149.272 36.9154 10.4291 26.4863 7.43951 31.7862 19.7543 16.6162 71820.5 68340.9 720.289 430.354 3479.55 3201.49 1593.72 1607.77 480.725
internal_count=439140 427984 5407 1038 4369 52 11156 7175 85 7090 58 7066 3981 3665 316 70 246 67 151 123 104 422577 385901 2160 1366 36676 33025 10298 22727 6397
is_linear=0
shrinkage=0.1


Tree=151
num_leaves=31
num_cat=0
split_feature=10 9 12 8 0 0 9 0 7 11 9 12 12 2 7 4 2 4 12 4 2 9 0 12 5 12 2 11 2 12
split_gain=9.54315 10.9832 20.6804 16.5317 12.1938 24.8535 17.4983 13.9885 14.7561 15.0761 27.9799 13.3315 12.1846 11.6153 20.6787 20.0888 10.0391 11.9021 9.53281 14.3159 14.3276 13.057 23.3183 12.1361 31.4207 20.6687 20.8288 19.5569 29.3095 17.4846
threshold=136.15100000000004 16.647500000000004 -2.4999999999999996 98.82650000000001 839.50000000000011 859.50000000000011 -4.9139999999999935 1.0000000180025095e-35 11.500000000000002 0.078689370485036117 -10.080500000000006 -1.4999999999999998 9.5000000000000018 4.5000000000000009 9.5000000000000018 19.500000000000004 17.500000000000004 19.500000000000004 -14.499999999999998 2.5000000000000004 3.5000000000000004 -10.080500000000006 842.50000000000011 -6.4999999999999991 1.5000000000000002 -10.499999999999998 15.500000000000002 0.090326340326339863 13.500000000000002 -2.4999999999999996
decision_type=2 2 2 2 2 2 2 2 2 2 2 2 2 2 2 2 2 2 2 2 2 2 2 2 2 2 2 2 2 2
left_child=18 4 3 -3 7 6 -6 -2 9 10 -9 -8 -4 -11 -15 -16 -13 -18 19 -1 -21 -22 -23 24 25 26 27 28 -20 -25
right_child=1 2 12 -5 5 -7 11 8 -10 13 -12 16 -14 14 15 -17 17 -19 23 20 21 22 -24 29 -26 -27 -28 -29 -30 -31
leaf_value=-0.091024400144097073 0.038602316504698662 0.23740955200180203 -0.066599380611649231 0.030534104255149044 -0.078403427968353701 -0.061073616161685385 -0.02182722867600673 0.37136469436278641 -0.12574541182685225 0.017797566125383267 -0.023067311942608578 0.051407435703445359 0.10126961288060708 -0.10491606852006603 -0.11309388833559582 0.20851259057283902 0.32910627626963113 0.11454859522809918 -0.071470247683567564 0.071507855107909885 0.040426271323763668 -0.08268582986308351 0.11145700510187254 0.0036942347821182714 0.0010031170830345193 -0.010410273950363702 -0.067814634392749137 0.011614089415350838 0.1771251605165779 -0.00042475710087494208
leaf_weight=9.9328292030841094 15.758966693654655 6.4825698463246253 20.163041126914326 9.5583060607314092 5.6412517875432995 25.752004321664572 4.9711741954088273 2.4202210679650307 27.294360171072185 16.148266796953976 7.0006291298195702 5.083175770938392 5.5041679665446273 45.54326344653964 3.4092057226225725 4.5137611329555511 5.2296898923814279 5.1133624725043774 71.082830497995019 57.813371756114066 48.925522290170193 27.61122627928853 7.9730913052335373 12711.51910758391 3332.0644169780426 1442.340564281214 137.93484466895461 105.46941498667002 5.0817212630063286 54449.172285741486
leaf_count=132 46 23 168 53 45 179 39 15 316 52 93 29 16 468 46 12 24 16 840 152 181 169 26 57754 11044 10990 1322 639 52 354199
internal_value=-1.19597e-05 -0.0210201 0.0250656 0.114138 -0.0320746 0.0085845 0.0774758 -0.0493225 -0.0623537 -0.0404617 0.0782625 0.120587 -0.030601 -0.0565285 -0.078977 0.0701272 0.16648 0.223034 5.05909e-05 0.0250463 0.033147 0.00690424 -0.0391858 -2.08046e-06 -0.00470791 -0.0155084 -0.0385184 -0.0162705 -0.0548839 0.000354845
internal_weight=72622.5 215.587 41.7081 16.0409 173.879 51.7907 26.0387 122.089 106.33 79.0353 9.42085 20.3974 25.6672 69.6145 53.4662 7.92297 15.4262 10.3431 72406.9 152.256 142.323 84.5098 35.5843 72254.7 5093.97 1761.91 319.569 181.634 76.1646 67160.7
internal_count=439140 1640 260 76 1380 332 153 1048 1002 686 108 108 184 578 526 58 69 40 437500 660 528 376 195 436840 24887 13843 2853 1531 892 411953
is_linear=0
shrinkage=0.1


Tree=152
num_leaves=31
num_cat=0
split_feature=9 7 2 2 5 11 4 4 2 2 2 11 0 8 6 6 1 9 7 10 10 10 0 8 9 8 0 10 7 0
split_gain=9.05884 29.386 34.0154 87.5047 38.7065 35.0895 34.5539 33.2842 33.0014 39.0231 33.2841 31.6105 29.1746 35.1174 29.4472 28.3932 27.4 42.1848 33.6993 30.9311 32.878 26.5934 25.62 25.5686 25.2394 25.1861 25.0246 49.9398 43.719 33.7692
threshold=4.9360000000000008 13.500000000000002 20.500000000000004 21.500000000000004 2.5000000000000004 0.14483218916857357 16.500000000000004 54.500000000000007 16.500000000000004 13.500000000000002 17.500000000000004 0.42179392142327649 160.50000000000003 108.22300000000001 3.5000000000000004 38.500000000000007 1.5000000000000002 22.076500000000006 10.500000000000002 0.95300000000000307 -10.378999999999996 9.1395000000000071 72.500000000000014 89.739500000000007 22.953500000000002 109.97800000000002 368.50000000000006 0.95300000000000307 6.5000000000000009 240.50000000000003
decision_type=2 2 2 2 2 2 2 2 2 2 2 2 2 2 2 2 2 2 2 2 2 2 2 2 2 2 2 2 2 2
left_child=-1 2 4 -4 7 25 -6 15 9 12 11 -10 13 23 -14 16 19 22 24 20 -2 -16 -18 -3 -19 -5 27 29 -29 -24
right_child=1 8 3 5 6 -7 -8 -9 10 -11 -12 -13 14 -15 21 -17 17 18 -20 -21 -22 -23 26 -25 -26 -27 -28 28 -30 -31
leaf_value=0.00050331694076668609 -0.019008251015899317 0.028746150979811855 0.087318335166309352 0.085024039059840115 -0.1092489555365917 -0.0056974555859623625 0.0072869960299450131 -0.067125585486597514 -0.10331508476008994 0.044883662666399773 -0.0031431002363419024 -0.01019087127001138 -0.05329251323929967 0.043168647862297571 0.0065637836232743697 0.050369413294569378 -0.031651810046933779 0.055877909026996721 0.050023518340634454 -0.040501714570693681 0.012125698667814938 -0.036186120768967878 0.015500602009971385 -0.0084891282275108455 -0.0052303624315845326 -0.0041520164940889769 -0.016758090289169237 0.0077517371510868269 -0.09755112895550469 0.1008132717845157
leaf_weight=59853.591067093948 1977.0497281551361 301.85172046907246 129.9202071428299 78.822560891509056 25.850122099742293 1002.728162959218 1617.7070624232292 107.09163144230843 69.638977415859699 294.96800696849823 906.7176034450531 76.484787933528423 108.88524569384754 377.98023462295532 1098.576249981299 74.746946390718222 511.72956228069961 77.821933552622795 202.97700548171997 523.81301403045654 409.42635527066886 167.73054761253297 453.55606619082391 474.01115024089813 514.03899765014648 52.944626033306122 897.80566333606839 86.906564593315125 72.165976405143738 51.684606425464153
leaf_count=375569 7899 1335 550 424 106 3893 5618 410 354 1200 4544 237 1076 1343 4391 279 5013 381 1071 2370 1571 746 4165 2299 3349 448 6525 917 731 326
internal_value=-1.21561e-05 -0.00243282 -0.00560748 0.00958024 -0.00813282 0.000677822 0.0054541 -0.0118791 0.00482962 0.0104631 -0.0102809 -0.0545716 0.00644853 0.0181741 -0.00338969 -0.0108684 -0.0116604 -0.00472497 0.0148628 -0.0184968 -0.0136669 0.000901282 -0.0122323 0.00599737 0.00280457 0.0491927 -0.00587076 0.00884325 -0.0400207 0.0242278
internal_weight=72599.2 12745.6 8868.79 1264.42 7604.37 1134.5 1643.56 5960.81 3876.84 2824 1052.84 146.124 2529.04 1153.84 1375.19 5853.72 5778.98 2868.69 794.838 2910.29 2386.48 1266.31 2073.85 775.863 591.861 131.767 1562.12 664.313 159.073 505.241
internal_count=439140 63571 46046 5315 40731 4765 5724 35007 17525 12390 5135 591 11190 4977 6213 34597 34318 22478 4801 11840 9470 5137 17677 3634 3730 872 12664 6139 1648 4491
is_linear=0
shrinkage=0.1


Tree=153
num_leaves=31
num_cat=0
split_feature=8 10 8 7 8 5 2 2 10 10 4 7 1 1 2 2 2 7 9 8 9 10 10 4 10 8 2 11 10 7
split_gain=9.1403 56.593 41.9122 41.8619 34.4941 64.1291 65.7451 43.4454 37.8013 37.5612 36.4106 48.3909 40.8085 51.9288 80.5073 65.5902 74.5798 76.5444 56.6572 54.1471 49.3543 48.838 46.6075 36.8482 36.773 35.8091 51.3885 40.9393 80.0763 61.6278
threshold=78.946500000000015 120.49650000000001 76.059500000000014 4.5000000000000009 81.97450000000002 2.5000000000000004 7.5000000000000009 11.500000000000002 -0.9305000000000021 -210.6215 46.500000000000007 4.5000000000000009 2.5000000000000004 1.5000000000000002 20.500000000000004 11.500000000000002 9.5000000000000018 5.5000000000000009 -7.408999999999998 80.972500000000011 -13.051499999999994 -28.823999999999888 86.238000000000028 17.500000000000004 -130.98249999999996 85.542500000000018 12.500000000000002 0.18441295546558703 -66.604999999999976 4.5000000000000009
decision_type=2 2 2 2 2 2 2 2 2 2 2 2 2 2 2 2 2 2 2 2 2 2 2 2 2 2 2 2 2 2
left_child=1 2 -1 -4 5 10 -7 8 -8 -6 12 -12 13 14 15 16 23 21 20 -17 22 -18 -15 -2 -20 26 27 28 -11 -30
right_child=4 -3 3 -5 9 6 7 -9 -10 25 11 -13 -14 18 -16 19 17 -19 24 -21 -22 -23 -24 -25 -26 -27 -28 -29 29 -31
leaf_value=0.0026109781177682751 -0.036116591300054027 0.065001821267817728 0.0091490629288673662 -0.013680513270226374 0.030582140603071475 -0.016097087115201181 0.062800351818338068 0.020111584233166408 -0.074662863994909498 -0.04379345912250418 -0.0640580999956014 -0.00303504700315126 -0.016728662686805725 0.012707411212321202 -0.10359785648851956 -0.0028267544479787438 -0.081660900264516209 -0.03046589155174096 -0.03024205940933386 0.042567843373590382 -0.026573621235607272 -0.2513640283805767 0.11276321933671683 0.021559023720251057 0.046863369184496434 0.00076869992423852531 -0.01209574301794346 -0.0038681929239056155 -0.025913085588757691 0.03193898333758545
leaf_weight=5749.8378647432837 154.20174231706187 122.44024252891541 977.49546115472913 4504.5170621387661 388.07597732543945 409.47726551163942 408.42340481188148 1545.0849096691236 21.035064832307398 205.21122375130653 191.98353607067838 402.17364200716838 813.45455235987902 494.3858225941658 76.105004033539444 566.47793204523623 45.621009238064289 304.03069949150085 67.574201345443726 490.10090982913971 336.26790714263916 26.991300456225872 51.395325362682343 393.31257486343384 730.5263191871345 41135.600583642721 5909.1603782097809 4653.5552774649113 217.57420469494537 1198.1273628454655
leaf_count=29531 791 443 8009 30116 1205 1746 1218 6298 85 1723 812 1751 3427 2746 1058 3609 157 970 273 1625 2385 128 249 1722 3824 271018 32169 20903 2327 6822
internal_value=-1.06401e-05 -0.00261658 -0.0033537 -0.00960978 0.00047255 0.00681166 0.0203695 0.0279319 0.0560673 -0.000416058 0.000528922 -0.0227528 0.00356884 0.00798713 -0.00266697 0.00121105 -0.0182463 -0.0524971 0.0210299 0.0182298 0.00356217 -0.144743 0.0221295 0.00531528 0.0403349 -0.000641674 -0.00540352 0.000899071 0.0145856 0.0230479
internal_weight=72590.2 11354.3 11231.9 5482.01 61235.9 7528.62 2384.02 1974.54 429.458 53707.3 5144.6 594.157 4550.45 3736.99 2056.84 1980.74 924.157 376.643 1680.15 1056.58 882.049 72.6123 545.781 547.514 798.101 53319.2 12183.6 6274.47 1620.91 1415.7
internal_count=439140 68099 67656 38125 371041 34874 9347 7601 1303 336167 25527 2563 22964 19537 10060 9002 3768 1255 9477 5234 5380 285 2995 2513 4097 334962 63944 31775 10872 9149
is_linear=0
shrinkage=0.1


Tree=154
num_leaves=31
num_cat=0
split_feature=6 4 4 5 6 9 9 2 2 4 8 10 4 8 9 2 10 6 10 10 0 7 11 9 7 9 12 9 10 2
split_gain=10.0053 107.711 58.6915 45.8287 34.4816 25.4585 32.0261 25.1793 43.8581 43.9804 34.6241 34.3729 29.6005 28.9403 30.7455 25.5422 67.7629 58.7689 30.5356 43.1388 23.9529 23.7315 32.7705 33.4356 32.938 40.9113 21.5622 21.378 20.6097 34.4162
threshold=15.500000000000002 15.500000000000002 13.500000000000002 1.5000000000000002 18.500000000000004 -2.9769999999999963 0.73899999999999733 21.500000000000004 20.500000000000004 23.500000000000004 97.09350000000002 36.390000000000022 59.500000000000007 74.912500000000009 -0.6385000000000004 19.500000000000004 -79.088000000000093 28.500000000000004 -22.511500000000204 -7.0115000000000114 144.50000000000003 4.5000000000000009 0.61143790849673219 1.9234999999999969 3.5000000000000004 3.9840000000000022 2.5000000000000004 -17.545499999999993 -92.902500000000146 22.500000000000004
decision_type=2 2 2 2 2 2 2 2 2 2 2 2 2 2 2 2 2 2 2 2 2 2 2 2 2 2 2 2 2 2
left_child=-1 2 5 4 -4 -2 -7 8 15 10 -10 26 13 14 20 -3 17 -17 21 -20 -9 22 23 -18 25 -24 -11 -21 29 -15
right_child=1 7 3 -5 -6 6 -8 12 9 11 -12 -13 -14 28 -16 16 18 -19 19 27 -22 -23 24 -25 -26 -27 -28 -29 -30 -31
leaf_value=-0.00098305944722256117 0.034588785881475577 0.0015280353812164738 0.087754743927179038 -0.033055071500162757 0.0027317858212810905 -0.069811923737908163 0.020069747963123975 -0.042291360859535054 -0.024947590666789792 0.020115801590186139 0.083117256025320399 0.11255432837890322 0.021957886137311332 0.045884677765119126 0.078823019448962695 0.052298685853928377 -0.083782263611238042 -0.13538587882285524 0.069917727993054304 0.10158643769037377 -0.16222282696004264 -0.029872343518458369 -0.16106441457256146 0.049593760268439202 -0.033877283980035963 -0.48359613317319028 0.065968143164765569 -0.074753201752510864 -0.010103916898694908 -0.0072657140458019008
leaf_weight=42950.540584129427 165.2755057066679 22441.325311034918 318.86494880402461 43.807277233805507 56.090362463146448 73.622631147503853 85.891186267137527 38.344141570851207 232.98541731573641 474.67278030514717 33.97219923697412 55.051310904324055 343.38422295451164 184.30827587842941 12.074745280668138 180.51024965196848 72.305395729374141 18.382629163563251 64.009558107703924 8.0049087032675725 29.437898071482778 397.90534826787189 16.868044432252649 25.397498846054077 12.675517052412031 5.1284672021865836 130.82393083721399 48.701654579490423 3686.9343577492982 359.38258266448975
leaf_count=270494 461 130419 1067 286 224 687 271 145 1416 3694 135 127 1774 849 53 765 504 94 311 27 136 2083 157 96 62 33 800 245 20378 1347
internal_value=-8.01032e-06 0.00140605 0.0389856 0.0637284 0.075036 0.00708384 -0.0214146 0.000438264 0.00173279 0.0230577 -0.0111956 0.036901 -0.00629844 -0.00854941 -0.068189 0.000883584 -0.0161331 0.034952 -0.0317407 0.0136518 -0.0943779 -0.0420741 -0.0787514 -0.0491117 -0.162274 -0.236262 0.0300227 -0.0498604 -0.00742366 0.010752
internal_weight=72566.7 29616.1 743.552 418.763 374.955 324.789 159.514 28872.6 24218.7 927.506 266.958 660.548 4653.87 4310.48 79.8568 23291.2 849.889 198.893 650.996 120.716 67.782 530.28 132.375 97.7029 34.672 21.9965 605.497 56.7066 4230.63 543.691
internal_count=439140 168646 2996 1577 1291 1419 958 165650 140968 6172 1551 4621 24682 22908 334 134796 4377 859 3518 583 281 2935 852 600 252 190 4494 272 22574 2196
is_linear=0
shrinkage=0.1


Tree=155
num_leaves=31
num_cat=0
split_feature=7 2 5 3 2 1 9 10 10 10 0 10 10 7 2 8 8 4 2 4 8 10 10 10 11 1 2 1 9 11
split_gain=9.34859 39.0811 37.3284 37.8789 37.2742 45.6358 60.0658 40.3785 38.8712 52.0945 36.1549 34.6925 55.8168 64.1796 58.9558 56.508 63.2526 60.5435 50.4429 56.395 62.2684 55.8591 54.3 49.6541 74.3472 113.863 48.2038 45.7712 68.3791 59.7934
threshold=8.5000000000000018 3.5000000000000004 1.5000000000000002 1.0000000180025095e-35 6.5000000000000009 1.5000000000000002 15.842500000000003 -221.06449999999998 -28.823999999999888 -0.9305000000000021 104.50000000000001 111.16900000000004 46.755500000000019 3.5000000000000004 12.500000000000002 93.938500000000019 78.149500000000003 13.500000000000002 16.500000000000004 22.500000000000004 93.355000000000004 -0.9305000000000021 -130.98249999999996 -81.837499999999949 0.28787878787878401 2.5000000000000004 8.5000000000000018 1.5000000000000002 5.5595000000000008 0.51298920377867752
decision_type=2 2 2 2 2 2 2 2 2 2 2 2 2 2 2 2 2 2 2 2 2 2 2 2 2 2 2 2 2 2
left_child=1 2 10 -4 5 -3 8 -6 -7 -10 -1 12 18 -14 15 16 26 -18 19 -9 21 -21 -20 24 25 -24 -15 28 29 -25
right_child=-2 4 3 -5 7 6 -8 11 9 -11 -12 -13 13 14 -16 -17 17 -19 22 20 -22 -23 23 27 -26 -27 -28 -29 -30 -31
leaf_value=-0.04444257247286626 -0.00093275330501142251 -0.004070884618985574 -0.010227450360433973 0.015399252088459764 0.059927630243135847 0.043663396694318395 -0.016371048973110324 -0.015352756453983752 -0.001301303858424558 0.043795520564955871 -0.01007609836300831 -0.023134605472013247 -0.0088659568073236137 0.074394158577485464 0.015600605619190589 -0.084283851051741354 0.15088067733894639 0.05215595886692162 -0.023371230106868753 -0.0018684978181640753 0.021345733107518534 -0.051920051560966754 0.090593740079675356 0.029832216041369077 -0.0019087147241331718 -0.04848561860450093 -0.050211144288559328 -0.0014804328023485475 -0.017223028939102446 0.0023157441165200412
leaf_weight=446.10470665007597 43507.476119995117 1121.7358894348145 1517.4672824966256 930.43656805320643 116.80661904811859 844.74064689874649 371.26410961151123 3439.0869926996529 701.38692209124565 403.52393648028374 975.58729238063097 580.85188770294189 527.16131043434143 65.918319635093212 664.76437002420425 24.049917284399271 128.07526213675737 120.61939465627074 634.40569221973419 4294.4304638504982 1177.4480734467506 235.18759974092245 298.23991024494171 1957.4934735908173 333.26072547584772 73.34019985049963 58.686206340789795 5040.6679925047792 630.61860847473145 1323.7499128431082
leaf_count=5298 245610 5869 12258 2663 409 3080 2346 34094 6557 1574 9327 4180 3486 269 3746 271 580 495 2501 19292 6817 1448 1096 10231 1232 235 688 41593 2321 9574
internal_value=-5.35691e-06 0.0013842 -0.00797188 -0.000486863 0.00282273 0.0124903 0.0204945 0.00129075 0.0275147 0.0151685 -0.0208598 0.00097378 0.00163975 0.0196582 0.0338156 0.0642894 0.0738612 0.102998 0.000166531 -0.00523729 0.000858305 -0.00446728 0.00496883 0.00683053 0.0323855 0.0631431 0.0157076 0.00481856 0.0129352 0.0187313
internal_weight=72544.6 29037.1 3869.6 2447.9 25167.5 3442.65 2320.92 21724.9 1949.65 1104.91 1421.69 21608.1 21027.2 1589.27 1062.11 397.349 373.299 248.695 19437.9 9146.15 5707.07 4529.62 10291.8 9657.37 704.841 371.58 124.605 8952.53 3911.86 3281.24
internal_count=439140 193530 29546 14921 163984 19426 13557 144558 11211 8131 14625 144149 139969 9535 6049 2303 2032 1075 130434 61651 27557 20740 68783 66282 2563 1331 957 63719 22126 19805
is_linear=0
shrinkage=0.1


Tree=156
num_leaves=31
num_cat=0
split_feature=12 6 12 5 0 11 9 9 6 8 9 4 10 9 8 10 2 3 6 6 2 11 9 9 8 9 10 10 11 9
split_gain=9.40156 24.8675 23.4006 39.5011 30.049 22.7791 20.34 22.8287 19.1109 21.5784 22.129 20.6065 18.927 18.6222 25.1095 19.5918 18.8327 18.1667 20.7957 17.0076 17.7392 16.9589 26.0293 16.9443 16.2196 16.1037 17.5927 18.6341 17.062 18.1183
threshold=6.5000000000000009 40.500000000000007 9.5000000000000018 1.5000000000000002 873.50000000000011 0.78846211251435128 -16.644499999999997 -16.084999999999997 16.500000000000004 94.88600000000001 0.23549999999999474 16.500000000000004 -201.63849999999999 -6.6894999999999945 103.68850000000002 -130.98249999999996 22.500000000000004 1.0000000180025095e-35 24.500000000000004 26.500000000000004 18.500000000000004 0.23746867167919791 -28.091499999999996 20.683000000000003 104.92800000000001 28.934000000000008 -7.4540000000000068 -4.6775000000000011 0.051503094606542808 -4.4134999999999982
decision_type=2 2 2 2 2 2 2 2 2 2 2 2 2 2 2 2 2 2 2 2 2 2 2 2 2 2 2 2 2 2
left_child=-1 2 8 4 6 -5 -4 -8 9 10 21 -10 -11 14 16 23 -13 19 -19 20 -17 -2 -23 -15 -25 26 28 -28 -14 -30
right_child=1 -3 3 5 -6 -7 7 -9 11 12 -12 13 25 15 -16 17 -18 18 -20 -21 -22 22 -24 24 -26 -27 27 -29 29 -31
leaf_value=0.00032836932343208728 -0.0090588409888638817 0.073779016813181206 -0.016357587898204771 -0.012641518654551188 0.091031698918315085 0.075014270615560874 0.13952482646495518 0.019808808630540256 0.060119372729265208 0.15064811003530687 -0.052659975111554291 -0.0051835493945984303 -0.065954465483125307 -0.025003111723302569 -0.24348448513048082 0.025841857906494611 -0.053903396487683219 -0.0042130726635796817 -0.13108672170168278 0.046886718864823783 -0.016441226390308407 -0.14573901910746698 -0.028295772391576924 -0.33564739737903421 -0.023245323555250993 -0.053566804444878893 0.075202050552465011 0.0078673221320269947 0.019156710356870443 -0.017187739333997913
leaf_weight=66773.785504094034 843.39034467563033 40.916796755045652 165.9946570545435 890.14793765172362 55.433255046606064 30.668023586273193 16.318124011158943 667.27436481229961 55.971694782376289 7.9307069778442374 202.95325084589422 454.17850260436535 50.799999583512545 68.021864406764507 4.7967295311391345 252.07501807808876 96.135618910193443 58.65074311196804 16.568635135889053 168.18124967813492 163.62636794522405 19.889225423336029 368.81448794901371 3.6092646494507781 3.0802910625934601 62.6949383020401 48.966283917427063 255.79879084043205 200.32938533555716 435.02228448074311
leaf_count=412965 4505 219 967 3256 218 82 57 3473 155 14 1203 1989 589 333 28 1118 379 187 74 699 707 79 1132 24 19 343 219 1289 868 1950
internal_value=-4.62204e-06 -0.00389989 -0.00446071 0.00485987 0.0196964 -0.00972212 0.0150419 0.0226666 -0.00889073 -0.0140675 -0.0220635 0.000719214 -0.00325817 -0.00186025 -0.0156802 0.00859416 -0.0136945 0.0140954 -0.0321596 0.0200543 0.00919859 -0.0170236 -0.0343051 -0.0399377 -0.191798 -0.00441665 -0.00130694 0.0186859 -0.0101871 -0.00572816
internal_weight=72482 5708.24 5667.32 1825.84 905.02 920.816 849.587 683.592 3841.49 2496.59 1435.05 1344.9 1061.54 1288.92 555.111 733.813 550.314 659.102 75.2194 583.883 415.701 1232.09 388.704 74.7114 6.68956 1053.61 990.917 304.765 686.152 635.352
internal_count=439140 26175 25956 8053 4715 3338 4497 3530 17903 12191 6919 5712 5272 5557 2396 3161 2368 2785 261 2524 1825 5716 1211 376 43 5258 4915 1508 3407 2818
is_linear=0
shrinkage=0.1


Tree=157
num_leaves=31
num_cat=0
split_feature=9 11 3 8 5 0 4 9 9 10 0 8 8 8 7 11 11 7 12 3 0 8 8 1 0 2 9 2 8 6
split_gain=9.28473 33.1117 26.0487 30.4576 37.3514 25.4196 25.0408 22.8403 21.8866 23.0643 21.6135 21.3935 28.2764 27.7287 27.3616 25.042 21.0536 20.8721 20.5644 19.7899 21.7172 19.7223 20.9412 32.1593 25.3144 19.6685 23.3381 20.6329 27.5225 20.7967
threshold=-15.892499999999997 0.14379699248120298 1.0000000180025095e-35 74.264500000000012 3.5000000000000004 74.500000000000014 46.500000000000007 -16.644499999999997 -24.962499999999999 -51.300999999999988 96.500000000000014 89.145500000000013 85.542500000000018 116.99600000000002 1.5000000000000002 0.069605943152454761 0.55144747725392895 4.5000000000000009 -13.499999999999998 1.0000000180025095e-35 22.500000000000004 76.943500000000014 83.851500000000016 1.5000000000000002 856.50000000000011 24.500000000000004 -20.556499999999989 9.5000000000000018 74.912500000000009 2.5000000000000004
decision_type=2 2 2 2 2 2 2 2 2 2 2 2 2 2 2 2 2 2 2 2 2 2 2 2 2 2 2 2 2 2
left_child=1 11 7 -4 6 -6 8 25 9 16 -7 12 19 -13 -14 -15 -5 -8 -10 21 -21 -1 -23 -24 -25 27 -27 -3 -29 -30
right_child=-2 2 3 4 5 10 17 -9 18 -11 -12 13 14 15 -16 -17 -18 -19 -20 20 -22 22 23 24 -26 26 -28 28 29 -31
leaf_value=-0.036285288444718712 -0.00050170749845901571 -0.0079479067554341747 0.051297611491709631 0.032043648713389196 -0.17418870411766524 0.11543722608337328 -0.055849297575953916 0.021472011120792445 0.16398184959995896 -0.011788986083351102 -0.051302068194228383 -0.028781511098819115 0.15445528168563161 0.098185884461355885 0.017919853808379762 -0.11842564605655399 -0.055727245513779881 0.001692133809731395 0.023715257701740503 0.11371617056496951 -0.071655250980887236 0.0068715311220699394 0.027885099634260641 -0.033360765780746836 -0.15222060972413543 -0.10239570878722813 -0.0052643467408749964 -0.065201647021290776 -0.054554092931273203 0.0065608577416127814
leaf_weight=179.40874019870535 60707.668938322924 1829.4849262759089 198.27061630133539 288.86342968046665 14.775272825732825 8.9373795986175519 82.519021309912205 548.09245073702186 10.536930549889801 427.60645759105682 59.726487696170807 599.13316565752029 15.403575390577315 30.574963465332985 311.35390987992287 6.4657496064901343 30.184928938746452 267.02667953073978 1300.1113509181887 6.9031990454532197 74.810245390050113 903.56936922669411 86.686863072216511 195.60580719634891 19.725200016051531 40.390005022287369 63.829634428024292 55.445594787597656 56.452271537855268 4070.2969972696155
leaf_count=1504 385917 7462 523 849 97 27 253 2093 28 1424 278 5780 71 244 2030 53 105 777 3874 25 580 5700 300 1664 178 206 377 209 559 15953
internal_value=-3.12475e-06 0.00256582 0.00526781 0.0135766 0.0105733 -0.0552028 0.0128536 0.00191568 0.017058 0.00339256 -0.0295991 -0.00783509 -0.00224639 -0.0235905 0.0243562 0.0603746 0.0237397 -0.011892 0.0248429 -0.00817299 -0.055995 -0.00535154 -0.000748154 -0.0235445 -0.0442488 0.000163089 -0.0429073 0.000909765 0.00478452 0.00572483
internal_weight=72489.9 11782.2 9352.55 2688.56 2490.29 83.4391 2406.85 6663.99 2057.3 746.655 68.6639 2429.64 1793.47 636.174 326.757 37.0407 319.048 349.546 1310.65 1466.71 81.7134 1385 1205.59 302.018 215.331 6115.9 104.22 6011.68 4182.19 4126.75
internal_count=439140 53223 35094 8235 7712 402 7310 26859 6280 2378 305 18129 12052 6077 2101 297 954 1030 3902 9951 605 9346 7842 2142 1842 24766 583 24183 16721 16512
is_linear=0
shrinkage=0.1


Tree=158
num_leaves=31
num_cat=0
split_feature=11 9 2 4 10 6 10 7 2 10 2 6 7 9 3 9 0 0 10 2 0 12 12 10 10 9 8 2 6 9
split_gain=9.03011 15.9474 16.4264 15.7043 20.0665 30.6202 16.6437 17.0834 15.2295 14.9002 13.1329 27.0187 30.1499 18.4999 26.963 21.9061 16.1293 22.879 14.8255 13.9633 34.9518 14.8426 13.8966 12.9425 19.0068 18.2735 23.9437 29.6039 18.137 16.8813
threshold=0.013986697965569402 33.187000000000005 1.0000000180025095e-35 1.5000000000000002 -2.9474999999999976 1.5000000000000002 1.0000000180025095e-35 10.500000000000002 24.500000000000004 -52.977999999999987 1.5000000000000002 1.5000000000000002 1.5000000000000002 -7.8595000000000033 1.0000000180025095e-35 -4.7809999999999979 880.50000000000011 873.50000000000011 -4.9079999999999933 2.5000000000000004 160.50000000000003 11.500000000000002 6.5000000000000009 -13.558000000000277 -20.592500000000001 -49.068999999999988 120.69250000000001 22.500000000000004 1.5000000000000002 -37.957499999999989
decision_type=2 2 2 2 2 2 2 2 2 2 2 2 2 2 2 2 2 2 2 2 2 2 2 2 2 2 2 2 2 2
left_child=1 2 9 4 5 -2 -6 -8 10 -1 11 12 -4 23 15 19 17 -17 -16 20 -15 22 -21 24 25 26 27 -12 29 -25
right_child=3 -3 8 -5 6 -7 7 -9 -10 -11 13 -13 -14 14 18 16 -18 -19 -20 21 -22 -23 -24 28 -26 -27 -28 -29 -30 -31
leaf_value=0.14521128836479752 -0.10247731466432904 -0.1136887337884776 0.69069390574798961 -4.8521679627824164e-05 -0.071197116369248914 0.074279225643142655 -0.11941132047647014 0.29938724596287747 -0.053804082953859036 -0.1304987068344314 -0.0032567310159217775 0.13488131884552493 -0.10285197652364475 -0.17172544986042704 -0.13596807890616563 0.019453429651145566 -0.19237247301326293 0.15857372228907715 0.022240136921045515 0.078224214051052204 0.43877484541944139 0.33996332453259609 -0.090321689675646397 0.15478511255144348 -0.08680603874773711 -0.017138178923570464 0.43737415947157143 0.48147051595072271 0.064947599556023708 -0.10293815317644468
leaf_weight=2.3067142460495225 14.18954466562718 10.051300287246702 0.50491225067526002 71637.998481452465 85.29282874148339 31.686414130032063 1.6011055381968606 2.4868535147979856 30.232518196105957 13.045988498313816 10.933572623878716 24.579369425773621 9.2533438121899945 1.3401921442709852 14.677049441263081 259.29686448164284 3.4314918378368011 12.385675911791621 9.9308796087279898 63.676899380981922 3.1230899225920439 2.0248713530600062 5.2989046890288583 3.1071196943521526 35.253875359892845 116.30670250440016 1.8608048856258381 1.4240582548081864 45.238145105540752 13.962521431036292
leaf_count=13 887 255 35 422577 4317 151 30 22 728 330 186 44 414 36 414 4019 70 87 207 693 25 15 65 174 746 1711 8 10 117 754
internal_value=-3.08726e-06 0.0113553 0.0131949 -0.000112796 -0.0341552 0.019608 -0.06175 0.135359 0.0155459 -0.0890738 0.0188342 0.0789895 -0.0617923 0.0154102 0.0290641 0.0361665 0.0230745 0.0257958 -0.0721209 0.0838949 0.25546 0.0731099 0.0652761 -0.00704935 -0.0216531 -0.00405579 0.102958 0.0526019 0.0318061 -0.0560258
internal_weight=72466.5 693.247 683.196 71773.3 135.257 45.876 89.3808 4.08796 667.843 15.3527 637.61 34.3376 9.75826 603.273 375.186 350.578 275.114 271.683 24.6079 75.464 4.46328 71.0007 68.9758 228.087 165.779 130.525 14.2184 12.3576 62.3078 17.0696
internal_count=439140 11156 10901 427984 5407 1038 4369 52 10558 343 9830 493 449 9337 5631 5010 4176 4106 621 834 61 773 758 3706 2661 1915 204 196 1045 928
is_linear=0
shrinkage=0.1


Tree=159
num_leaves=31
num_cat=0
split_feature=4 4 8 10 4 8 1 11 6 7 8 10 7 9 7 1 10 9 9 11 5 7 7 0 10 3 12 9 12 2
split_gain=8.96845 12.6474 13.7634 19.6883 14.7001 13.0863 12.4123 12.0814 18.784 28.7972 11.9099 15.3337 11.7988 13.0679 11.591 11.4196 11.2393 10.4638 22.2724 27.9455 10.4538 22.9395 15.9638 30.243 20.0035 14.4408 20.0248 28.4843 15.4612 15.0712
threshold=72.500000000000014 69.500000000000014 88.922500000000014 -28.225499999999936 70.500000000000014 98.753500000000017 1.5000000000000002 0.9587585034013606 43.500000000000007 15.500000000000002 77.512500000000017 -36.935499999999998 9.5000000000000018 -1.0645000000000022 2.5000000000000004 2.5000000000000004 -57.201500000000266 0.085500000000003212 0.096499999999998906 0.9826073805202663 4.5000000000000009 11.500000000000002 2.5000000000000004 219.50000000000003 -14.895999999999985 1.0000000180025095e-35 -1.4999999999999998 -0.34049999999999864 1.0000000180025095e-35 3.5000000000000004
decision_type=2 2 2 2 2 2 2 2 2 2 2 2 2 2 2 2 2 2 2 2 2 2 2 2 2 2 2 2 2 2
left_child=1 7 3 4 -3 -4 -5 20 17 -10 14 -12 15 -14 -2 -8 -6 -9 19 -19 -1 22 23 24 -22 26 -23 -28 -27 -29
right_child=10 2 5 6 16 -7 12 8 9 -11 11 -13 13 -15 -16 -17 -18 18 -20 -21 21 25 -24 -25 -26 28 27 29 -30 -31
leaf_value=0.00010749198446820591 0.0013741764284752357 0.045385331590163364 -0.12759771547205351 0.04032438342926576 0.028825810159179899 0.074834873004689856 0.11788476547718725 -0.07562681473937867 -0.032033314765794019 0.28110160802212775 0.092662726211607899 -0.076651117718328846 0.10396438969631175 0.28636557588688039 -0.2246449665998132 -0.15221475548143201 -0.090412548578975793 0.037688166647619134 -0.030249920154197252 0.67641929180529636 0.034389215853426566 0.06306472795087649 -0.055432338584354049 -0.087929699071599324 0.25565992983574864 -0.11922097350992322 -0.053095915325124254 -0.06961663042324262 0.032656232298244707 0.043082788491027507
leaf_weight=71717.888225691713 3.5267750569619221 48.437817316502333 9.8864101041108352 23.442823138087988 13.417538002133368 4.7171052359044543 5.6005181549116996 56.618811688385904 8.0775394989177567 4.6147549366578451 8.6053205169737321 14.134525252506139 8.0459579452872259 7.6740658497437826 6.3620223733596504 2.1725344732403755 19.241234824061394 2.0820736819878216 40.167412251234055 1.0208099782466886 13.009152861312034 57.947341671213508 154.39798700809479 14.508595691761 5.9562286701984695 18.120001377072189 72.051430264487863 13.629760951036586 10.637899597175418 91.696483009727672
leaf_count=430238 11 184 86 140 47 16 37 2223 91 30 26 138 16 37 47 39 112 75 680 18 128 160 1980 182 32 226 560 377 82 1122
internal_value=-4.02348e-06 1.95906e-05 0.0297676 0.0402586 0.0104257 -0.0622096 0.0918044 -3.91116e-05 -0.0327721 0.0818185 -0.0524197 -0.0125786 0.143174 0.193007 -0.144037 0.0423931 -0.0414246 -0.0473325 -0.0103095 0.247823 1.19503e-05 -0.015149 -0.0418595 0.0207447 0.103881 0.00385329 0.012028 -0.0046452 -0.0630397 0.0284989
internal_weight=72457.7 72425.1 142.636 128.032 81.0966 14.6035 46.9359 72282.4 112.581 12.6923 32.6286 22.7398 23.4931 15.72 9.8888 7.77305 32.6588 99.8891 43.2703 3.10288 72169.8 451.955 187.872 33.474 18.9654 264.083 235.325 177.378 28.7579 105.326
internal_count=439140 438918 714 612 343 102 269 438204 3117 121 222 164 129 53 58 76 159 2996 773 93 435087 4849 2322 342 160 2527 2219 2059 308 1499
is_linear=0
shrinkage=0.1


Tree=160
num_leaves=31
num_cat=0
split_feature=6 11 4 6 4 4 11 9 6 11 10 10 4 11 10 11 7 2 4 10 11 8 9 12 8 0 11 7 4 11
split_gain=8.94121 115.522 59.8692 48.8731 48.7758 39.2826 30.8486 34.6235 30.7643 136.485 47.7652 37.2305 24.2797 23.6921 22.7668 22.4555 51.3224 38.0521 36.169 50.4709 55.7896 46.117 64.7144 34.9943 29.1101 27.6971 24.8108 22.0753 21.9088 106.067
threshold=6.5000000000000009 0.085960591133004915 3.5000000000000004 7.5000000000000009 6.5000000000000009 4.5000000000000009 0.15277777777777893 -0.25550000000000489 7.5000000000000009 0.099295774647887317 -68.229499999999931 -4.8210000000000113 43.500000000000007 0.091538742690058475 -23.734999999999989 0.097222222222221114 14.500000000000002 3.5000000000000004 7.5000000000000009 -5.8145000000000087 0.12403846153846151 103.68850000000002 -0.6385000000000004 5.5000000000000009 83.047500000000014 42.500000000000007 0.12838827838827838 17.500000000000004 8.5000000000000018 0.069605943152454761
decision_type=2 2 2 2 2 2 2 2 2 2 2 2 2 2 2 2 2 2 2 2 2 2 2 2 2 2 2 2 2 2
left_child=28 2 14 5 6 -4 -3 -8 10 -10 12 13 -6 -12 -2 16 17 23 19 -17 25 22 -22 24 -15 -21 -20 -7 29 -1
right_child=1 4 3 -5 8 27 7 -9 9 -11 11 -13 -14 15 -16 18 -18 -19 26 20 21 -23 -24 -25 -26 -27 -28 -29 -30 -31
leaf_value=0.00069745252664845086 0.043728950778279228 -0.10542567128607119 0.029143876695304619 0.020880263185169504 -0.056205169256594335 0.10024766295413363 0.71087946214769671 -0.0067955218556878753 0.054969760647975145 9.9706088573482611e-05 -0.043917582731892585 -0.030040612605512208 0.074598220533473689 0.469873928557902 -0.080925539201631189 -0.037908099796219084 -0.036387446281626268 0.05728356203660389 0.075785970029216915 0.42829324752412223 1.306710909724367 1.3893670359204089 0.09009201989434279 -0.025101662745322096 0.15494630516262867 -0.060608604044396046 0.0041442027969443331 -0.019552927817378871 0.0016150413017878716 -0.028680061729450847
leaf_weight=5100.2332973634184 19.476212583482265 58.424126742174849 165.82264094054699 536.0517180711031 266.75285771489143 228.3536424934864 0.97585357259959016 2.160528636770322 457.13961298414506 54404.434148194967 114.24422053899616 506.61057914048433 14.988064974546431 5.9998687198385579 59.146666348911822 307.82030320167542 53.350977711379528 73.220267809927464 50.097542361589149 1.4476010878570358 0.56598831526935178 0.53621634561568488 1.9216038344893602 4.048844411969184 5.7459978321567178 5.8072794296313077 1378.0997870701831 16.492019534111023 6990.5038198912516 1619.1583337262273
leaf_count=59079 68 793 580 1627 1736 583 14 41 1174 305825 1130 3706 36 17 298 3808 382 512 138 18 6 25 93 27 38 92 5016 56 33067 19155
internal_value=-4.7304e-06 0.000531969 0.0338036 0.0407671 -5.91281e-05 0.0667258 -0.0890241 0.216502 3.58669e-05 0.000556916 -0.0102052 -0.00582211 -0.0492467 0.000303667 -0.0500465 0.00297859 0.0411677 0.0876503 -0.000134762 -0.0306293 0.187352 0.548218 0.366903 0.228423 0.315813 0.0369443 0.00665721 0.0921783 -0.00230421 -0.00638159
internal_weight=72449.6 58739.7 1025.34 946.72 57714.4 410.668 61.5605 3.13638 57652.8 54861.6 2791.26 2509.52 281.741 2002.91 78.6229 1888.66 142.366 89.015 1746.3 318.099 10.2787 3.02381 2.48759 15.7947 11.7459 7.25488 1428.2 244.846 13709.9 6719.39
internal_count=439140 327839 3212 2846 324627 1219 848 55 323779 306999 16780 15008 1772 11302 366 10172 976 594 9196 4042 234 124 99 82 55 110 5154 639 111301 78234
is_linear=0
shrinkage=0.1


Tree=161
num_leaves=31
num_cat=0
split_feature=6 4 11 11 11 6 5 4 10 8 6 7 6 11 6 5 7 0 2 2 8 9 2 9 1 2 9 9 10 11
split_gain=8.58505 85.685 57.8853 58.5625 32.8741 75.7703 27.8114 29.3973 23.9558 28.136 22.605 21.3983 21.5478 20.8059 75.8542 23.4084 19.9883 19.3858 18.3589 51.608 57.4354 40.8155 59.2675 76.8978 56.3955 76.2658 74.3414 84.2773 52.7912 39.8554
threshold=17.500000000000004 17.500000000000004 0.18441295546558703 0.25138888888888894 0.25987012987012992 20.500000000000004 2.5000000000000004 16.500000000000004 125.366 82.228500000000011 19.500000000000004 7.5000000000000009 20.500000000000004 0.25138888888888894 19.500000000000004 1.5000000000000002 6.5000000000000009 804.50000000000011 14.500000000000002 11.500000000000002 93.731500000000011 -9.5434999999999999 3.5000000000000004 -11.935999999999998 2.5000000000000004 7.5000000000000009 -1.1249999999999927 3.1674999999999973 17.113500000000041 0.41742424242424242
decision_type=2 2 2 2 2 2 2 2 2 2 2 2 2 2 2 2 2 2 2 2 2 2 2 2 2 2 2 2 2 2
left_child=8 2 -2 6 5 13 7 10 -1 17 -4 16 -13 14 -3 -15 -9 -10 19 21 -21 22 28 -24 25 -23 29 -28 -6 -27
right_child=1 4 3 -5 18 -7 -8 11 9 -11 -12 12 -14 15 -16 -17 -18 -19 -20 20 -22 24 23 -25 -26 26 27 -29 -30 -31
leaf_value=-0.00061352172240009049 -0.030797789023202696 -0.022937228018935253 0.067821758651287131 -0.068069853807207495 0.011986527495831472 0.050816541240199499 -0.11759115162216308 0.11737610383419572 -0.05194720118037284 -0.043127293495784036 -0.0011727903340495339 0.09139886971130301 -0.04906764746425557 -0.057449770874160894 0.080877475746277419 0.014327329314674529 0.24776933618256713 0.087069145588411168 -0.0015046404584642132 0.0099871958935604643 0.049628132090073385 -0.0010574173020987104 -0.0095628251749946252 -0.061277255136938685 -0.040678337652871377 -0.040949398291017708 0.066386513346342269 0.0035663695451214395 -0.10579438648765259 0.012825082927020446
leaf_weight=47573.522350102634 92.062091753818095 906.64114139880985 166.34852062352002 34.779729447327554 1039.3319813609123 160.6848292350769 7.9855051152408114 53.631712138652802 14.804621629416941 242.34684049338102 66.458629371598363 81.106079369783401 12.620168000459669 254.05519094271585 76.305637300014496 55.331714250613004 15.056598067283629 31.111500218510628 10422.912009239197 2493.9503182321787 428.26955352723598 4302.7914672242478 1097.1962885856628 389.64687570929527 263.27525903657079 159.77347201108932 585.24032555520535 336.25829339027405 39.501318633556366 1003.402424633503
leaf_count=296539 393 6633 524 356 3697 512 78 170 87 2154 277 241 47 2233 253 317 38 120 61028 13368 2234 29809 4600 1622 2704 1039 2278 1807 195 3787
internal_value=-7.90132e-06 0.00151264 0.0412825 0.0564333 0.000634845 -0.0139445 0.0671726 0.0709058 -0.000787671 -0.0295285 0.0481261 0.103558 0.0724852 -0.0219967 -0.0148781 -0.0446129 0.145959 0.0422464 0.00157379 0.0042171 0.0157968 0.00054556 -0.0101688 -0.0231153 0.00467887 0.00654838 0.0222468 0.0434632 0.007674 0.00543864
internal_weight=72406.4 24544.6 530.049 437.987 24014.6 1453.02 403.207 395.222 47861.8 288.263 232.807 162.415 93.7262 1292.33 982.947 309.387 68.6883 45.9161 22561.5 12138.6 2922.22 9216.42 2565.68 1486.84 6650.74 6387.47 2084.67 921.499 1078.83 1163.18
internal_count=439140 140240 2124 1731 138116 9948 1375 1297 298900 2361 801 496 288 9436 6886 2550 208 207 128168 67140 15602 51538 10114 6222 41424 38720 8911 4085 3892 4826
is_linear=0
shrinkage=0.1


Tree=162
num_leaves=31
num_cat=0
split_feature=11 11 11 4 6 3 9 12 7 11 0 1 12 9 9 6 6 8 2 10 9 9 9 12 8 0 7 2 12 10
split_gain=8.65623 32.8903 29.992 34.4527 27.3985 26.2951 23.4066 25.8045 28.3619 24.5708 30.103 19.7726 23.4361 21.9262 24.562 19.6388 50.5415 21.6681 24.3889 20.0938 23.5132 19.61 23.3653 25.603 22.4084 48.6792 32.1467 20.6743 20.9098 31.7969
threshold=0.027973395931138855 0.039250700280112009 0.041960093896713561 3.5000000000000004 3.5000000000000004 1.0000000180025095e-35 -49.068999999999988 -2.4999999999999996 7.5000000000000009 0.22222222222222113 848.50000000000011 2.5000000000000004 -5.4999999999999991 -3.8455000000000079 -9.0615000000000006 2.5000000000000004 3.5000000000000004 89.145500000000013 16.500000000000004 -0.27199999999999835 -10.958999999999994 2.2704999999999989 -4.4134999999999982 9.5000000000000018 71.964500000000015 130.50000000000003 9.5000000000000018 21.500000000000004 -3.4999999999999996 -40.188999999999986
decision_type=2 2 2 2 2 2 2 2 2 2 2 2 2 2 2 2 2 2 2 2 2 2 2 2 2 2 2 2 2 2
left_child=5 11 4 6 21 15 -4 8 -8 -9 -11 12 -2 14 -13 -1 17 18 -17 20 -18 22 24 27 25 26 -3 28 -24 -30
right_child=1 2 3 -5 -6 -7 7 9 -10 10 -12 13 -14 -15 -16 16 19 -19 -20 -21 -22 -23 23 -25 -26 -27 -28 -29 29 -31
leaf_value=0.00069036241814829933 0.023525944047942556 0.072751472827195462 0.33130092996063587 -6.4674890347441252e-05 0.040958334402411194 -0.043374220036813363 0.35742914856821573 -0.059405149652934641 0.0094153452487917705 -0.10438894911723302 0.6776230989745029 0.009507872109769994 -0.047457244888080764 0.049154743204783087 -0.12459203494962688 0.14160257832649539 -0.030079763058564864 0.039229835051268036 0.021419056003423694 -0.036512918093000037 0.035109794144855766 -0.038662322564738665 -0.047312106664533941 0.22745468721790496 -0.019329675099284779 -0.025951586135964589 0.57633828315667379 -0.11539272678757401 0.20268882056113169 0.041195106425552235
leaf_weight=764.81777633051388 54.385415151715279 2.2475579264573744 1.7054572105407704 69403.783205477521 338.51211848855019 94.35140019771643 2.4840014372020951 194.99285735469311 40.893966257572174 0.96253572404384513 1.0074776904657481 42.210219107568264 321.32479294203222 64.833174282684922 20.192710466682911 55.349854280240834 77.411550290882587 135.66079979669303 24.297136411070824 97.005996394902468 193.96206803992391 89.850910380482674 20.930866114795208 7.223943017423152 173.71912748785689 9.3531561866402608 2.9073609486222267 8.6450947690755111 13.970402570441363 95.773525830358267
leaf_count=19142 652 50 7 398527 916 1857 14 4163 366 57 6 179 5477 261 130 120 303 426 73 636 681 1229 252 32 2261 115 17 153 100 938
internal_value=-5.97882e-06 -0.000162 2.00213e-05 -0.000196022 0.0197368 0.00766196 -0.0378583 -0.0404779 0.0293441 -0.055855 0.295537 -0.0256437 -0.0371822 0.00842793 -0.033885 0.0112328 0.0250468 0.0635372 0.104939 0.00255029 0.0165139 0.00281881 0.0139521 0.0438934 -0.00935851 0.110036 0.356773 0.0343754 0.0442837 0.0617533
internal_weight=72354.8 70911.9 70409 69645.8 763.134 1442.86 242.046 240.341 43.378 196.963 1.97001 502.946 375.71 127.236 62.4029 1348.51 583.687 215.308 79.647 368.38 271.374 424.622 334.771 146.544 188.227 14.5081 5.15492 139.32 130.675 109.744
internal_count=439140 415902 409203 403140 6063 23238 4613 4606 380 4226 63 6699 6129 570 309 21381 2239 619 193 1620 984 5147 3918 1475 2443 182 67 1443 1290 1038
is_linear=0
shrinkage=0.1


Tree=163
num_leaves=31
num_cat=0
split_feature=7 2 9 8 2 10 10 9 2 11 0 8 4 9 0 9 2 9 10 8 10 9 0 8 12 2 5 11 8 4
split_gain=8.08035 22.939 20.4785 26.3298 23.1574 22.3589 25.863 25.8 18.3656 23.5386 22.8964 18.2049 35.6003 16.5653 19.6471 19.703 16.4981 15.7415 16.6715 15.6954 15.2891 16.8237 14.9544 18.0204 16.5152 14.5771 21.2107 15.0526 14.3414 16.6642
threshold=19.500000000000004 3.5000000000000004 -33.835000000000001 80.842500000000015 4.5000000000000009 -18.193000000000008 -21.591000000000001 -4.0095000000000018 10.500000000000002 0.34641025641025641 34.500000000000007 99.684000000000012 11.500000000000002 -2.9769999999999963 120.50000000000001 -22.199499999999997 1.5000000000000002 -3.4420000000000002 -4.1789999999999941 76.27300000000001 11.776000000000005 -1.8265000000000031 277.50000000000006 94.635000000000005 -3.4999999999999996 12.500000000000002 2.5000000000000004 0.42179392142327649 93.038500000000013 16.500000000000004
decision_type=2 2 2 2 2 2 2 2 2 2 2 2 2 2 2 2 2 2 2 2 2 2 2 2 2 2 2 2 2 2
left_child=-1 16 19 13 20 6 8 11 9 10 -6 22 -13 14 15 -4 -2 -9 28 -3 21 -5 -7 -24 -25 -10 27 -27 -19 -30
right_child=1 2 3 4 5 7 -8 17 25 -11 -12 12 -14 -15 -16 -17 -18 18 -20 -21 -22 -23 23 24 -26 26 -28 -29 29 -31
leaf_value=0.00012316976377117864 -0.024496754957408176 0.18619012364910259 -0.16267420358347351 -0.11341462602405412 0.12238526528540912 -0.0054126424723038675 -0.11534199791526317 0.19122554396625313 0.036224590669802541 -0.1757916600870196 -0.058006490997477879 0.16342911118035003 -0.1494968712903321 -0.11550131515475422 -0.064461430829692162 0.057336790347999572 0.044569042611722683 0.12943425643800227 0.0026195103178584789 0.023999091870138364 0.081509676843989395 -0.027404257285584318 -0.1678488339157852 -0.12342652885336258 0.076826124929936901 -0.023976561070650475 0.0526841674318013 -0.15905434844993488 0.074006464120094248 -0.057696246775358451
leaf_weight=71246.629771302716 48.171958729624748 6.7751857573166481 4.7377318739891043 41.819127792492509 8.4198867612285522 51.853628086857498 26.041228448040783 7.0882537364959708 77.721514999866486 13.731799878180025 42.81303361710161 12.564233576878907 5.1158617045730344 36.209602640010417 81.65908239595592 28.900624208152294 122.63942354917526 26.922211377881467 67.972141816280782 49.987346178852022 7.5386654883623114 49.85100257769227 15.931464466266332 7.8794011734426048 8.6280714198946935 143.16464403166901 36.986644629621878 8.7542588626965863 35.655646184459329 13.150482362136243
leaf_count=433332 399 13 36 198 32 226 215 30 267 80 254 81 41 375 385 125 430 96 560 243 20 245 96 50 36 745 128 102 237 63
internal_value=-7.48003e-06 -0.00855758 -0.0148194 -0.0186544 -0.0105745 -0.00329161 -0.0193816 0.0194742 -0.0118455 -0.0595231 -0.02836 -0.0193763 0.0728817 -0.0564974 -0.037967 0.0263497 0.0250912 0.0457473 0.0385714 0.0433582 -0.0553838 -0.0666415 -0.0387271 -0.0919803 -0.0187591 -0.000228627 -0.0152266 -0.0317604 0.070841 0.0385201
internal_weight=72335.3 1088.68 917.873 861.11 709.603 610.394 357.633 252.761 331.592 64.9647 51.2329 101.973 17.6801 151.507 115.297 33.6384 170.811 150.789 143.7 56.7625 99.2088 91.6701 84.2926 32.4389 16.5075 266.627 188.906 151.919 75.7283 48.8061
internal_count=439140 5808 4979 4723 3802 3339 1823 1516 1608 366 286 530 122 921 546 161 829 986 956 256 463 443 408 182 86 1242 975 847 396 300
is_linear=0
shrinkage=0.1


Tree=164
num_leaves=31
num_cat=0
split_feature=1 0 0 0 0 12 0 0 7 9 9 8 9 9 10 7 2 11 2 7 2 2 11 1 2 10 9 0 10 1
split_gain=8.03096 13.3257 25.8614 11.0406 20.6558 18.3477 19.7314 23.0146 10.852 14.2579 14.8491 20.9717 9.53723 20.5429 8.89611 8.65072 32.8434 33.0838 31.7986 45.5987 41.5067 53.3291 65.0903 39.1395 47.408 53.0298 44.6771 43.5445 38.6209 43.0427
threshold=3.5000000000000004 828.50000000000011 825.50000000000011 799.50000000000011 796.50000000000011 5.5000000000000009 54.500000000000007 124.50000000000001 8.5000000000000018 -8.8969999999999967 2.8315000000000059 93.816500000000005 10.869499999999997 8.6220000000000088 -66.604999999999976 8.5000000000000018 3.5000000000000004 0.24837662337662339 3.5000000000000004 15.500000000000002 7.5000000000000009 8.5000000000000018 0.15277777777777893 1.5000000000000002 1.0000000180025095e-35 -189.91099999999997 -6.059499999999999 828.50000000000011 -3.8349999999999791 1.5000000000000002
decision_type=2 2 2 2 2 2 2 2 2 2 2 2 2 2 2 2 2 2 2 2 2 2 2 2 2 2 2 2 2 2
left_child=15 2 3 4 5 8 -7 -8 14 -10 -11 -12 13 -13 -2 16 17 -1 19 23 28 22 -22 24 -17 -26 -27 -25 -20 -30
right_child=1 -3 -4 -5 -6 6 7 -9 9 10 11 12 -14 -15 -16 18 -18 -19 20 -21 21 -23 -24 27 25 26 -28 -29 29 -31
leaf_value=-0.019844224810687441 0.12744033280307943 -0.068229112968101316 0.23487628485707637 -0.085539757896139768 0.26462038538027127 -0.059536954875691307 0.42375229793118763 0.049963271371965927 0.27409945852930112 -0.11792406274146527 0.40580347190035693 -0.11524849801633708 -0.11017453381655101 0.26126876284338724 -0.11552500451673281 0.017515961823699126 0.0027020483986346859 -0.00040575560146005911 -0.013208458768817311 0.016423329629609292 -0.044191758578244165 -0.0011538236083046261 0.038381567171554852 0.022244440680297489 -0.13418677402852308 0.00059178939942499222 -0.025354849057463359 -0.020772162120925322 -0.012826192326678039 0.022376279479148671
leaf_weight=1348.8827509857947 1.652310356497767 45.856848219409585 4.4180305004119864 16.717199087142944 2.9522157609462729 4.3169229552149755 2.9459895864129066 3.7363582588732243 1.864674737676977 8.2099245605059021 1.5076606879010785 2.6828419743105751 4.1516447709873319 3.1510355919599533 17.135099074337631 675.57150976313278 24995.565267562866 2495.2808797359467 5198.2805064916611 2410.0429744720459 112.40908338502049 28757.855073586106 633.25742433592677 1146.8601357601583 35.095984101295471 1556.3490759991109 1156.9428965188563 296.07130914926529 665.51612746715546 726.50965571403503
leaf_count=14552 18 466 36 181 17 46 19 22 9 121 5 39 79 35 262 3774 163272 14994 30293 11583 1613 164599 2453 8114 139 4846 8177 2003 3821 3552
internal_value=-6.79566e-06 -0.0257161 0.000125067 -0.0144776 0.00739743 -0.00738955 0.107101 0.214752 -0.0385953 0.00980355 -0.0152091 0.0581634 0.00567503 0.0881187 -0.0941568 3.63908e-05 0.00137863 -0.00722654 -0.00085614 0.00517429 -0.00207194 -0.00046922 0.0259337 -0.000396145 -0.00621772 -0.0120516 -0.0104718 0.013418 -0.00924703 0.00554627
internal_weight=72331.8 121.299 75.4419 71.0239 54.3067 51.3545 10.9993 6.68235 40.3552 21.5678 19.7031 11.4932 9.98552 5.83388 18.7874 72210.5 28839.7 3844.16 43370.8 7276.93 36093.8 29503.5 745.667 4866.89 3423.96 2748.39 2713.29 1442.93 6590.31 1392.03
internal_count=439140 1355 889 853 672 655 87 41 568 288 279 158 153 74 280 437785 192818 29546 244967 38636 206331 168665 4066 27053 16936 13162 13023 10117 37666 7373
is_linear=0
shrinkage=0.1


Tree=165
num_leaves=31
num_cat=0
split_feature=12 6 12 10 9 0 4 1 11 12 8 8 11 7 9 8 9 11 6 11 7 10 0 0 2 9 9 10 9 10
split_gain=8.14786 20.7961 18.8272 27.736 22.6393 19.4219 17.2422 15.919 15.79 15.6644 22.887 19.2136 15.974 15.5546 18.7025 15.3588 17.3488 15.1153 18.3405 22.0092 27.3156 18.1911 15.6439 15.1816 14.8768 14.5666 39.0507 27.4886 18.7178 25.32
threshold=6.5000000000000009 40.500000000000007 10.500000000000002 36.390000000000022 -28.091499999999996 873.50000000000011 2.5000000000000004 1.0000000180025095e-35 0.39504283965728276 5.5000000000000009 77.992500000000021 116.99600000000002 0.052289815447710157 7.5000000000000009 33.187000000000005 93.731500000000011 7.5645000000000033 0.26401991614255771 14.500000000000002 0.30839160839160845 7.5000000000000009 -138.77999999999994 793.50000000000011 849.50000000000011 12.500000000000002 0.29899999999999954 -6.2449999999999966 -92.902500000000146 9.5580000000000016 -45.698
decision_type=2 2 2 2 2 2 2 2 2 2 2 2 2 2 2 2 2 2 2 2 2 2 2 2 2 2 2 2 2 2
left_child=9 2 15 4 -4 -6 -7 8 -5 -1 -11 12 -12 14 -13 17 -17 21 19 -19 23 -2 -20 -21 -9 26 -23 -28 -27 -30
right_child=1 -3 3 7 5 6 -8 24 -10 10 11 13 -14 -15 -16 16 -18 18 22 20 -22 25 -24 -25 -26 28 27 -29 29 -31
leaf_value=1.2006741075410376e-06 -0.088158460293903299 0.068938185128637544 -0.060704239497495698 -0.14487295900024952 0.0017721472932509489 0.22602090559291466 0.043315476213278449 0.099874684065310027 0.092423204994143943 -0.015951265830173315 -0.028045316554401997 0.064027300322636746 0.012469407958239467 0.12183045936890197 -0.17244338193419981 0.0067196935703056548 -0.013783391875265318 -0.1042390345141153 -0.0020365460941174514 -0.056745999840872544 -0.008484377651428579 -0.0072778988069157231 -0.028765677998497587 -0.17726573675504595 0.027358141586024405 -0.047042749616579706 0.15621588770339204 0.029704583304271039 0.12198078070206958 -0.05268099636310955
leaf_weight=64111.28958845805 25.463514417409897 39.213417839258909 55.033669903874397 7.6333685293793661 969.53901407122612 5.7339775878936043 52.07537803798914 55.830164294689894 4.4324121028184891 342.15202009677887 102.27597544342279 12.55506105720997 2006.985821865499 28.263429924845695 4.5591425895690909 1227.982920601964 621.60074472427368 44.72031582519412 576.85033226013184 102.1745443046093 214.87448912113905 916.21083331480622 352.93634629249573 11.643089950084685 57.350913193076849 133.64660006947815 19.049479711800814 174.52777842432261 17.02510242164135 16.1948501765728
leaf_count=401763 174 219 324 44 4208 28 184 210 10 1578 1071 47 8361 111 34 6016 3012 160 2232 333 617 4711 1421 49 247 916 67 734 113 146
internal_value=-6.73882e-06 -0.00363487 -0.00413744 0.00693746 0.00178223 0.00512955 0.0614376 0.0514889 -0.0577013 0.000303834 0.00807469 0.01189 0.0105049 0.0762715 0.00103263 -0.00713961 -0.000170902 -0.0120869 -0.0197006 -0.0384202 -0.0294652 -0.00446683 -0.0121826 -0.0690747 0.0631292 -0.00279756 0.00134442 0.0421543 -0.0303448 0.0368325
internal_weight=72309.8 5701.74 5662.53 1207.63 1082.38 1027.35 57.8094 125.247 12.0658 66608.1 2496.79 2154.64 2109.26 45.3776 17.1142 4454.9 1849.58 2605.32 1303.2 373.412 328.692 1302.12 929.787 113.818 113.181 1276.65 1109.79 193.577 166.867 33.22
internal_count=439140 26175 25956 5255 4744 4420 212 511 54 412965 11202 9624 9432 192 81 20701 9028 11673 4812 1159 999 6861 3653 382 457 6687 5512 801 1175 259
is_linear=0
shrinkage=0.1


Tree=166
num_leaves=31
num_cat=0
split_feature=9 11 3 8 5 6 2 8 8 6 4 8 0 4 9 5 11 9 12 2 9 2 4 9 3 2 11 0 7 10
split_gain=8.30715 27.1933 20.7568 24.2929 30.6835 23.1613 21.7149 26.131 35.3513 34.1205 24.238 23.661 21.1119 20.7926 24.4691 20.2532 19.7512 18.8442 18.6979 21.1084 18.6718 18.4433 37.1999 17.8263 45.8865 36.03 33.7495 41.7806 30.1452 28.6198
threshold=-15.892499999999997 0.14379699248120298 1.0000000180025095e-35 74.264500000000012 3.5000000000000004 14.500000000000002 7.5000000000000009 76.749500000000012 80.066500000000005 22.500000000000004 55.500000000000007 103.68850000000002 74.500000000000014 50.500000000000007 -42.366999999999997 2.5000000000000004 0.39455151964418084 -35.073999999999984 5.5000000000000009 19.500000000000004 -16.644499999999997 1.0000000180025095e-35 10.500000000000002 -9.958499999999999 1.0000000180025095e-35 6.5000000000000009 0.152475845410628 112.50000000000001 6.5000000000000009 77.53100000000002
decision_type=2 2 2 2 2 2 2 2 2 2 2 2 2 2 2 2 2 2 2 2 2 2 2 2 2 2 2 2 2 2
left_child=1 15 20 -4 6 12 7 -5 9 -9 11 18 -6 14 -14 21 -10 -18 19 -8 -3 22 -1 24 25 26 27 -2 -29 -28
right_child=23 2 3 4 5 -7 10 8 16 -11 -12 -13 13 -15 -16 -17 17 -19 -20 -21 -22 -23 -24 -25 -26 -27 29 28 -30 -31
leaf_value=-0.10629372063475893 -0.016332588350585597 0.00030014799452927465 0.046281146278847524 0.08227053125819353 -0.15450860735255142 -0.24583863604450792 0.017248873850699706 -0.05330209082035077 0.026835174379380728 -0.27530123311649052 -0.041820977403670842 -0.087222630175422478 0.092081765379287084 0.064220941948773189 -0.095406672453006866 -0.085499753292125613 -0.18532228396059791 -0.017881165270948129 -0.019077868446498017 0.048067036849454896 0.019616616989896671 -0.0047778346465041886 0.17402632454113276 0.00026437887419532676 -0.016136865086235137 -0.0046023181045227509 0.004202158390699917 -0.00741282622104275 0.060629839178723249 -0.15465889026007076
leaf_weight=37.515563976019621 134.44346064701676 6111.2942390441895 195.13588346540928 28.587319160811603 12.568810379132627 5.6511626839637747 1536.3861735388637 79.30524343252182 140.09277696534991 7.5855007618665686 70.200078761205077 21.139797581359744 8.8709174394607526 22.658732533454895 32.330406127497554 32.460708655416965 7.0860873460769644 130.56714039668441 119.91182525549084 259.83778723701835 545.04606484621763 2333.3960479386151 5.4177072048187247 51019.10678170537 2483.1279514990747 5205.6548295021057 1291.7358823530376 80.424586333334446 341.95629885047674 11.440926361829041
leaf_count=584 1163 24766 523 75 91 24 4533 303 458 40 215 134 25 82 180 165 31 415 389 717 2093 17366 14 342929 9135 25478 4880 789 1454 89
internal_value=-5.86709e-06 0.00242833 0.00487288 0.0123075 0.00963734 -0.0504847 0.0116929 -0.00979601 -0.017014 -0.0726825 0.0159022 0.0179938 -0.0360402 -0.0127235 -0.0550392 -0.00704454 0.000401488 -0.0265007 0.0191546 0.021707 0.00188185 -0.00597284 -0.0709204 -0.000477814 -0.00444335 -0.000333822 0.0116126 0.0322198 0.047674 0.00280748
internal_weight=72310.9 11743 9334.26 2677.92 2482.78 82.08 2400.7 393.224 364.637 86.8907 2007.48 1937.28 76.4289 63.8601 41.2013 2408.79 277.746 137.653 1916.14 1796.22 6656.34 2376.33 42.9333 60567.9 9548.78 7065.66 1860 556.824 422.381 1303.18
internal_count=439140 53223 35094 8235 7712 402 7310 1322 1247 343 5988 5773 378 287 205 18129 904 446 5639 5250 26859 17964 598 385917 42988 33853 8375 3406 2243 4969
is_linear=0
shrinkage=0.1


Tree=167
num_leaves=31
num_cat=0
split_feature=6 11 11 6 5 11 11 10 7 2 2 6 2 6 11 10 4 5 4 1 7 9 11 4 8 11 9 4 11 6
split_gain=8.15417 117.146 83.3715 44.5394 37.3586 34.7812 25.1591 28.7265 37.6305 22.8282 30.6251 25.4706 24.3053 22.5708 99.6468 63.5921 61.7907 33.9169 26.8541 25.5761 22.0948 23.687 23.3333 36.8893 22.0896 21.3287 29.748 24.8133 89.2487 46.1185
threshold=5.5000000000000009 0.069605943152454761 0.064309346567411066 7.5000000000000009 1.5000000000000002 0.078689370485036117 0.079156223893065966 -23.734999999999989 14.500000000000002 9.5000000000000018 21.500000000000004 7.5000000000000009 1.0000000180025095e-35 7.5000000000000009 0.099295774647887317 -68.229499999999931 5.5000000000000009 2.5000000000000004 7.5000000000000009 1.0000000180025095e-35 2.5000000000000004 11.449 0.22222222222222113 15.500000000000002 95.840000000000018 0.58333333333366677 -37.957499999999989 8.5000000000000018 0.05594679186228476 4.5000000000000009
decision_type=2 2 2 2 2 2 2 2 2 2 2 2 2 2 2 2 2 2 2 2 2 2 2 2 2 2 2 2 2 2
left_child=25 2 9 4 -4 24 7 8 -7 12 11 -11 -2 15 16 17 -15 -8 -17 -18 21 -20 -22 -24 -3 27 -27 28 29 -1
right_child=1 5 3 -5 -6 6 13 -9 -10 10 -12 -13 -14 14 -16 18 19 -19 20 -21 22 -23 23 -25 -26 26 -28 -29 -30 -31
leaf_value=-0.0019416570149917982 -0.12289072492671237 -0.012694159507092885 0.11659938872400466 0.029126154118539235 -0.022422756819395796 0.085090818734241028 -0.052346391787716662 -0.0020252213052844299 -0.01090740620055276 -0.009123159593163746 0.027057239886574876 -0.092371214844383112 0.042301859295640447 -0.11915054710620393 6.0300089747055689e-05 -0.014799907763398646 -0.019434810292496704 0.018195268330893261 0.017036127014078865 0.053571013628216084 0.013658914794358483 0.10385216784269911 -0.10858757813938705 -0.0037821496538895071 -0.060861045001832405 0.13985258276190124 -0.033128273654400069 0.0034394024224063701 -0.027017909641184085 0.034951855742120418
leaf_weight=3241.5303723307734 9.2336647347547096 293.18666836619377 190.43592298030853 135.76623865962029 21.513197094202042 125.26594245061278 409.15421620383859 182.91011215001345 60.581014033406973 161.19920901954174 194.31924287974834 47.607048958539963 251.58043808862567 23.26487446250394 54363.798989872914 1350.89778824104 52.719031349755824 81.783076848834753 157.66779015026987 534.56395874824375 893.42767782788724 39.251494079828262 34.066531407646835 2371.3769922796637 141.00148776173592 10.262865185737608 317.71621947968379 4720.0913427516352 1511.2946851551533 378.37455749511719
leaf_count=45532 58 2627 507 357 62 602 2614 1346 374 626 670 207 799 244 306175 15398 160 208 718 1496 2439 74 442 8964 1335 52 3877 22268 17679 1230
internal_value=-5.05017e-06 0.000424806 0.0341755 0.0738439 0.102488 -0.000133881 6.79151e-05 0.0261087 0.053798 0.0134006 -0.00151423 -0.0281034 0.0364535 -9.13024e-05 0.000511487 -0.00629967 0.0406856 -0.0405952 -0.00282577 0.0470175 0.00180147 0.034341 -0.000140913 -0.00526643 -0.0283362 -0.00262857 -0.0277155 -0.00179335 -0.00660685 0.00191468
internal_weight=72305.8 62126.6 1011.65 347.715 211.949 61114.9 60680.7 368.757 185.847 663.94 403.126 208.806 260.814 60312 54974.3 5337.63 610.548 490.937 4846.69 587.283 3495.79 196.919 3298.87 2405.44 434.188 10179.3 327.979 9851.29 5131.2 3619.9
internal_count=439140 348502 3286 926 569 345216 341254 2322 976 2360 1503 833 857 338932 308075 30857 1900 2822 28035 1656 12637 792 11845 9406 3962 90638 3929 86709 64441 46762
is_linear=0
shrinkage=0.1


Tree=168
num_leaves=31
num_cat=0
split_feature=10 10 8 8 4 6 8 11 10 10 10 10 2 11 8 9 6 5 8 11 8 10 9 12 4 11 9 10 3 9
split_gain=7.91666 49.1958 30.6628 29.6651 56.7223 44.5355 29.9875 50.0716 41.2217 34.6224 41.6638 29.32 36.015 31.3719 45.3539 36.3587 30.6112 29.2887 28.8574 30.8461 28.5282 59.1391 53.437 63.8007 61.1519 76.2502 69.9826 89.477 76.8314 53.3873
threshold=-51.300999999999988 -38.597499999999989 103.68850000000002 99.578000000000017 27.500000000000004 12.500000000000002 71.848500000000016 0.54465709728867628 -153.04499999999996 -64.49199999999999 -90.101500000000001 -28.823999999999888 1.0000000180025095e-35 0.26876172607879928 89.841500000000011 -0.82900000000000051 5.5000000000000009 1.5000000000000002 75.924500000000009 0.027973395931138855 91.165500000000023 -26.826499999999893 -1.9769999999999965 -1.4999999999999998 50.500000000000007 0.72438780609695164 -1.0000000180025095e-35 -2.2514999999999996 1.0000000180025095e-35 1.0000000180025095e-35
decision_type=2 2 2 2 2 2 2 2 2 2 2 2 2 2 2 2 2 2 2 2 2 2 2 2 2 2 2 2 2 2
left_child=2 -2 3 6 -5 -6 7 8 -1 10 -10 12 17 16 -15 -16 -14 -3 -8 -20 22 -22 -13 -24 26 -26 27 28 -25 -28
right_child=1 11 -4 4 5 -7 18 -9 9 -11 -12 20 13 14 15 -17 -18 -19 19 -21 21 -23 23 24 25 -27 29 -29 -30 -31
leaf_value=-0.096098506888021684 -0.0072419901757472668 -0.078164376832849672 0.018629003794588827 -0.037439858232491761 0.059037858309850949 -0.0084039573737822587 0.017078621703217559 0.026724167285391051 -0.045257355656621312 -0.054037527367321127 0.028360380528070547 0.00058918284164834298 -0.0033789210337052873 0.006898517147908863 -0.029471251749856688 -0.0015607027820211897 0.018135614659434331 0.046428096249616517 0.04507068374065986 0.0010247579989007059 -0.032634167786780771 0.0029407906826662551 0.0086531197971434475 -0.055334906994826807 0.068983631095640555 -0.0082765921959211362 0.028332774971036569 0.012178267173835447 0.076375081018389079 -0.017665627068812188
leaf_weight=84.757615923881531 9305.6419677734375 20.123464055359364 1015.3573851585388 558.94033285975456 130.26333616673946 394.28695778548717 1284.5374145507812 196.11438306607306 126.99984705448151 195.65791097097099 194.78602124005556 9921.6730804443359 910.03895592782646 3418.1165016000159 750.0829359292984 1235.5541945830919 2419.7927701026201 302.32404523342848 160.66279443632811 15336.47401348222 479.47335815429688 18389.072779655457 1193.019269824028 1209.7579852696508 161.63005628809333 609.23621559143066 299.0626223552099 278.08251114189625 45.972640717402101 1614.3873476088047
leaf_count=333 44018 346 4743 4436 308 1382 5094 525 827 1472 1149 45115 6562 12349 3017 5438 11936 851 1762 71673 2786 141939 5259 28981 732 8796 3163 2246 132 21770
internal_value=-5.46408e-06 -0.000645989 0.00170541 0.000784704 -0.0152745 0.0083441 0.00177446 -0.0171617 -0.0314536 -0.0208648 -0.000694473 0.00077296 0.00583242 0.00462069 -8.40676e-05 -0.012104 0.0122557 0.0386525 0.00267527 0.00148139 -0.000566713 0.00203679 -0.00377058 -0.0117645 -0.0175392 0.00792281 -0.0232329 -0.039147 -0.050513 -0.0104763
internal_weight=72241.9 52563 19678.8 18663.5 1083.49 524.55 17580 798.316 602.201 517.444 321.786 43257.4 9056.03 8733.59 5403.75 1985.64 3329.83 322.448 16781.7 15497.1 34201.4 18868.5 15332.8 5411.15 4218.13 770.866 3447.26 1533.81 1255.73 1913.45
internal_count=439140 345436 93704 88961 6126 1690 82835 4306 3781 3448 1976 301418 40499 39302 20804 8455 18498 1197 78529 73435 260919 144725 116194 71079 65820 9528 56292 31359 29113 24933
is_linear=0
shrinkage=0.1


Tree=169
num_leaves=31
num_cat=0
split_feature=10 2 2 2 1 2 2 8 5 8 10 9 2 3 7 7 10 9 6 7 2 0 1 7 2 0 4 10 11 8
split_gain=8.63506 42.4426 31.123 51.8032 38.0939 86.5232 90.4037 61.345 52.7571 46.5732 48.9456 38.7681 34.769 60.4055 51.6478 33.5445 33.1302 38.3194 31.7074 30.219 38.5474 41.33 38.5238 29.9362 50.3121 50.2213 37.1884 39.7311 36.6668 33.5507
threshold=14.24 1.5000000000000002 23.500000000000004 16.500000000000004 1.5000000000000002 7.5000000000000009 6.5000000000000009 76.842500000000015 1.5000000000000002 95.533500000000018 57.781500000000001 -17.812500000000004 24.500000000000004 1.0000000180025095e-35 2.5000000000000004 2.5000000000000004 96.696000000000041 14.935499999999999 2.5000000000000004 9.5000000000000018 18.500000000000004 190.50000000000003 1.5000000000000002 8.5000000000000018 12.500000000000002 136.50000000000003 23.500000000000004 120.49650000000001 0.10566188197767142 84.931500000000014
decision_type=2 2 2 2 2 2 2 2 2 2 2 2 2 2 2 2 2 2 2 2 2 2 2 2 2 2 2 2 2 2
left_child=-1 -2 3 4 8 6 -6 -7 -3 10 -9 -8 14 -14 -4 -12 17 -16 -11 20 -5 -22 -21 24 25 -17 27 -27 29 -25
right_child=1 2 12 19 5 7 11 9 -10 18 15 -13 13 -15 16 23 -18 -19 -20 22 21 -23 -24 28 -26 26 -28 -29 -30 -31
leaf_value=0.00035032413430838229 -0.042845176769052203 -0.034584350904429691 -0.041646596111599432 -0.049914499374004953 0.018852147164399351 -0.072119241482020688 -0.087068584903904123 -0.027337338451886253 0.0065366293748753412 0.17357485661378791 -0.026444184133723316 0.11291983854437684 -0.026928069352567065 0.073665332637572009 0.0037214439944443117 0.01429846823344825 0.092913939780699506 0.16308991582916565 -0.045445014839010735 -0.0032374688149588702 -0.017201196722454983 0.027985643702640457 -0.049471832131075914 0.013441292814825223 0.0091644926224472567 0.14125598019149158 0.018149872462006229 -0.047377620800807513 -0.011925121481460254 0.12529773182043191
leaf_weight=65274.353222084115 261.99785089492798 584.15474246814847 61.880330298095942 171.9744713306427 812.24640765786171 123.62919993326068 10.346663799136875 328.60446017980576 669.67653570696712 6.7949093468487254 161.86471974290907 153.46371141448617 263.70060717687011 77.162529114633799 118.67309701815248 112.38652028515935 143.1274558454752 17.284868486225605 242.74975204467773 279.57002954185009 473.39488416071981 353.6121341669932 507.12428112328053 77.61308435164392 311.65127884596586 126.2873269058764 43.029730960726738 12.248868137598036 364.64824886620045 40.970257714390755
leaf_count=397670 2002 3614 216 1158 3529 1444 108 2272 2239 124 1323 489 1935 259 371 742 347 61 2536 1334 3295 1661 4214 715 2037 560 144 94 2275 372
internal_value=-5.57907e-06 -0.00336666 -0.00181125 -0.00412361 0.00196408 0.00820878 0.0325194 -0.00394428 -0.0126215 0.000664307 0.00700768 0.100288 0.0184288 -0.00415635 0.0410072 0.0160314 0.0593337 0.0239826 -0.0394813 -0.018382 -0.00683788 0.00211982 -0.0330414 0.0223457 0.0371573 0.0668355 0.0993551 0.124578 0.00378333 0.0520874
internal_weight=72186.2 6911.87 6649.87 5968.04 4182.37 2928.54 976.057 1952.48 1253.83 1828.85 1579.3 163.81 681.829 340.863 340.966 1250.7 279.085 135.958 249.545 1785.68 998.981 827.007 786.694 1088.84 605.604 293.952 181.566 138.536 483.232 118.583
internal_count=439140 41470 39468 36279 24617 18764 4126 14638 5853 13194 10534 597 3189 2194 995 8262 779 432 2660 11662 6114 4956 5548 6939 3577 1540 798 654 3362 1087
is_linear=0
shrinkage=0.1


Tree=170
num_leaves=31
num_cat=0
split_feature=6 11 10 4 9 4 6 11 6 0 9 11 4 11 4 11 6 7 2 7 1 4 11 11 6 11 9 11 11 5
split_gain=8.96894 161.822 61.1892 33.8906 25.0449 23.1351 113.299 49.2514 38.1325 23.5828 23.6451 22.405 21.8834 111.329 116.353 87.5483 163.915 65.9954 65.4309 55.6942 62.8888 53.445 41.2101 40.9145 66.8662 45.1788 39.0274 93.8886 58.1352 68.483
threshold=11.500000000000002 0.15277777777777893 -32.692999999999977 8.5000000000000018 2.6374999999999962 12.500000000000002 12.500000000000002 0.16774891774891773 13.500000000000002 1.0000000180025095e-35 2.6374999999999962 0.13182720953326713 11.500000000000002 0.19727575982207463 14.500000000000002 0.13888888888888948 10.500000000000002 3.5000000000000004 1.0000000180025095e-35 4.5000000000000009 2.5000000000000004 7.5000000000000009 0.44884877027734177 0.11921052631578946 9.5000000000000018 0.10566188197767142 0.59200000000000597 0.15604707792207792 0.15849282296650716 1.5000000000000002
decision_type=2 2 2 2 2 2 2 2 2 2 2 2 2 2 2 2 2 2 2 2 2 2 2 2 2 2 2 2 2 2
left_child=12 2 11 4 -4 6 -3 8 -8 -9 -11 -2 15 -14 -15 16 18 22 -1 20 -20 -18 -16 24 -21 -26 27 -17 -28 -30
right_child=1 5 3 -5 -6 -7 7 9 -10 10 -12 -13 13 14 17 26 21 -19 19 23 -22 -23 -24 -25 25 -27 28 -29 29 -31
leaf_value=-0.060711516213767504 0.03559517690301181 -0.031157156132094129 -0.067299142928231012 0.028031878210822415 0.078431278868170751 0.00046381174741505504 0.07513469781803761 0.29556661006736323 0.015209211279690705 -0.065408554505507463 0.061608312123650512 0.080763361486576868 0.023637382632810129 -0.087310251040814191 0.033373835789398891 -0.019122044660041124 -0.0376432192098302 -0.0033857371086724246 -0.027830402202996315 0.0022461502478351146 0.01143477744650054 0.080469875590305287 0.00035259356227970902 -0.015522746018067975 0.020543053196857123 0.10690323148687197 -0.012339002092726224 -0.081566197364890791 0.14181205794471305 -0.072186711393629366
leaf_weight=192.20647935895249 163.77276104688644 1041.9402624089271 69.055925406515598 379.59862602502108 14.221483886241911 39458.023994820192 180.52154913940467 2.0948791836854062 257.8759618550539 84.485106695443392 17.732161059975624 333.35372292995453 1946.8966218214482 157.69397674687207 847.88130306825042 1348.5565377550665 43.659512348473072 12136.067824400961 1468.1317607108504 8084.1711858038325 564.83827211894095 312.65866392105818 681.87312597967684 1256.4265131156426 154.89923286437988 99.481753349304199 483.98145087296143 293.12192738777958 53.93851951463148 20.690349703654647
leaf_count=4229 482 9883 426 1296 34 222190 569 13 861 1004 42 909 6038 1673 2771 10250 193 50604 21079 75981 2526 841 3584 9482 463 261 3235 7796 317 108
internal_value=-7.26929e-06 0.000937308 0.0415219 0.015358 -0.0424124 -1.19803e-05 -0.0118593 0.0251904 0.0398851 -0.0365674 -0.0433743 0.0658832 -0.00132331 0.00124912 -0.00190403 -0.0041451 -0.000827894 -0.0009185 -0.00284234 -0.00188578 -0.016921 0.0659975 0.0186549 0.00129986 0.00383463 0.0543163 -0.0225026 -0.0302715 0.00032888 0.0824823
internal_weight=72149.9 42002.7 960.003 462.876 83.2774 41042.7 1584.65 542.71 438.398 104.312 102.217 497.126 30147.2 15770.4 13823.5 14376.8 12176.5 13665.8 11820.2 11627.9 2032.97 356.318 1529.75 9594.98 8338.55 254.381 2200.29 1641.68 558.61 74.6289
internal_count=439140 237709 3147 1756 460 234562 12372 2489 1430 1059 1046 1391 201431 64670 58632 136761 115055 56959 114021 109792 23605 1034 6355 86187 76705 724 21706 18046 3660 425
is_linear=0
shrinkage=0.1


Tree=171
num_leaves=31
num_cat=0
split_feature=6 4 4 11 11 6 6 0 11 5 3 8 2 2 12 1 4 2 8 6 10 10 10 7 11 11 6 2 7 2
split_gain=8.17609 76.5538 75.9613 32.6174 31.0504 22.2915 22.1422 21.39 16.7787 61.5366 80.5721 56.2586 30.4964 52.9872 30.5126 36.0665 34.1061 33.5288 32.3261 25.63 24.8279 24.6242 39.1652 27.254 23.9818 23.5291 29.0655 25.2551 25.8949 22.7978
threshold=20.500000000000004 20.500000000000004 18.500000000000004 0.28787878787878401 0.28787878787878401 22.500000000000004 23.500000000000004 808.50000000000011 0.55144747725392895 3.5000000000000004 1.0000000180025095e-35 82.827500000000015 17.500000000000004 18.500000000000004 3.5000000000000004 1.5000000000000002 53.500000000000007 19.500000000000004 110.63500000000001 6.5000000000000009 -36.935499999999998 -6.5759999999999996 -3.4814999999999969 13.500000000000002 0.7071068124474349 0.69052496798975682 9.5000000000000018 23.500000000000004 2.5000000000000004 23.500000000000004
decision_type=2 2 2 2 2 2 2 2 2 2 2 2 2 2 2 2 2 2 2 2 2 2 2 2 2 2 2 2 2 2
left_child=8 2 -2 5 6 -3 -4 -7 -1 11 -11 21 19 -14 15 20 17 -17 -16 -13 29 23 -23 24 -10 26 -12 28 -27 -15
right_child=1 3 4 -5 -6 7 -8 -9 9 10 25 12 13 14 18 16 -18 -19 -20 -21 -22 22 -24 -25 -26 27 -28 -29 -30 -31
leaf_value=0.00010748421721009693 -0.0075325419918562155 -0.030871192114091089 0.10197335659679735 0.0015994280185276585 -0.10518867538585766 0.088365966542926139 0.031864611758154859 -0.027228419454504695 0.0055973778076776086 0.020109821578327344 -0.020329953945886266 -0.052158101075142127 -0.13036734205478617 -0.0071936013137505576 -0.074643266944142056 -0.11639020202831712 0.024218279035438096 -0.037766324747984685 0.067061084027633652 -0.008956501045977918 0.015350322384134639 -0.10043458183181547 -0.0057397622444466815 0.02244294685814914 -0.023402275953535407 0.073933650871976328 -0.086776720533960086 0.17774646600546312 -0.019039178815489416 -0.096885686103972191
leaf_weight=46379.621557100152 172.68614230304956 474.65523737261537 186.35828161181416 16812.561940342537 8.892303569824433 32.81090444047004 59.408949272707105 31.258618115447462 1014.8731762457755 1683.9090798341203 192.02823445876129 147.15625082235783 52.217409026809037 86.414598122239113 184.84528036788106 66.017572952434421 70.232516692019999 303.99287804309279 17.634386584162712 2055.5005664825439 322.98489880934358 57.841388344764709 178.35008616512641 631.44437229633331 396.60449582448928 34.134300398640335 100.17158079147339 7.5454069077968589 244.80602554325014 42.167467847466469
leaf_count=290379 792 3711 615 96448 167 117 183 134 3251 11591 1056 1732 433 387 622 1230 318 1960 42 14635 2805 511 705 2021 1535 103 315 39 1158 145
internal_value=-8.06599e-06 0.00185313 0.043666 0.000823314 0.0783841 -0.0233977 0.0850261 0.0319691 -0.000617779 -0.00488061 0.00904738 -0.0104797 -0.0187272 -0.0319536 -0.0272575 -0.0193009 -0.0396681 -0.0517945 -0.0623019 -0.0118427 0.000555546 0.00163998 -0.0289298 0.00517428 -0.0025511 -0.0231431 -0.0431092 -0.00277872 -0.00766197 -0.0366074
internal_weight=72049.1 17778.6 427.346 17351.3 254.66 538.725 245.767 64.0695 54270.5 7890.87 2262.59 5628.28 3349.16 1146.51 1094.29 891.81 440.243 370.01 202.48 2202.66 451.567 2279.11 236.191 2042.92 1411.48 578.686 292.2 286.486 278.94 128.582
internal_count=439140 102167 1757 100410 965 3962 798 251 336973 46594 14262 32332 24309 7942 7509 6845 3508 3190 664 16367 3337 8023 1216 6807 4786 2671 1371 1300 1261 532
is_linear=0
shrinkage=0.1


Tree=172
num_leaves=31
num_cat=0
split_feature=8 8 1 9 2 10 10 10 8 5 10 11 2 5 7 3 10 10 0 11 0 9 10 10 0 8 8 5 7 1
split_gain=8.5407 42.6958 50.449 45.9298 38.2952 69.2325 50.0893 140.633 79.4053 58.183 56.9246 51.2868 48.8907 148.134 92.1554 48.6425 47.2463 42.9491 41.4502 42.3354 40.8938 37.5517 35.6462 46.9718 35.4532 35.3648 34.5545 39.96 42.0464 71.0701
threshold=85.542500000000018 84.039500000000018 2.5000000000000004 -15.032499999999997 16.500000000000004 -153.04499999999996 -21.812000000000126 -17.453999999999983 79.58150000000002 3.5000000000000004 96.696000000000041 0.078689370485036117 12.500000000000002 2.5000000000000004 4.5000000000000009 1.0000000180025095e-35 -23.215 -34.796500000000066 381.50000000000006 0.23746867167919791 162.50000000000003 -5.9405000000000063 102.08950000000002 120.49650000000001 58.500000000000007 80.972500000000011 74.912500000000009 1.5000000000000002 14.500000000000002 1.5000000000000002
decision_type=2 2 2 2 2 2 2 2 2 2 2 2 2 2 2 2 2 2 2 2 2 2 2 2 2 2 2 2 2 2
left_child=1 2 4 -4 12 25 9 -8 10 21 26 -10 -1 14 -14 -11 17 18 -16 -20 -13 -7 -12 -24 -15 -6 -9 -28 -29 -30
right_child=-2 -3 3 -5 5 6 7 8 11 15 22 20 13 24 16 -17 -18 -19 19 -21 -22 -23 23 -25 -26 -27 27 28 29 -31
leaf_value=0.001758733628446908 0.00094175234357962126 -0.010380023505118333 0.0059830841261333595 -0.020386629730451113 -0.072989156053328785 0.011806523704873947 -0.063283081895982446 -0.09280268827127601 -0.046933492986768577 -0.010276327042091605 0.10222419281259099 0.0084720765558622523 -0.037589134948768477 -0.011728201657429263 -0.0086657231620597096 -0.14581562697933653 -0.02624523554643295 0.051534463047643989 0.082466156161980816 0.013239605660257099 0.058304569754380212 0.034136954472121006 -0.057181600005363459 0.073782731709824245 -0.085622205791338252 0.013499542345257607 -0.044435568171087757 0.026999066283959094 -0.097714913419293892 0.036948334248210507
leaf_weight=15363.504546491255 40939.20654296875 4403.1235961914062 973.62429809570312 2053.9033857439645 151.16489018499851 1499.5827862024307 307.60647010803223 61.656614997424185 72.645625924225897 251.74523950368166 63.272094547748566 250.96040268382058 586.07870449218899 82.406384764239192 664.62715183198452 29.590266842395067 324.02871156856418 275.33466567099094 116.01100298762321 370.37059132754803 478.97143422160298 1512.7527208067477 55.067651152610779 54.480058372020721 306.13630532473326 68.792362675070763 278.9102957979776 283.11626365175471 87.404714107513428 71.048502802848816
leaf_count=79388 271516 26251 3193 12914 635 5970 4849 264 608 1134 160 1375 4112 422 2771 127 2683 850 488 1158 2105 6293 242 135 2036 259 4387 1846 692 277
internal_value=-7.24405e-06 -0.00125656 0.000248292 -0.0119064 0.00180312 0.00904632 0.0113033 -0.000906395 0.0100109 0.0189588 -0.00947521 0.0331966 -0.00043079 -0.0127753 -0.0032674 -0.0245321 0.00822458 0.0160552 0.0075682 0.0297514 0.0411715 0.0230206 0.0424649 0.00794933 -0.06995 -0.0459395 -0.0209518 -0.014803 0.00391389 -0.0373335
internal_weight=72037.1 31097.9 26694.8 3027.53 23667.3 5578.77 5358.81 2065.14 1757.53 3293.67 954.956 802.577 18088.5 2724.99 2336.45 281.336 1750.37 1426.34 1151.01 486.382 729.932 3012.34 172.82 109.548 388.543 219.957 782.136 720.48 441.569 158.453
internal_count=439140 167624 141373 16107 125266 31358 30464 16940 12091 13524 8003 4088 93908 14520 12062 1261 7950 5267 4417 1646 3480 12263 537 377 2458 894 7466 7202 2815 969
is_linear=0
shrinkage=0.1


Tree=173
num_leaves=31
num_cat=0
split_feature=4 11 5 9 11 6 4 11 2 3 5 10 7 5 4 8 2 8 7 8 8 7 0 8 9 9 2 4 7 8
split_gain=8.5449 115.107 91.2841 47.2163 39.3614 35.4639 38.9686 32.4744 32.2915 40.3337 30.71 34.1658 28.5608 52.0962 33.724 28.4202 44.7664 53.1726 39.0826 53.2367 44.8694 38.1525 33.0513 31.5772 27.875 56.2337 62.4973 51.4573 39.4585 45.9818
threshold=29.500000000000004 0.41030061892130859 1.5000000000000002 2.0545000000000049 0.40288142620232176 29.500000000000004 22.500000000000004 0.69504830917874405 24.500000000000004 1.0000000180025095e-35 3.5000000000000004 -24.849499999999995 1.5000000000000002 1.5000000000000002 11.500000000000002 103.23250000000002 14.500000000000002 107.67850000000001 17.500000000000004 89.145500000000013 98.96050000000001 17.500000000000004 76.500000000000014 107.67850000000001 1.0000000180025095e-35 0.23549999999999474 19.500000000000004 20.500000000000004 7.5000000000000009 98.619500000000016
decision_type=2 2 2 2 2 2 2 2 2 2 2 2 2 2 2 2 2 2 2 2 2 2 2 2 2 2 2 2 2 2
left_child=1 5 -3 7 -2 8 -7 -4 10 -10 12 -12 13 -1 -15 18 21 -18 24 -20 22 -17 -21 -23 -14 27 -27 -26 29 -28
right_child=4 2 3 -5 -6 6 -8 -9 9 -11 11 -13 15 14 -16 16 17 -19 19 20 -22 23 -24 -25 25 26 28 -29 -30 -31
leaf_value=-0.025821664445353689 0.01861275387646109 0.024753773239997511 -0.076029343495444421 0.030684481787932174 0.00053333367841184611 -0.06831964313299381 0.062002345187045997 0.1751694786630488 -0.025281834591615673 0.022591187424399889 -0.070899176207481512 0.003704136347671254 0.0024691128643333643 -0.047041120027102409 0.025072116057215096 -0.0010172229676770072 0.058385753664574561 0.010207873312536893 0.0005436585036354616 -0.0063188074308439023 0.0020097752824262752 -0.029663740339764356 -0.04626554016231145 0.040964302899427735 -0.065463514533048481 -0.0081471322088621234 0.025016106974203801 0.02563696169743164 0.0011307300186187545 0.11076831268602326
leaf_weight=1040.4386113194341 1258.3107054084539 154.57248341874219 448.59375700016972 48.473640069365501 28008.062554359436 26.797359568998218 159.58456611633301 5.2061554690590119 978.26697276253253 214.59506598394364 128.29164655134082 117.71058424026705 24203.103466210887 76.94377076625824 412.58636951446533 3180.7239228524268 347.18563282489777 673.43163776397705 1975.1051801256835 282.26001113839447 451.53409004211426 75.480870008468628 778.06309920363128 392.33450269699097 264.84590447321534 4781.6974933743477 540.921043202281 80.953832864761353 793.62561559677124 70.70455826818943
leaf_count=12032 4772 3725 8539 146 140674 141 558 316 11001 1070 1550 1157 151666 436 1753 17898 2653 5422 9587 1445 2647 508 4942 1953 9552 34915 2151 1812 3674 445
internal_value=-5.5535e-06 -0.000907595 -0.0424463 -0.0631268 0.00131066 -0.000258692 0.0432651 -0.0731475 -0.000452478 -0.0166695 2.31958e-05 -0.0352019 0.000237571 -0.0131643 0.0137374 0.000764786 0.00808329 0.0265966 -0.000233707 -0.0102668 -0.0243896 0.00290449 -0.0356316 0.0295686 0.000904536 -0.00489205 -0.00269861 -0.0441363 0.0158413 0.0349292
internal_weight=71970.4 42704 656.846 502.274 29266.4 42047.2 186.382 453.8 41860.8 1192.86 40667.9 246.002 40421.9 1529.97 489.53 38892 4669.16 1020.62 34222.8 3486.96 1511.86 3648.54 1060.32 467.815 30735.9 6532.75 6186.95 345.8 1405.25 611.626
internal_count=439140 293694 12726 9001 145446 280968 699 8855 280269 12071 268198 2707 265491 14221 2189 251270 28434 8075 222836 18621 9034 20359 6387 2461 204215 52549 41185 11364 6270 2596
is_linear=0
shrinkage=0.1


Tree=174
num_leaves=31
num_cat=0
split_feature=8 8 1 2 12 9 4 10 7 2 10 10 10 8 5 10 11 2 5 7 3 10 10 0 0 4 10 6 12 10
split_gain=8.37633 34.485 40.4372 44.9788 39.9389 31.8039 34.9498 31.4979 55.7222 31.4401 55.4527 40.6819 116.124 65.4168 46.9748 46.5283 41.9746 39.7751 120.596 74.2882 38.8741 38.4364 35.6769 35.4135 34.5516 34.0112 39.0039 32.9738 32.3788 32.3701
threshold=85.542500000000018 84.039500000000018 2.5000000000000004 23.500000000000004 2.5000000000000004 -16.084999999999997 34.500000000000007 102.08950000000002 2.5000000000000004 16.500000000000004 -153.04499999999996 -21.812000000000126 -17.453999999999983 79.58150000000002 3.5000000000000004 96.696000000000041 0.078689370485036117 12.500000000000002 2.5000000000000004 4.5000000000000009 1.0000000180025095e-35 -23.215 -35.554999999999993 381.50000000000006 162.50000000000003 20.500000000000004 -66.604999999999976 5.5000000000000009 -12.499999999999998 -35.017999999999951
decision_type=2 2 2 2 2 2 2 2 2 2 2 2 2 2 2 2 2 2 2 2 2 2 2 2 2 2 2 2 2 2
left_child=1 2 9 5 -5 -4 7 -7 -9 17 -11 14 -13 15 -12 -14 -15 28 19 -19 -16 22 23 -21 -18 26 -25 -28 -1 -20
right_child=-2 -3 3 4 -6 6 -8 8 -10 10 11 12 13 16 20 -17 24 18 29 21 -22 -23 -24 25 -26 -27 27 -29 -30 -31
leaf_value=0.04508676722722979 0.00093263779169753939 -0.0094441258339201806 0.0079094930550592281 -0.092978657717363522 0.035469371697430155 -0.029980542957589135 0.0012957906155418148 -0.20704613217882031 0.062540600186520107 -0.040393336301693727 0.02081284467520686 -0.058341174467491624 -0.019161532440494199 -0.042560424937700493 -0.0090939910847983568 0.038417145171381423 0.0075273891094496895 -0.033955006728635322 -0.089620673825721947 -0.0088694574423174334 -0.12967570015834548 -0.023990129437703775 0.045553719603752929 -0.032332429218228223 0.053563295039688721 0.0097784288751471063 -0.11728021520535217 0.10988340442982331 0.00097801876299936723 -0.031434385649970191
leaf_weight=168.26643751002848 40892.006011962891 4403.2064056396484 871.05374252609909 112.74824251979589 30.825165055692196 1131.9416240830906 797.60510897636414 8.5643948242068273 73.18026427179575 226.05034494400024 2975.2146603334695 300.13274478912354 774.24808886088431 71.963635582011193 252.6063022557646 171.41556012630463 250.03218052582815 584.20020034816116 212.31369879096746 653.62215965241194 29.900756675750017 321.49468206614256 290.55961085855961 30.244316689670086 468.5492750518024 339.65825089067221 6.810366876423358 103.48655290156603 15182.881260296504 173.93816347327083
leaf_count=546 271516 26251 2846 2337 102 6223 4384 36 179 894 12263 4849 7466 608 1134 537 1375 4112 1145 2735 127 2683 915 215 2105 1042 48 312 78842 1313
internal_value=-7.33382e-06 -0.00124658 0.000109705 -0.0107734 -0.0654009 -0.00805233 -0.0149651 -0.0256514 0.034296 0.00150584 0.00811087 0.0101819 -0.000905669 0.00902302 0.0171126 -0.00872454 0.030253 -0.000512182 -0.0116663 -0.00308756 -0.0218564 0.00724123 0.0142904 0.00627869 0.037545 0.0268975 0.0682708 0.095857 0.0014615 -0.063418
internal_weight=71908.7 31016.7 26613.5 3025.92 143.573 2882.35 2011.29 1213.69 81.7447 23587.6 5520.11 5294.06 2036.34 1736.21 3257.72 945.664 790.545 18067.5 2716.33 2330.08 282.507 1745.88 1424.38 1133.82 718.581 480.199 140.541 110.297 15351.1 386.252
internal_count=439140 167624 141373 16107 2439 13668 10822 6438 215 125266 31358 30464 16940 12091 13524 8003 4088 93908 14520 12062 1261 7950 5267 4352 3480 1617 575 360 79388 2458
is_linear=0
shrinkage=0.1


Tree=175
num_leaves=31
num_cat=0
split_feature=0 6 4 4 4 12 6 10 10 1 3 7 8 6 6 10 10 11 0 12 2 9 11 2 0 5 10 9 7 9
split_gain=8.47691 25.8759 32.7727 50.6031 24.9683 22.9659 21.5848 23.1324 21.4442 53.4534 33.441 47.2152 36.3044 30.5773 24.1852 24.1533 23.6916 23.2529 41.6352 25.7491 22.4344 35.1585 48.8789 33.5936 20.8356 60.1509 93.1249 52.2531 57.4491 42.6079
threshold=265.50000000000006 27.500000000000004 27.500000000000004 36.500000000000007 24.500000000000004 15.500000000000002 43.500000000000007 -8.0989999999999949 81.697500000000005 1.5000000000000002 1.0000000180025095e-35 9.5000000000000018 82.228500000000011 4.5000000000000009 11.500000000000002 120.49650000000001 22.698500000000006 0.052704678362573108 877.50000000000011 10.500000000000002 7.5000000000000009 -7.8595000000000033 0.30283094098883573 6.5000000000000009 228.50000000000003 1.5000000000000002 -5.924500000000001 13.878499999999997 6.5000000000000009 -2.9769999999999963
decision_type=2 2 2 2 2 2 2 2 2 2 2 2 2 2 2 2 2 2 2 2 2 2 2 2 2 2 2 2 2 2
left_child=24 5 4 6 -3 8 7 -4 16 14 11 13 -13 17 -10 -12 -2 18 19 -11 23 22 -22 -15 -1 26 27 28 -26 -30
right_child=1 2 3 -5 -6 -7 -8 -9 9 10 15 12 -14 20 -16 -17 -18 -19 -20 -21 21 -23 -24 -25 25 -27 -28 -29 29 -31
leaf_value=0.00035187918653983521 -0.0026710880267257694 0.0031416409290415171 -0.025089881688819027 0.011727431705107642 0.083480271427133546 0.095480056364197194 0.12789153883105531 0.0060252947405146553 -0.084393034092715175 -0.10000093871886893 0.082604338998712487 0.036177012453095646 -0.036947544031588786 0.030788105426166876 -0.012387745475523366 -0.02937504847482918 -0.021397748249072573 0.37658502287945672 0.4105049445567317 0.32478425397943544 0.060888575950626224 -0.0081319859131498522 -0.1343932829951596 0.14637490134813677 -0.0031498503509940368 -0.001687526737423981 -0.033069559091300993 0.20253513858073055 0.076131070280320123 0.0010793350332050555
leaf_weight=39496.181624742836 23877.08932383731 65.531490355730057 740.97079319227487 2704.8867754340172 94.427789688110352 23.927095536142588 10.666143920272587 352.64720061328262 69.730664722621441 7.0725319981574994 117.71718868613243 92.655386853963137 254.05808069556952 91.402254275977612 140.90724086761475 23.03040599822998 695.24528891593218 3.9321763515472403 3.1196109801530829 1.7876901440322397 183.57820654474199 273.36093102581799 13.779393091797827 34.686461240053177 194.26421050261706 1605.884260807652 180.49050630675629 21.096925359219313 383.83684926480055 94.208818193525076
leaf_count=246427 142359 313 4116 15149 380 78 53 1706 658 110 567 430 1884 411 648 162 4137 16 10 8 674 1706 73 64 1729 8801 3061 119 1635 1656
internal_value=-6.21641e-06 -0.00129368 0.00622508 0.004363 0.0505675 -0.00244561 -0.0136758 -0.0150565 -0.00253613 0.00992616 0.0187621 0.0120845 -0.0174058 0.0287719 -0.0362247 0.0642812 -0.00320094 0.165584 0.096326 -0.0142938 0.0251242 0.0150897 0.0472541 0.0625855 0.000910133 0.00980161 0.0309142 0.0475688 0.042706 0.0613406
internal_weight=71852.2 29876.2 3969.13 3809.17 159.959 25907.1 1104.28 1093.62 25883.2 1310.82 1100.18 959.433 346.713 612.719 210.638 140.748 24572.3 15.912 11.9798 8.86022 596.807 470.719 197.358 126.089 41976 2479.78 873.897 693.407 672.31 478.046
internal_count=439140 175712 21717 21024 693 153995 5875 5822 153917 7421 6115 5386 2314 3072 1306 729 146496 144 128 118 2928 2453 747 475 263428 17001 8200 5139 5020 3291
is_linear=0
shrinkage=0.1


Tree=176
num_leaves=31
num_cat=0
split_feature=8 12 9 4 9 12 8 5 9 10 10 10 1 5 2 10 8 10 8 9 11 0 4 0 10 9 6 11 3 8
split_gain=9.27034 30.846 37.8618 58.4277 55.5267 33.3127 32.6852 47.97 31.4205 30.4851 44.656 38.768 29.6977 35.432 26.9815 46.6714 35.7779 25.8278 25.7902 28.6085 31.7136 34.2445 25.754 24.7013 24.5595 24.1337 23.8668 23.2835 22.0424 24.7181
threshold=78.946500000000015 -1.0000000180025095e-35 -2.1225000000000018 50.500000000000007 2.0545000000000049 4.5000000000000009 75.631500000000017 3.5000000000000004 -1.1249999999999927 -143.90399999999997 -73.619500000000002 -57.866499999999881 1.5000000000000002 4.5000000000000009 7.5000000000000009 -153.04499999999996 77.992500000000021 -73.619500000000002 77.871500000000012 -35.073999999999984 0.34641025641025641 56.500000000000007 55.500000000000007 816.50000000000011 -3.6799999999999993 0.84649999999999903 24.500000000000004 0.16774891774891773 1.0000000180025095e-35 78.149500000000003
decision_type=2 2 2 2 2 2 2 2 2 2 2 2 2 2 2 2 2 2 2 2 2 2 2 2 2 2 2 2 2 2
left_child=1 14 9 4 5 17 7 8 -5 28 27 -12 -9 -14 15 -1 -17 -4 19 -16 21 -21 -22 -23 -18 -10 -24 -11 29 -3
right_child=-2 2 3 6 -6 -7 -8 12 25 10 11 -13 13 -15 18 16 24 -19 -20 20 22 23 26 -25 -26 -27 -28 -29 -30 -31
leaf_value=-0.046100493166198082 0.00048214943571755776 -0.03907853087302967 0.029230373661840243 -0.036571237139999789 0.062409943509706349 0.038125818778471793 -0.012681757334948111 -0.10551179994139692 0.15163465183204564 -0.014671232799814455 -0.029235812632348673 -0.00086955200274002836 0.068277261668141007 -0.10914920768811312 0.026751796412120804 0.018145302638971697 -0.041524054927536004 -0.052263487895029728 0.015545239569917666 0.017137228962419079 0.0033710990233581893 -0.059004683511178803 -0.075184751678886066 -0.0084104135447624056 0.036687381758861715 -0.0050063178343222169 -0.0055268971451130607 0.031564636079147855 0.0060958292652543069 -0.20427377328862364
leaf_weight=136.53899335861206 60600.293075561523 277.3561017177999 40.998233217746019 14.76820921897888 52.875007725320756 47.505814221687615 326.51008558273315 23.942517410498112 56.355218075681478 135.27603285014629 563.41134145855904 3326.2924783229828 46.901240341830999 14.809257778804747 193.58730697631836 2096.0834424700588 175.34054943267256 756.26077576185344 518.52353668212891 111.5280282497406 899.20307429879904 336.14992938376963 88.237151078879833 135.35316795855761 52.072976476512849 11.91552199423313 111.14453030377626 558.92651329934597 123.24720141664147 9.3635370731353742
leaf_count=518 371041 1251 138 55 178 197 3339 656 160 1140 2997 15401 456 815 728 8053 756 17474 2514 699 3046 2860 363 752 220 39 461 2402 356 75
internal_value=-7.08552e-06 -0.00264468 -0.00721143 -0.0217905 -0.0370029 -0.0432253 0.00578469 0.0415272 0.0956859 -0.00314518 -0.000808596 -0.00497832 -0.0109786 0.0256985 0.00336438 0.010719 0.014058 -0.0480727 -0.00419396 -0.00965217 -0.013843 -0.0326938 -0.00383864 -0.0444807 -0.0236153 0.124296 -0.0363543 0.0225549 -0.0292709 -0.0444734
internal_weight=71840.8 11240.5 6386.72 1392.84 897.64 844.765 495.202 168.692 83.0389 4993.87 4583.91 3889.7 85.653 61.7105 4853.76 2460.04 2323.5 797.259 2393.73 1875.2 1681.62 583.031 1098.58 471.503 227.414 68.2707 199.382 694.203 409.967 286.72
internal_count=439140 68099 47129 23507 17987 17809 5520 2181 254 23622 21940 18398 1927 1271 20970 9547 9029 17612 11423 8909 8181 4311 3870 3612 976 199 824 3542 1682 1326
is_linear=0
shrinkage=0.1


Tree=177
num_leaves=31
num_cat=0
split_feature=12 6 12 5 0 0 1 8 0 10 9 9 11 10 7 0 11 9 0 2 9 0 9 2 6 8 12 4 0 11
split_gain=8.74147 18.1786 15.3811 27.9937 19.9473 19.2247 16.9248 17.7469 21.8555 16.3758 15.7605 15.7096 29.1905 34.974 26.9272 20.7164 19.9343 31.8076 19.77 21.6121 17.9173 22.2339 16.5325 16.5252 15.6721 17.7294 18.4726 16.2951 22.9812 15.5668
threshold=6.5000000000000009 44.500000000000007 9.5000000000000018 1.5000000000000002 277.50000000000006 874.50000000000011 1.0000000180025095e-35 95.840000000000018 130.50000000000003 -2.6379999999994346 -16.8565 -8.4979999999999958 0.12588028169014087 57.781500000000001 6.5000000000000009 205.50000000000003 0.039736842105263161 13.373500000000002 863.50000000000011 3.5000000000000004 -0.82900000000000051 311.50000000000006 -1.8265000000000031 2.5000000000000004 15.500000000000002 71.145500000000013 8.5000000000000018 15.500000000000002 803.50000000000011 0.039250700280112009
decision_type=2 2 2 2 2 2 2 2 2 2 2 2 2 2 2 2 2 2 2 2 2 2 2 2 2 2 2 2 2 2
left_child=-1 2 24 5 6 10 7 8 9 -5 -4 12 13 14 15 -12 17 18 19 -13 22 -22 -18 -19 -2 26 -26 28 -27 -21
right_child=1 -3 3 4 -6 -7 -8 -9 -10 -11 11 16 -14 -15 -16 -17 20 23 -20 29 21 -23 -24 -25 25 27 -28 -29 -30 -31
leaf_value=0.00031640634629318573 -0.0128728891552434 0.092096414584349306 -0.016627791833627916 -0.0014631263771333839 0.007269107204815585 0.074482723727487071 -0.045713241689330157 0.017192510772993431 -0.09655793500309047 -0.15617788722517151 -0.047431332248128691 -0.16853540251669824 0.077500774179395354 0.13703214597397431 -0.10371075630380927 0.080242357813135587 -0.016088171251961627 0.10769872969353862 0.32564817614781066 0.069136103475830185 0.04257143576985653 -0.016290462558523428 -0.13053580424152592 -0.11274264869050502 -0.14689300171151198 0.095658492038488196 0.011215993589426756 -0.00045043141512162078 -0.032871477636339005 0.21436956151812941
leaf_weight=66129.651196214778 2317.8570429906249 19.710435632616282 153.29669115692377 118.67126490361989 422.72841780632734 52.973116755485535 190.30599409714341 148.29639297164977 38.405379466712475 7.2598240710794917 24.808724010363221 3.2711821291595689 108.77556144073606 15.890795700252054 28.30463632568717 26.058040531352162 140.56369125843048 4.5432951021939543 3.5047347508370867 38.133130887523293 145.59920859150589 114.74567553214729 13.867068868130444 13.52112474106252 16.495609275996685 40.888582967221737 13.385950326919557 1425.5728466771543 21.084626238793135 9.1512436270713788
leaf_count=412965 11513 114 919 416 1498 202 711 536 163 37 195 51 396 56 201 116 655 16 17 288 759 581 84 152 67 99 39 6188 77 29
internal_value=-6.88554e-06 -0.00377237 -0.00410634 0.0034569 -0.00874273 0.0160463 -0.0222009 -0.00788852 -0.0305215 -0.0103823 0.0123787 0.0188162 0.0421242 0.00164421 -0.02553 0.0179734 0.00905847 0.0575812 0.0959692 0.0800469 0.000620927 0.0166284 -0.026365 -0.0573005 -0.00770069 0.0001998 -0.0760654 0.0017318 0.0519298 0.0972441
internal_weight=71807.3 5677.67 5657.96 1822.68 925.667 897.008 502.939 312.633 164.336 125.931 844.035 690.738 203.838 95.0622 79.1714 50.8668 486.9 72.1247 54.0603 50.5556 414.776 260.345 154.431 18.0644 3835.28 1517.43 29.8816 1487.55 61.9732 47.2844
internal_count=439140 26175 26061 8078 3361 4717 1863 1152 616 453 4515 3596 964 568 512 311 2632 553 385 368 2079 1340 739 168 17983 6470 106 6364 176 317
is_linear=0
shrinkage=0.1


Tree=178
num_leaves=31
num_cat=0
split_feature=12 1 12 10 10 10 0 10 6 0 10 11 1 5 6 0 10 8 8 12 10 11 4 11 11 0 6 7 11 6
split_gain=8.72802 27.8632 29.172 27.6108 24.5697 27.2278 22.9156 23.2233 22.8226 21.9465 22.2132 19.5051 17.9541 20.2429 17.9883 21.5604 26.4258 27.8862 24.2546 19.3131 25.366 17.9026 16.2898 15.903 18.8569 15.7291 14.7087 14.5416 14.2303 16.96
threshold=-6.4999999999999991 1.0000000180025095e-35 -8.4999999999999982 -12.5555 -9.4024999999999928 -7.0115000000000114 783.50000000000011 -4.1789999999999941 22.500000000000004 114.50000000000001 -54.487500000000253 0.7071068124474349 1.5000000000000002 1.5000000000000002 6.5000000000000009 300.50000000000006 -37.786000000000001 84.82950000000001 71.145500000000013 -11.499999999999998 22.698500000000006 0.065587044534412914 42.500000000000007 0.090326340326339863 0.064309346567411066 56.500000000000007 15.500000000000002 13.500000000000002 0.077422577422577424 3.5000000000000004
decision_type=2 2 2 2 2 2 2 2 2 2 2 2 2 2 2 2 2 2 2 2 2 2 2 2 2 2 2 2 2 2
left_child=1 2 3 -1 -5 -6 -7 -8 9 23 26 -12 13 28 15 16 17 -14 -18 22 -21 -16 -20 24 -4 -15 27 -11 29 -3
right_child=-2 12 8 4 5 6 7 -9 -10 10 11 -13 14 25 21 -17 18 -19 19 20 -22 -23 -24 -25 -26 -27 -28 -29 -30 -31
leaf_value=0.020729795785737939 0.00030222880155530833 -0.11656349636839902 -0.047924259915195222 -0.085592273386669693 0.090450305449142163 0.0059985472195740377 -0.19450388927634821 -0.035971202969966053 0.022046914231255186 -0.16648344947639462 -0.013364082951757283 -0.14826593162454516 -0.098428137232814031 -0.07946404766288806 0.076032527927747035 -0.047932203287206376 0.24796625768554859 -0.011018262920279819 -0.068723616680784458 0.027749882533302996 -0.083123988526207782 -0.0048168155888489179 0.12978965463046285 0.00078966101885523561 0.16136185759941007 0.026173662219573641 -0.014393992799638751 -0.064995658361830591 -0.086445779600271291 0.043973039284110921
leaf_weight=1085.7118954658508 66605.157887222565 9.6542200294788945 6.3783190269023207 39.784767389297485 28.821946442127228 202.69192590471357 10.741351261734961 66.122430884279311 210.52353954315186 17.95231682062149 544.98375090770423 10.932989984750746 57.540925960056484 18.764892563223839 27.859022932127118 227.1127259535715 4.1516287587583056 99.801440921612084 46.61262552253902 208.55632692109793 22.900255957618356 1620.5727121848613 4.5359243247658005 344.89581499248743 13.24538231641054 56.638321679318324 42.339318245649338 66.108717665076256 89.057095933705568 20.671522498130798
leaf_count=3425 413431 260 47 175 89 820 58 299 827 83 1931 45 484 79 58 2127 16 1003 522 1793 352 8523 22 1109 35 184 140 233 773 197
internal_value=-5.98142e-06 -0.00394945 0.0031222 0.0128717 -0.0116331 -0.00209135 -0.0116323 -0.0581254 -0.00799596 -0.0140377 -0.0246208 -0.0160171 -0.0115184 -0.0406787 -0.0090697 -0.0228701 -0.0100533 -0.0429845 0.00801601 0.004491 0.01678 -0.00345044 -0.0511192 0.00577191 0.0933373 -0.000115406 -0.0624601 -0.0866697 -0.0662989 -0.00713387
internal_weight=71810.8 5205.66 2691.23 1433.87 348.162 308.378 279.556 76.8638 1257.36 1046.84 682.317 555.917 2514.43 194.786 2319.64 671.212 444.099 157.342 286.757 282.605 231.457 1648.43 51.1485 364.52 19.6237 75.4032 126.4 84.061 119.383 30.3257
internal_count=439140 25709 9316 4866 1441 1266 1177 357 4450 3623 2432 1976 16393 1493 14900 6319 4192 1487 2705 2689 2145 8581 544 1191 82 263 456 316 1230 457
is_linear=0
shrinkage=0.1


Tree=179
num_leaves=31
num_cat=0
split_feature=2 2 5 7 10 4 10 7 7 2 10 11 2 8 10 2 10 0 10 10 8 7 1 5 2 2 4 9 8 1
split_gain=8.31764 42.4996 62.1116 71.5826 76.6193 56.8662 38.567 36.965 31.1541 31.364 47.7151 44.2349 124.052 66.6243 79.3884 63.8261 62.4749 61.8068 61.0109 59.987 44.1648 44.7765 38.194 47.922 79.9551 65.885 48.7001 37.7167 56.1901 47.9082
threshold=11.500000000000002 12.500000000000002 2.5000000000000004 12.500000000000002 -25.088499999999993 46.500000000000007 -60.00100000000009 3.5000000000000004 4.5000000000000009 5.5000000000000009 86.238000000000028 0.46103238866373691 7.5000000000000009 94.45450000000001 -51.848499999999987 8.5000000000000018 -45.064499999999988 231.50000000000003 -1.0000000180025095e-35 -17.453999999999983 75.82350000000001 13.500000000000002 2.5000000000000004 2.5000000000000004 9.5000000000000018 9.5000000000000018 42.500000000000007 22.953500000000002 99.940000000000012 2.5000000000000004
decision_type=2 2 2 2 2 2 2 2 2 2 2 2 2 2 2 2 2 2 2 2 2 2 2 2 2 2 2 2 2 2
left_child=7 2 3 -2 6 -4 -5 -1 -9 27 11 13 20 14 -11 -15 -16 -18 19 22 -13 -22 23 24 -14 26 -25 28 -10 -30
right_child=1 -3 5 4 -6 -7 -8 8 9 10 -12 12 18 15 16 -17 17 -19 -20 -21 21 -23 -24 25 -26 -27 -28 -29 29 -31
leaf_value=0.0077904949171984346 0.0053812134880713222 -0.00017464208284087996 -0.035556728375397119 0.021519018183654506 0.0016098492096643152 0.0088946769171569066 0.068531844337649792 -0.016990248483377799 0.0031759751816361863 -0.0024347393345627317 0.027825394372368192 0.045917673594382778 0.024212318079335313 0.014459735273710595 -0.067331886083696169 -0.025748809365486361 -0.0095989983351861211 -0.040528832505196302 -0.039555487398186581 0.04956685766400077 -0.039614327758907178 -0.0028482667756579262 -0.025236970559492353 0.045699752754420599 -0.029298978049702586 0.062218492488505764 -0.01983146175751159 0.01714755889789385 -0.0063017262723832571 -0.039271662656141244
leaf_weight=3973.6067978719948 1849.3973896508105 36050.468643188477 481.4022574420087 251.31408113241196 418.74024796485901 715.59935259819031 570.86002570390701 1412.9868469238281 10079.593168010935 1996.1638434529305 413.97667217254639 89.802851299755275 657.19352227682248 1471.5224776566029 358.70839959383011 539.53465557098389 1507.8084046132863 1130.4544553086162 205.64126604795456 467.04274898767471 919.42717025894672 517.80342092737556 267.95194580219686 192.49573397776112 485.50465908646584 403.57626152038574 276.01423526369035 1378.98224401474 2153.1273360345513 554.1651668548584
leaf_count=27726 11653 232700 2122 977 2772 3112 1845 10050 53924 10633 2803 284 2589 8378 2233 3581 11603 8765 877 1838 5557 3188 2229 606 1750 1251 1195 5596 13630 3673
internal_value=-5.74755e-06 0.000944728 0.0103571 0.0178481 0.0364282 -0.0089825 0.0541614 -0.00122471 -0.00252833 -0.00174439 -0.00552892 -0.006731 0.00102623 -0.0116954 -0.017885 0.00367242 -0.0281758 -0.0228519 0.0129842 0.0169134 -0.0221173 -0.0263683 0.0102326 0.0149498 0.00147667 0.0326036 0.00709321 0.00143495 -0.000259553 -0.0130505
internal_weight=71790.9 40337.8 4287.31 3090.31 1240.91 1197 822.174 31453.1 27479.5 26066.5 11900.6 11486.6 4482.45 7004.19 4993.14 2011.06 2996.97 2638.26 2955.42 2749.78 1527.03 1437.23 2282.74 2014.78 1142.7 872.086 468.51 14165.9 12786.9 2707.29
internal_count=439140 255181 22481 17247 5594 5234 2822 183959 156233 146183 69360 66557 21364 45193 33234 11959 22601 20368 12335 11458 9029 8745 9620 7391 4339 3052 1801 76823 71227 17303
is_linear=0
shrinkage=0.1


Tree=180
num_leaves=31
num_cat=0
split_feature=10 2 2 2 9 9 10 6 7 10 10 0 7 9 10 1 12 5 8 8 4 7 7 2 6 2 7 1 2 0
split_gain=8.02993 33.0793 22.942 41.6809 30.9876 40.4985 36.8185 26.1971 37.1804 28.194 37.1265 36.2423 34.6707 27.317 25.7799 49.9069 38.3577 30.0909 34.0241 30.8669 27.9227 30.0356 33.349 34.1088 25.009 23.931 23.8552 31.8311 30.8293 31.2478
threshold=14.24 1.5000000000000002 23.500000000000004 16.500000000000004 0.29899999999999954 -3.7124999999999981 107.94800000000002 2.5000000000000004 11.500000000000002 99.076000000000008 102.08950000000002 815.50000000000011 4.5000000000000009 -3.7124999999999981 46.755500000000019 1.5000000000000002 -9.4999999999999982 1.5000000000000002 78.81750000000001 84.82950000000001 13.500000000000002 18.500000000000004 4.5000000000000009 14.500000000000002 19.500000000000004 12.500000000000002 9.5000000000000018 1.5000000000000002 18.500000000000004 190.50000000000003
decision_type=2 2 2 2 2 2 2 2 2 2 2 2 2 2 2 2 2 2 2 2 2 2 2 2 2 2 2 2 2 2
left_child=-1 -2 3 4 5 6 14 8 -4 -9 -11 -12 -13 -14 17 16 -16 -3 -19 24 21 22 -17 -24 -20 -18 28 -28 -5 -30
right_child=1 2 7 26 -6 -7 -8 9 -10 10 11 12 13 -15 15 20 25 18 19 -21 -22 -23 23 -25 -26 -27 27 -29 29 -31
leaf_value=0.00034083676788013585 -0.038395329721995421 -0.041574932568001537 0.011800438799451514 -0.045577247576404162 -0.010693530689647431 0.031560339153438581 -0.026848986170298017 -0.0054428126693966154 0.42875196722637599 0.11409477703026141 -0.01030709544222572 -0.041448501999150011 0.022393158916678049 0.14690991319419089 0.16421101153130585 -0.004699069438849005 -0.050462927174260791 0.076731083526895394 -0.14868754436766754 0.014929202970361106 0.0045549698592219166 -0.14368613833498284 0.061773056692462983 -0.0073560754777615596 -0.011408266838433441 0.054613444042841464 -0.0028852918469218993 -0.045148046341929364 -0.015417702080333651 0.02390382114227179
leaf_weight=64899.881087524089 257.87443161010742 205.32850291952491 5.0811732746660692 167.64689743518829 1371.4709248542786 565.47957609221339 377.92355442047119 361.74754783138633 3.6930833570659161 50.621588099747896 152.29334360361099 22.403412010520697 28.169056858867407 47.042281933128834 9.7889229170978052 140.62556858174503 186.8299406953156 58.65997701138258 24.674471132457256 135.4017259478569 495.01244528591633 9.180720907635985 428.45058196503669 85.641468405723572 28.712961204349995 24.519061826169491 278.66810433194041 494.36050720885396 470.78981548175216 354.10210889950395
leaf_count=397670 2002 1708 71 1158 7839 3184 2552 1696 47 109 870 128 90 178 42 1173 1176 149 97 440 2771 114 2622 577 104 69 1334 4214 3295 1661
internal_value=-2.67733e-06 -0.00326099 -0.00188496 -0.00387345 0.00160418 0.00767932 0.00157088 0.0156375 0.187295 0.0133633 0.0360002 0.0201813 0.0677478 0.100274 0.00743097 0.0142242 -0.0293096 -0.0132745 0.0102087 -0.0104609 0.0225311 0.0359344 0.0384531 0.050257 -0.0748557 -0.0382728 -0.0167416 -0.0299128 -0.00648336 0.00146188
internal_weight=71742.1 6842.19 6584.32 5913.27 4147.7 2776.23 2210.75 671.051 8.77426 662.277 300.53 249.908 97.6148 75.2113 1832.83 1380.05 221.138 452.778 247.449 188.789 1158.91 663.898 654.718 514.092 53.3874 211.349 1765.57 773.029 992.539 824.892
internal_count=439140 41470 39468 36279 24617 16778 13594 3189 118 3071 1375 1266 396 268 11042 8544 1287 2498 790 641 7257 4486 4372 3199 201 1245 11662 5548 6114 4956
is_linear=0
shrinkage=0.1


Tree=181
num_leaves=31
num_cat=0
split_feature=10 10 10 8 2 1 2 8 5 10 10 11 0 5 2 2 2 11 8 5 6 0 10 5 8 5 8 1 0 9
split_gain=8.26799 39.2134 32.8237 55.8935 70.1363 70.1988 39.5078 25.7208 40.8892 45.3581 27.4562 36.6267 34.3051 68.0672 34.6698 46.5803 94.8354 43.9724 46.7355 43.8906 51.7536 35.4664 52.6333 62.4445 64.9439 45.647 44.9392 40.6573 42.7406 40.2609
threshold=-37.987999999999992 -51.300999999999988 -36.935499999999998 97.84350000000002 21.500000000000004 1.5000000000000002 22.500000000000004 71.848500000000016 2.5000000000000004 -71.896000000000242 -60.00100000000009 0.82936730123180302 324.50000000000006 1.5000000000000002 13.500000000000002 19.500000000000004 20.500000000000004 0.27777777777777896 85.06450000000001 2.5000000000000004 11.500000000000002 82.500000000000014 -66.604999999999976 1.5000000000000002 81.842500000000015 1.5000000000000002 75.631500000000017 2.5000000000000004 150.50000000000003 -4.7809999999999979
decision_type=2 2 2 2 2 2 2 2 2 2 2 2 2 2 2 2 2 2 2 2 2 2 2 2 2 2 2 2 2 2
left_child=1 7 3 -2 -5 -6 -7 8 -1 -10 12 -12 14 -14 21 19 17 18 -17 20 -16 25 26 24 -24 -9 -23 28 -26 -28
right_child=2 -3 -4 4 5 6 -8 10 9 -11 11 -13 13 -15 15 16 -18 -19 -20 -21 -22 22 23 -25 27 -27 29 -29 -30 -31
leaf_value=-0.027721510966119245 0.0037648405754273626 -0.0065250585360437548 0.00041310214796550361 0.016268834527611544 -0.018939506886286438 0.18578102063932869 0.023469204591156284 -0.022584261972084484 0.085262533586078215 -0.02112226793187949 0.0094069157027366519 -0.033874045138286096 -0.02168684428633709 0.0025499722060993279 -0.052847531040807784 0.19805314157132603 -0.0022953900187001565 -0.0046827035923224288 0.061311701387281661 0.027248101311895354 -0.010698027466772446 0.054120758590280205 -0.023160281022638118 -0.0045846006046678968 0.036870419073672236 0.010957518247308354 -0.0054786635957383926 0.0070887899037373886 0.14431173606898756 0.025048295602433757
leaf_weight=635.9582313997671 862.11253158934414 9626.8744506835938 41324.758922905254 207.84215409122407 31.325992278754711 76.001276265829802 18.682645384222269 636.87695265188813 75.37813738361001 85.576108709909022 5439.5300609618425 202.8158088773489 1939.0699741449207 2879.4088061098009 370.80959482677281 28.108873992227018 1754.8052368164062 90.642187565565109 225.59738624189049 224.66378271579742 1358.7567112594843 213.60689470171928 54.107145559042692 145.48604288697243 49.559003833681345 1117.9255816880614 1180.4821242541075 40.510176042094827 146.39945616386831 681.41775612533092
leaf_count=3881 3651 45746 294629 916 138 237 119 5831 153 272 23996 2184 11724 10348 3106 81 7928 432 1085 707 6342 781 446 480 339 3998 5961 129 386 3114
internal_value=-4.03077e-06 -0.00129954 0.00088576 0.0172178 0.0519575 0.110823 0.153754 0.00127001 -0.016326 0.0286999 0.00201666 0.00785117 -0.000489032 -0.0072035 0.00339972 -0.00322307 0.0071202 0.0551022 0.0764617 -0.0143334 -0.0197347 0.00969189 0.0173131 0.0488955 0.075672 -0.00121592 0.0106776 0.0982861 0.117139 0.00569359
internal_weight=71725.1 29204.4 42520.7 1195.96 333.852 126.01 94.6839 19577.5 796.912 160.954 18780.6 5642.35 13138.2 4818.48 8319.75 4053.38 2099.15 344.348 253.706 1954.23 1729.57 4266.37 2511.57 436.062 290.576 1754.8 2075.51 236.469 195.958 1861.9
internal_count=439140 139450 299690 5061 1410 494 356 93704 4306 425 89398 26180 63218 22072 41146 19681 9526 1598 1166 10155 9448 21465 11636 1780 1300 9829 9856 854 725 9075
is_linear=0
shrinkage=0.1


Tree=182
num_leaves=31
num_cat=0
split_feature=4 4 8 10 4 1 6 8 10 8 10 9 4 11 9 6 12 7 4 6 11 4 12 9 1 10 0 0 9 4
split_gain=7.71644 10.7542 11.1081 16.2213 12.5902 11.1057 13.6976 11.0793 10.5199 10.4484 12.5767 10.4609 11.8616 10.2141 13.1471 13.7892 12.2915 10.1396 10.0187 15.3444 14.3941 30.5541 13.7189 10.0831 9.96677 10.0604 12.255 10.8791 9.94634 9.20064
threshold=72.500000000000014 69.500000000000014 88.922500000000014 -28.225499999999936 70.500000000000014 1.5000000000000002 26.500000000000004 98.753500000000017 -77.979000000000113 77.512500000000017 -36.935499999999998 -3.1194999999999946 76.500000000000014 0.96261355695317963 -0.026999999999993893 41.500000000000007 -1.0000000180025095e-35 2.5000000000000004 60.500000000000007 29.500000000000004 0.9826073805202663 51.500000000000007 -2.4999999999999996 -0.0055000000000048994 1.5000000000000002 -15.709999999999985 848.50000000000011 34.500000000000007 -28.091499999999996 70.500000000000014
decision_type=2 2 2 2 2 2 2 2 2 2 2 2 2 2 2 2 2 2 2 2 2 2 2 2 2 2 2 2 2 2
left_child=1 13 3 4 -3 8 -7 -4 -6 17 -11 -12 -13 -1 16 18 -15 -2 19 22 -21 -22 -16 -20 25 27 -27 -5 -18 -26
right_child=9 2 7 24 5 6 -8 -9 -10 10 11 12 -14 14 15 -17 28 -19 23 20 21 -23 -24 -25 29 26 -28 -29 -30 -31
leaf_value=7.7836679709932776e-06 -0.00050841558689590646 0.042453239358344795 -0.11914960634122654 0.22941778666702969 0.033559802348708881 -0.090856142854940425 0.10796013161548255 0.069012092277405596 -0.13873177004266482 0.084088009261014132 0.16171847222742475 -0.15242929880058731 0.1014408458771255 0.045334727284650655 0.193002924398543 0.10574666098021318 0.21858664959324955 -0.21475637272686154 0.17811720318887062 0.022272157745731186 0.0095557038858148802 0.57147768812762756 -0.081332230442184794 -0.10451275912299816 0.047589017198924916 -0.11163461813731951 0.11555933274898061 0.031992884876542761 -0.10207658145694343 0.17841628082596384
leaf_weight=71418.605534246337 3.4720318177714962 47.56741407327354 9.3988070134073478 4.2063449006527689 4.8869171664118758 5.851905144751071 8.4967815801501256 4.6912725716829291 12.895494975149633 8.4689633026719111 1.6905777156353021 9.6614163657650298 2.2735259532928458 7.5884408354759207 2.0851037502288845 10.267477113753555 0.99276971817016502 6.0720783397555351 1.3703566491603876 7.4267243407666665 2.1785977054387335 1.7408776264637706 14.494294593110682 16.005290435627103 8.4757069479674119 6.9604906067252141 3.6033009514212608 8.2964388094842416 37.715979989618063 14.696409523487089
leaf_count=435629 11 184 86 13 12 47 22 16 78 26 2 126 10 33 4 76 1 47 20 175 26 24 625 207 80 50 18 59 1384 49
internal_value=-4.94345e-06 1.68558e-05 0.0277027 0.0371236 0.00978703 -0.0385726 0.0268758 -0.0565014 -0.091383 -0.0493796 -0.0116101 -0.0710914 -0.104069 -3.73493e-05 -0.0316802 0.00111135 -0.0710387 -0.136816 -0.0226041 0.0144913 0.104097 0.259139 -0.0468305 -0.0822227 0.0842418 0.0377083 -0.0341389 0.0984131 -0.0938525 0.130563
internal_weight=71692.1 71660.5 140.027 125.937 79.6985 32.1311 14.3487 14.0901 17.7824 31.6386 22.0945 13.6255 11.9349 71520.5 101.866 55.5687 46.2972 9.54411 45.3012 27.9256 11.3462 3.91948 16.5794 17.3756 46.2387 23.0666 10.5638 12.5028 38.7087 23.1721
internal_count=439140 438918 714 612 343 159 69 102 90 222 164 138 136 438204 2575 1157 1418 58 1081 854 225 50 629 227 269 140 68 72 1385 129
is_linear=0
shrinkage=0.1


Tree=183
num_leaves=31
num_cat=0
split_feature=8 8 4 11 2 5 9 11 9 6 7 9 12 11 7 10 11 9 4 12 6 12 8 0 0 11 11 6 5 10
split_gain=7.45436 32.2041 30.1802 42.6071 38.627 85.1722 40.831 37.915 25.6445 31.5921 22.806 22.0092 21.6618 30.6367 40.6452 26.6835 24.3131 21.5635 20.525 20.3726 20.4551 28.4395 20.2169 19.9506 44.1425 21.0987 19.8423 20.9916 19.7324 19.5096
threshold=77.660500000000013 76.059500000000014 35.500000000000007 0.69052496798975682 7.5000000000000009 1.5000000000000002 -35.073999999999984 0.152475845410628 -4.9139999999999935 18.500000000000004 18.500000000000004 2.2704999999999989 2.5000000000000004 0.077422577422577424 9.5000000000000018 46.755500000000019 0.097222222222221114 0.096499999999998906 44.500000000000007 7.5000000000000009 3.5000000000000004 8.5000000000000018 76.842500000000015 796.50000000000011 106.50000000000001 0.37581168831168837 0.039736842105263161 5.5000000000000009 2.5000000000000004 -42.685000000000002
decision_type=2 2 2 2 2 2 2 2 2 2 2 2 2 2 2 2 2 2 2 2 2 2 2 2 2 2 2 2 2 2
left_child=1 12 4 8 5 7 -6 -3 -4 22 -9 23 13 14 -1 26 19 28 -11 -14 21 -21 -10 24 -8 -26 29 -28 -5 -16
right_child=-2 2 3 17 6 -7 11 10 9 18 -12 -13 16 -15 15 -17 -18 -19 -20 20 -22 -23 -24 -25 25 -27 27 -29 -30 -31
leaf_value=-0.099798341235084007 0.00037375874124909495 0.082868914094634052 0.029361284958614273 0.0015930176325537984 0.015841787044291553 -0.049043533990863322 -0.018711828071885653 0.0021367799573513281 0.10641553508744689 -0.053432767050509179 0.17952924030189232 0.0738098634690528 0.0073138684509117396 0.007794063188404577 -0.09291934814209736 0.13338933135453832 -0.011367031854717978 0.030459505535392714 0.011179217173485169 0.50714072650976261 0.058214713743185147 0.083921520916439757 -0.0040392780629209795 -0.016727709543769034 -0.07812635829184747 -0.02767674157182743 -0.062911137000769987 0.057203776292507148 -0.052882645564031154 0.088847298621955506
leaf_weight=61.693902805243852 62989.279495239258 116.76901613688096 479.74232722818851 95.665784468408674 188.54423731565475 177.76633823243901 360.705023791641 171.54879953991622 33.059991791844368 126.30430277762935 7.5670198425650588 18.565267004072666 118.01235184445977 3756.064248688519 7.578268837183713 13.101814452558754 1592.1661165356636 57.265459433197975 80.500452287960798 2.5894189514219752 38.436593785881996 4.1047122441232204 33.223968505859375 371.00057266652584 337.36930472170934 109.90164155000821 76.495646614581347 17.966945718973875 218.04750503459945 26.744179151952267
leaf_count=991 388624 740 1569 532 803 928 3417 1070 246 1077 19 77 846 20332 70 53 6303 399 509 27 192 63 298 2827 3758 798 538 57 1817 160
internal_value=-5.18211e-06 -0.00274924 -0.0111704 0.00176777 -0.0189888 0.00566513 -0.0274135 0.0385339 0.0154363 -0.00902623 0.00963099 -0.0342237 0.00164712 0.00574623 -0.0320363 -0.00257267 -0.0075997 -0.0259698 -0.028282 0.0291669 0.0863104 0.247631 0.0510515 -0.0359249 -0.0447397 -0.0657301 -0.0164046 -0.0400651 -0.0362705 0.0487139
internal_weight=71687.8 8698.5 2983.55 1123.81 1859.74 473.651 1386.09 295.885 752.831 273.089 179.116 1197.54 5714.95 3959.65 203.581 141.887 1755.31 370.979 206.805 163.143 45.1307 6.69413 66.284 1178.98 807.976 447.271 128.785 94.4626 313.713 34.3224
internal_count=439140 50516 20884 6447 14437 2757 11680 1829 3699 2130 1089 10877 29632 22201 1869 878 7431 2748 1586 1128 282 90 544 10800 7973 4556 825 595 2349 230
is_linear=0
shrinkage=0.1


Tree=184
num_leaves=31
num_cat=0
split_feature=8 2 8 6 10 10 2 11 11 0 2 10 1 11 10 7 11 10 8 2 9 11 7 1 7 0 5 10 10 7
split_gain=7.26685 20.6325 18.8952 23.5042 26.9134 28.8701 26.6974 17.8155 16.9711 17.6447 18.4185 22.0205 18.6725 18.0205 21.1193 15.3672 14.888 14.7054 14.674 34.1649 26.5086 24.6962 24.1838 20.2375 16.7493 15.4901 26.5208 18.7909 14.6798 14.4257
threshold=114.04650000000002 24.500000000000004 129.10850000000002 15.500000000000002 -7.2369999999999868 -41.665499999999987 20.500000000000004 0.48591269841269846 0.47402159244264502 828.50000000000011 4.5000000000000009 -22.795499999999993 1.0000000180025095e-35 0.017700501253132803 -6.8104999999999967 1.5000000000000002 0.069605943152454761 46.755500000000019 111.01200000000001 3.5000000000000004 0.93549999999999767 0.17124060150375939 19.500000000000004 1.0000000180025095e-35 7.5000000000000009 864.50000000000011 3.5000000000000004 -8.9329999999999981 2.7355000000000094 2.5000000000000004
decision_type=2 2 2 2 2 2 2 2 2 2 2 2 2 2 2 2 2 2 2 2 2 2 2 2 2 2 2 2 2 2
left_child=18 2 3 15 5 6 -5 -7 9 10 -4 12 -12 -13 16 -2 -15 -17 -1 21 22 24 23 29 -20 28 27 -27 -25 -21
right_child=1 -3 8 4 -6 7 -8 -9 -10 -11 11 13 -14 14 -16 17 -18 -19 19 20 -22 -23 -24 25 -26 26 -28 -29 -30 -31
leaf_value=-2.7132205325114055e-06 -0.10899598286697315 -0.089027600352273667 -0.018981414135110626 -0.058557243905645678 0.058769651476169471 -0.071893364588783315 0.061014426767195554 0.016050776155757715 -0.033255198227204005 -0.016268886804100262 0.11819487626471446 -0.035741462861684545 -0.087133845746428573 0.21118055855791451 0.052410114600382231 -0.015071823512082146 0.073940923890767646 -0.077739719810493157 -0.017667389301271194 0.21295922143537035 0.017539180698247659 0.0022022605104927528 0.16756756835811182 -0.07651468255552453 0.08573948798021086 -0.16950413978916049 0.28324625753956595 0.051390623246159166 0.036171812179919861 0.008384867496471474
leaf_weight=69304.889039854374 18.957814217079431 29.827899932861328 51.852164668729529 24.832765441387892 88.742265477776527 71.60747135989368 75.277436658740044 33.958777008578181 67.057672327384353 91.853866576217115 5.7328065391629961 18.153081204043701 19.473828133195639 15.877925784327092 140.65522783715278 811.17988460836932 15.740955578163264 39.256471466273069 17.966867884621024 3.8087519337423137 331.53436973597854 77.717829293571413 6.0686922222375861 115.23343953769654 122.19962644018233 5.7725034921895757 3.4015595412347457 11.569316425360739 12.849584195762871 36.287234077695757
leaf_count=422176 215 344 385 121 310 328 227 152 583 683 17 335 217 114 937 6432 63 373 145 9 1512 314 47 2179 414 96 13 84 59 256
internal_value=-5.84386e-06 -0.00662718 -0.00508158 -0.0116796 0.012741 -0.00711878 0.0313542 -0.0436033 0.0129271 0.0215454 0.0345307 0.0473984 -0.0404354 0.0590249 0.0690108 -0.0199496 0.142858 -0.0179646 0.000147289 0.0141125 0.000331309 0.0474153 -0.0289264 -0.0352384 0.0724846 -0.0522265 0.02794 -0.0221377 -0.0652097 0.0278176
internal_weight=71669.3 1620.04 1590.21 1163.81 294.419 205.676 100.11 105.566 426.398 359.34 267.486 215.634 25.2066 190.427 172.274 869.394 31.6189 850.436 70049.3 744.41 526.525 217.884 194.991 188.922 140.166 148.826 20.7434 17.3418 128.083 40.096
internal_count=439140 11836 11492 8158 1138 828 348 480 3334 2751 2068 1683 234 1449 1114 7020 177 6805 427304 5128 4255 873 2743 2696 559 2431 193 180 2238 265
is_linear=0
shrinkage=0.1


Tree=185
num_leaves=31
num_cat=0
split_feature=7 9 9 5 8 8 9 12 3 10 4 1 8 12 9 10 10 8 6 9 9 4 2 8 4 10 11 12 11 2
split_gain=7.37885 27.7904 32.5271 31.5227 30.8858 44.6239 29.0075 47.1309 53.1732 48.9805 45.7185 36.6285 53.1404 36.2108 33.0709 32.0355 42.426 28.8126 39.4683 28.5494 60.7888 54.5508 39.7626 37.982 35.9909 43.1607 31.9031 30.132 28.2233 28.9321
threshold=8.5000000000000018 4.9360000000000008 -0.0055000000000048994 2.5000000000000004 97.895500000000013 95.265500000000017 -0.25550000000000489 -1.0000000180025095e-35 1.0000000180025095e-35 107.94800000000002 21.500000000000004 2.5000000000000004 82.967500000000015 3.5000000000000004 -4.0095000000000018 111.16900000000004 -25.687999999999857 92.918500000000009 11.500000000000002 1.0000000180025095e-35 0.35249999999999915 16.500000000000004 16.500000000000004 101.14050000000002 37.500000000000007 69.09950000000002 0.30583900226757371 1.5000000000000002 0.72264957264957275 19.500000000000004
decision_type=2 2 2 2 2 2 2 2 2 2 2 2 2 2 2 2 2 2 2 2 2 2 2 2 2 2 2 2 2 2
left_child=1 2 6 4 5 17 11 -8 9 10 13 15 14 -9 -13 16 -1 -3 -19 21 22 -4 27 24 25 -24 -23 -21 29 -26
right_child=-2 3 19 -5 -6 -7 7 8 -10 -11 -12 12 -14 -15 -16 -17 -18 18 -20 20 -22 26 23 -25 28 -27 -28 -29 -30 -31
leaf_value=-0.0032146548710827085 -0.00083359087073062686 -0.017029279039724093 0.0010314635888843389 0.0096089919461992898 -0.0022860369122132975 -0.044456463843121796 0.033666278065275196 -0.06819360645736737 0.10230569917824871 0.20759589134422171 -0.013040868414827544 0.0030468187398796499 0.025815245224548179 0.038845346195248792 -0.049464199589238554 -0.029756537728006262 0.0077961170694791741 -0.06592817110381706 0.041340098946406334 -0.054606145815168351 0.012627983677647663 0.081943577332903333 -0.056103654783645651 0.10430516110721509 0.11583700622353287 0.1468932333416707 0.030567851855693891 0.036011522485245598 -0.029930481897475648 -0.00072255276996893247
leaf_weight=9296.561370909214 43042.416145324707 906.70325915515423 562.63753209158313 1108.9265876561403 2461.8070156574249 512.85282421112061 187.41743119806051 298.76345921540633 34.396497770678252 9.0735081695020181 827.25791137851775 765.49941617250443 1415.9588814079762 35.343786261975765 142.21633961983025 348.14432054758072 5611.8507542591542 41.713039375841618 193.03461220115423 315.0491889975965 2551.057674407959 163.13888985011727 140.16754978569224 34.048411373980343 48.331873172428459 11.319788577035068 466.49511370435357 41.531894598156214 49.981042134575546 38.068645372986794
leaf_count=47527 245610 6562 6477 3757 13853 2894 876 11911 104 55 15989 2341 4669 149 827 2525 36041 401 958 10881 14449 619 4273 691 242 43 2460 273 1311 372
internal_value=-6.15945e-06 0.00123827 0.00271094 -0.00535541 -0.00938699 -0.0199541 0.0009108 -0.0129838 -0.0202404 -0.0238418 -0.02565 0.00201117 0.0137072 -0.0568704 -0.00518034 0.000229792 0.000930039 -0.00894519 0.0222793 0.0104347 0.00555252 0.0236593 -0.0210502 0.00442806 -0.00738515 -0.0409349 0.0438794 -0.0440517 0.0298806 0.0644801
internal_weight=71661.8 28619.3 23394.3 5225.04 4116.11 1654.3 18972.5 1392.25 1204.84 1170.44 1161.37 17580.2 2323.67 334.107 907.716 15256.6 14908.4 1141.45 234.748 4421.83 3229.56 1192.27 678.498 321.917 287.869 151.487 629.634 356.581 136.382 86.4005
internal_count=439140 193530 165105 28425 24668 10815 123014 29084 28208 28104 28049 93930 7837 12060 3168 86093 83568 7921 1359 42091 32535 9556 18086 6932 6241 4316 3079 11154 1925 614
is_linear=0
shrinkage=0.1


Tree=186
num_leaves=31
num_cat=0
split_feature=12 6 12 5 6 0 10 10 1 9 0 8 8 10 10 0 0 6 8 0 2 10 8 2 11 4 7 2 0 9
split_gain=7.70277 17.2469 14.2162 26.13 15.9783 15.6056 14.7685 17.2455 24.3278 18.8898 15.4121 17.1908 23.5658 20.6187 16.9255 15.2142 19.7136 14.45 13.5772 19.325 15.3649 13.3718 27.2583 18.245 14.7766 16.7951 13.1391 18.0084 16.1138 13.6839
threshold=6.5000000000000009 30.500000000000004 9.5000000000000018 1.5000000000000002 2.5000000000000004 873.50000000000011 -73.619500000000002 -5.5669999999998643 1.0000000180025095e-35 -35.073999999999984 80.500000000000014 91.842500000000015 98.412500000000009 -37.786000000000001 -19.954499999999999 138.50000000000003 118.50000000000001 1.5000000000000002 105.66100000000002 46.500000000000007 5.5000000000000009 -0.60700000000000631 94.635000000000005 7.5000000000000009 0.20815217391306437 37.500000000000007 9.5000000000000018 22.500000000000004 138.50000000000003 -31.599499999999995
decision_type=2 2 2 2 2 2 2 2 2 2 2 2 2 2 2 2 2 2 2 2 2 2 2 2 2 2 2 2 2 2
left_child=-1 2 17 5 -5 6 -4 9 -9 -8 18 -12 13 -13 15 16 -14 -2 20 -20 -11 26 24 -24 -23 -26 27 29 -29 -6
right_child=1 -3 3 4 21 -7 7 8 -10 10 11 12 14 -15 -16 -17 -18 -19 19 -21 -22 22 23 -25 25 -27 -28 28 -30 -31
leaf_value=0.00029758256800480585 -0.10462782700555179 0.023355864754734206 0.039504301117447571 -0.10491107837598811 -0.088444616995814837 0.066682659739985078 -0.10772956933356598 -0.11215290059906446 0.034588073557265862 -0.14849031546616195 -0.01552081225967158 0.017873140607869858 0.018761630774422201 0.14876727231989789 -0.07236255789738856 0.0063632279807508008 0.2394287238309484 -0.0078139358778104642 -0.023393018827922357 0.21459092194396343 -0.03295274415381165 -0.27380185979596189 -0.068925755580154333 0.031751653194076808 -0.029759640086215147 -0.20030342627620279 0.040460080763826928 -0.1002029255323824 -0.016448657544683297 0.0022213878924090165
leaf_weight=65933.34824342982 15.481967557221649 228.76986699178815 153.24084260314703 17.164458226412535 17.130571626126766 54.630321562290192 17.718634575605392 11.906624651513992 221.01148780249059 13.536553081125019 150.826446169056 21.940731920301914 9.5766956768929976 26.653531848452985 21.96119399368763 76.139381281100214 7.0132419764995566 3657.1402773708105 11.132647102698686 4.9201274625957003 76.892689732834697 5.2025624774396446 29.926771800965071 45.167522583156824 16.658957857638601 8.837954852730034 64.043131640180945 35.520306104794145 65.020241469144821 589.00266205146909
leaf_count=412965 594 1106 715 160 71 214 145 69 1108 121 795 120 69 133 163 389 27 16658 66 27 506 26 111 142 60 46 184 140 216 1994
internal_value=-6.6759e-06 -0.00354213 -0.00467216 0.00268208 -0.00935919 0.014923 0.0114933 0.00509846 0.0270868 -0.00658609 -0.00232514 0.00882026 0.0313042 0.0896674 0.0065757 0.0252707 0.112047 -0.00822206 -0.035203 0.0495483 -0.0502478 -0.00748803 -0.0408256 -0.00837057 -0.120214 -0.088875 -0.0029119 -0.00684253 -0.0460385 -0.00034102
internal_weight=71607.5 5674.17 5445.4 1772.78 893.675 879.101 824.471 671.23 232.918 438.312 420.593 314.111 163.285 48.5943 114.691 92.7293 16.5899 3672.62 106.482 16.0528 90.4292 876.511 105.794 75.0943 30.6995 25.4969 770.717 706.674 100.541 606.133
internal_count=439140 26175 25069 7817 3150 4667 4453 3738 1177 2561 2416 1696 901 253 648 485 96 17252 720 93 627 2990 385 253 132 106 2605 2421 356 2065
is_linear=0
shrinkage=0.1


Tree=187
num_leaves=31
num_cat=0
split_feature=10 2 2 2 2 3 7 1 2 2 8 2 8 8 4 8 10 0 10 9 0 6 9 11 10 9 9 12 3 6
split_gain=7.5875 27.1275 19.2916 33.94 25.3805 40.4721 35.1233 24.9915 58.4705 58.0325 49.3385 43.4148 42.0749 37.5285 36.5987 42.9182 33.1646 28.0044 29.4909 27.0518 26.3986 24.2278 28.3031 24.338 23.8468 68.0655 43.3784 26.2789 25.3742 35.8881
threshold=14.24 1.5000000000000002 23.500000000000004 16.500000000000004 24.500000000000004 1.0000000180025095e-35 2.5000000000000004 1.5000000000000002 7.5000000000000009 6.5000000000000009 76.842500000000015 13.500000000000002 93.631500000000017 95.533500000000018 32.500000000000007 77.094500000000011 57.781500000000001 160.50000000000003 86.238000000000028 -17.812500000000004 80.500000000000014 2.5000000000000004 -19.593499999999992 0.025807525807525752 96.696000000000041 -8.1924999999999937 -14.922500000000005 2.5000000000000004 1.0000000180025095e-35 8.5000000000000018
decision_type=2 2 2 2 2 2 2 2 2 2 2 2 2 2 2 2 2 2 2 2 2 2 2 2 2 2 2 2 2 2
left_child=-1 -2 3 7 6 -6 -4 11 9 -9 -10 14 -13 16 15 17 -12 18 20 -11 -3 23 -23 -15 25 -18 -26 28 -28 -30
right_child=1 2 4 -5 5 -7 -8 8 10 19 13 12 -14 21 -16 -17 24 -19 -20 -21 -22 22 -24 -25 26 -27 27 -29 29 -31
leaf_value=0.00032799112925961611 -0.035099691164212556 -0.076128381897586486 -0.035356745831789098 -0.015436980429431427 -0.024150313747342576 0.057768629099657923 0.048834185813257797 0.015222603608288683 -0.066970104762836269 -0.08266670491042849 -0.022714020511783055 -0.050861131736944322 0.067444658419353029 -0.13274257026098349 0.009454001336234889 -0.038697369335036987 0.05413853734205365 -0.04392418192472574 -0.0089699123186675212 0.090542666068127081 0.18291642622035187 0.17353670649921496 -0.047630125464215842 0.25671891751347686 -0.044804539570774932 -0.016672180311206646 0.020842407016022389 -0.021368636777403079 0.35848897866271989 0.068461492559401579
leaf_weight=64790.843682961451 256.22491836547852 4.6248631794005659 60.476775355637074 1751.0395383834839 260.5697073508054 78.472322983667254 274.31903915852308 811.35147911310196 116.37216751091182 9.5757038556039316 322.65366414003074 40.100926861166954 120.07671143114567 2.2981137856841078 334.8636235781014 661.51184552907944 367.92701452970505 26.691037969663739 21.154111668467522 154.48916125670075 26.334244973957539 5.9359170813113442 229.41560743562877 5.3167534284293652 161.40879365429282 215.11238127946854 326.30523456819355 143.60955392755568 5.0478242896497241 27.564179297536612
leaf_count=397670 2002 34 216 11662 1935 259 779 3529 1444 108 2272 237 397 65 1175 3614 1869 170 130 489 96 44 2492 59 922 1914 2458 935 40 124
internal_value=-5.98831e-06 -0.00317844 -0.00193252 -0.00376597 0.0140958 -0.00518992 0.0336261 0.00117066 0.00623799 0.026191 -0.00385162 -0.0107429 0.0378265 0.000200712 -0.0179786 -0.030387 0.00586186 0.0393729 0.0820355 0.0804332 0.144219 -0.0363719 -0.042052 0.139182 0.0132558 0.0280129 0.000296826 0.0147831 0.0292481 0.113353
internal_weight=71611.7 6820.84 6564.62 5890.78 673.838 339.042 334.796 4139.74 2904.38 975.416 1928.97 1235.36 160.178 1812.6 1075.18 740.316 1569.63 78.8043 52.1132 164.065 30.9591 242.966 235.352 7.61487 1246.97 583.039 663.936 502.527 358.917 32.612
internal_count=439140 41470 39468 36279 3189 2194 995 24617 18764 4126 14638 5853 634 13194 5219 4044 10534 430 260 597 130 2660 2536 124 8262 3783 4479 3557 2622 164
is_linear=0
shrinkage=0.1


Tree=188
num_leaves=31
num_cat=0
split_feature=4 11 9 9 8 8 12 11 0 0 0 6 11 4 4 6 7 0 0 4 2 11 11 4 8 9 8 8 7 4
split_gain=7.25926 37.4832 37.7733 30.6411 28.0024 20.5013 21.5277 23.412 21.1941 21.0474 37.2526 23.693 25.8003 21.6065 18.6325 18.4873 21.4194 18.3155 32.2293 21.7015 24.3225 23.6759 23.8838 18.4798 16.995 23.6009 19.1418 21.4644 17.5826 17.5686
threshold=61.500000000000007 0.80735492577597856 1.5880000000000012 -0.13950000000000523 112.92400000000002 81.788500000000013 2.5000000000000004 0.9826073805202663 305.50000000000006 34.500000000000007 28.500000000000004 36.500000000000007 0.84752415458937203 56.500000000000007 54.500000000000007 44.500000000000007 16.500000000000004 118.50000000000001 813.50000000000011 49.500000000000007 7.5000000000000009 0.83457711442786076 0.89376503237742833 59.500000000000007 85.322500000000005 -1.1249999999999927 79.237500000000011 75.131500000000017 3.5000000000000004 65.500000000000014
decision_type=2 2 2 2 2 2 2 2 2 2 2 2 2 2 2 2 2 2 2 2 2 2 2 2 2 2 2 2 2 2
left_child=1 -1 3 15 5 9 7 -7 -8 10 -5 -11 13 -13 -4 17 -17 19 -19 21 -21 -3 -23 -20 26 -26 27 28 29 -2
right_child=24 2 14 4 -6 6 8 -9 -10 11 -12 12 -14 -15 -16 16 -18 18 23 20 -22 22 -24 -25 25 -27 -28 -29 -30 -31
leaf_value=0.00011411024888028257 0.10751600524922998 -0.11415106932952446 0.058558885097400128 0.032262771708303599 0.23400683501279851 -0.084228736392505998 0.15807887980963253 0.050563725581545607 -0.10619921109541189 -0.061020604877783671 0.53921832873536413 -0.10339645338537461 -0.1096008072365387 0.30834931895576334 -0.0043498550147842412 0.03904292498038045 0.33894844313385047 -0.066278346996123894 -0.033653759072145156 -0.09186671789907648 0.016666411285589794 0.22670704775154293 -0.036537563716229217 0.037010972721405966 -0.076018396521715104 -0.00031135402045515278 0.022956683621007404 -0.012836813893010446 0.0074132129658946271 0.0076815068986828758
leaf_weight=68934.264533638838 40.701190019026399 4.039469888899478 75.030877888202667 7.0361893232911807 3.3534913267940274 222.44643503241241 7.9022705256938917 13.678000079467891 4.9262718185782433 45.304102626629174 1.8255720138549802 1.6548434682190398 3.7560754446312785 5.544481173157692 126.38998425006866 20.519633461721245 2.6940982704982153 142.81230982858688 77.056266873143613 25.752269602380693 104.18072836939245 12.594938844442369 4.7450052886269978 71.205245971679688 55.257948534563184 161.59276085160673 661.80601474642754 494.72173711657524 224.05501328594983 31.092325951904058
leaf_count=410249 131 137 207 94 92 11911 21 320 32 1500 21 89 141 16 397 166 13 2868 755 230 587 223 236 248 269 887 2926 2920 1285 169
internal_value=-6.99233e-06 -0.000162584 -0.0195376 -0.0294724 -0.0534303 -0.0564993 -0.0695664 -0.0764206 0.0565938 -0.0065452 0.136698 -0.0291083 0.102859 0.213705 0.0190842 -0.0131389 0.0738488 -0.0177035 -0.032374 0.0105175 -0.00484448 0.103879 0.154671 0.000284244 0.00651027 -0.019603 0.0104092 -9.46381e-05 0.021213 0.0642797
internal_weight=71587.9 69918.7 984.449 783.028 317.428 314.074 248.953 236.124 12.8285 65.1213 8.86176 56.2595 10.9554 7.19932 201.421 465.6 23.2137 442.386 291.074 151.312 129.933 21.3794 17.3399 148.262 1669.23 216.851 1452.38 790.57 295.849 71.7935
internal_count=439140 430553 20304 19700 14237 14145 12284 12231 53 1861 115 1746 246 105 604 5463 179 5284 3871 1413 817 596 459 1003 8587 1156 7431 4505 1585 300
is_linear=0
shrinkage=0.1


Tree=189
num_leaves=31
num_cat=0
split_feature=12 1 12 10 8 6 10 10 0 10 7 10 0 10 0 1 5 6 0 10 8 8 9 0 9 8 0 1 0 12
split_gain=7.17098 21.9083 23.6305 22.2945 21.3649 20.4395 19.5406 22.5816 17.9335 17.4908 15.6057 21.9434 17.0153 14.8953 14.8227 13.2132 19.7795 15.2288 16.9122 21.831 20.1195 18.6729 17.5696 20.7637 15.4625 18.5489 32.0183 14.8968 21.2315 19.3094
threshold=-6.4999999999999991 1.0000000180025095e-35 -8.4999999999999982 -12.5555 129.10850000000002 28.500000000000004 -9.4024999999999928 -7.0115000000000114 783.50000000000011 -4.1789999999999941 8.5000000000000018 -95.899000000000001 305.50000000000006 -17.871500000000001 114.50000000000001 1.5000000000000002 1.5000000000000002 6.5000000000000009 300.50000000000006 -37.786000000000001 84.82950000000001 71.671500000000023 -36.895499999999998 46.500000000000007 22.953500000000002 100.91250000000001 791.50000000000011 2.5000000000000004 273.50000000000006 -11.499999999999998
decision_type=2 2 2 2 2 2 2 2 2 2 2 2 2 2 2 2 2 2 2 2 2 2 2 2 2 2 2 2 2 2
left_child=1 2 3 -1 5 14 -5 -8 -9 -10 11 -3 13 -13 -4 16 -12 18 19 20 -17 -21 23 -23 -19 26 -26 29 -29 -24
right_child=-2 10 4 6 -6 -7 7 8 9 -11 15 12 -14 -15 -16 17 -18 24 -20 21 -22 22 27 -25 25 -27 -28 28 -30 -31
leaf_value=0.018623051456111081 0.00027144627015877106 0.17236803577308465 0.0036455081067954167 -0.075703961730393773 0.18680365769778995 0.036071913073114727 0.08368251928885255 0.0052155966064970204 -0.167245339561503 -0.031870299237186719 -0.065045415818813138 -0.056922075411391715 0.062633096495340809 0.055880010183312893 -0.020165107570832591 -0.091438710035663895 0.0028985623102081902 -0.0065252380319899498 -0.045576251671769874 0.17505418289176233 -0.014767422124880848 -0.1610950810992087 -0.05612069182712337 0.15180739112291924 -0.036824723916673685 0.01768119062109071 0.29809768649305862 -0.066743053080549911 0.17707542598506915 0.023235266261769964
leaf_weight=1075.7075245976448 66393.274093710759 9.4945060908794385 400.6153028276749 40.567759156227112 5.6438822746276847 96.255361177027225 28.042339503765106 202.9136173389852 11.140577897429464 66.597155380994081 108.1306561389938 38.768647657707334 40.077011855551973 16.769792862003669 752.62644046498463 53.167914872057736 70.966415974311531 1508.5594704002142 216.87702039862052 6.3375432775355867 96.065975974313915 2.5143195828422931 37.972715796902776 13.548032240010796 4.9007810950279218 46.916411347687244 6.835692510008812 52.768603646196425 3.8307370319962493 159.28004617244005
leaf_count=3425 413431 25 1337 175 21 383 89 820 58 299 1203 312 185 120 2709 465 247 7923 2076 25 973 27 446 83 33 211 24 397 15 1603
internal_value=-7.98753e-06 -0.00359378 0.00268316 0.0114958 -0.00732183 -0.00819868 -0.0104559 -0.00188119 -0.0104306 -0.0512709 -0.0103397 0.0273713 0.0129733 -0.0228616 -0.0118937 -0.0119991 -0.0381229 -0.00988168 -0.0228491 -0.0112646 -0.0420833 0.00538389 0.00140007 0.102827 -0.00456667 0.045808 0.158245 -0.00501768 -0.050241 0.00795862
internal_weight=71567.2 5173.89 2680.11 1424.97 1255.14 1249.5 349.261 308.694 280.651 77.7377 2493.78 105.11 95.6155 55.5384 1153.24 2388.67 179.097 2209.58 642.363 425.486 149.234 276.252 269.914 16.0624 1567.21 58.6529 11.7365 253.852 56.5993 197.253
internal_count=439140 25709 9316 4866 4450 4429 1441 1266 1177 357 16393 642 617 432 4046 15751 1450 14301 6110 4034 1438 2596 2571 110 8191 268 57 2461 412 2049
is_linear=0
shrinkage=0.1


Tree=190
num_leaves=31
num_cat=0
split_feature=2 2 5 7 10 7 10 4 7 10 2 2 8 8 6 7 8 5 8 8 10 0 0 8 10 8 11 1 1 10
split_gain=7.27139 32.1914 51.6687 60.18 64.149 45.3799 34.1021 30.965 29.9187 29.9388 44.0392 62.3263 34.5449 30.0495 30.3783 29.5924 28.0739 28.0363 39.223 29.7051 29.4988 29.0345 43.865 26.8118 58.0211 67.007 69.3676 94.8451 72.3164 59.4794
threshold=11.500000000000002 12.500000000000002 2.5000000000000004 12.500000000000002 -25.9725 5.5000000000000009 -60.00100000000009 46.500000000000007 17.500000000000004 -130.98249999999996 19.500000000000004 22.500000000000004 83.493500000000012 97.59350000000002 12.500000000000002 3.5000000000000004 83.822500000000005 2.5000000000000004 97.366000000000014 92.711500000000015 -26.826499999999893 70.500000000000014 62.500000000000007 90.96250000000002 -21.128999999999994 81.316500000000005 0.35620300751879702 2.5000000000000004 1.5000000000000002 -17.453999999999983
decision_type=2 2 2 2 2 2 2 2 2 2 2 2 2 2 2 2 2 2 2 2 2 2 2 2 2 2 2 2 2 2
left_child=15 2 3 -2 6 -4 -5 -7 9 10 12 -12 -3 14 -14 -1 -9 18 19 -10 -20 22 -21 24 25 -11 -27 28 -28 -26
right_child=1 8 5 4 -6 7 -8 16 17 23 11 -13 13 -15 -16 -17 -18 -19 20 21 -22 -23 -24 -25 29 26 27 -29 -30 -31
leaf_value=0.0069475869534752948 0.0045538800691654413 0.0015632550973015567 0.028723230505866393 0.019268897904019408 0.0020380697166100395 -0.039199300160317335 0.063932124497785806 0.0240379075196962 -0.016820853478368876 0.016276347092529213 0.03711038426367879 -0.017757732317156823 -0.080827851676652837 0.010329005969772508 -0.030648737743357198 -0.0023173244142819529 -0.022691536239274095 0.0060985732573813527 -0.026505959695469768 -0.025690019220092366 0.01873479020588914 -0.065961384595602621 0.19670174077308092 0.0043868679488066513 -0.040203636488846138 0.0061643045367628727 -0.0088849445810215855 0.029555023643221517 -0.042504242086491562 -0.0064452683849556998
leaf_weight=3944.1993317241431 1847.1482668695971 436.50281717814505 256.48127416986972 248.76175186038017 430.47690144181252 413.6922954916954 546.57186567783356 225.44514503423125 763.66832648543641 2681.1516819000244 384.05921316146851 449.14099597930908 148.60646143555641 139.01570322178304 641.2599138468504 27372.579063415527 299.1750018959865 714.08131105871871 223.11503724427894 83.345686018466949 407.11122705368325 297.7850347161293 9.9253197908401471 15794.369082883466 597.97333240509033 4569.6487664952874 2145.3220606073737 465.20904922485352 911.74138069152832 4103.6256796563976
leaf_count=27726 11653 1502 887 977 2815 1852 1802 806 4409 11624 1671 1646 824 491 2248 156233 1689 3598 1150 459 3013 2169 58 118295 9742 21832 9026 1351 4454 33138
internal_value=-7.81011e-06 0.000881575 0.00909306 0.015954 0.0331325 -0.00855293 0.0499625 -0.0187421 -9.27875e-05 0.000695337 -0.0105842 0.00753343 -0.0216401 -0.0325439 -0.0400895 -0.00115045 -0.00261048 -0.0106475 -0.0173469 -0.0282983 0.00271849 -0.0507118 -0.00202447 0.00148842 -0.0014699 0.00257525 -0.00196443 -0.0125103 -0.0189116 -0.0107388
internal_weight=71551.2 40234.4 4267.75 3072.96 1225.81 1194.79 795.334 938.312 35966.7 33467.6 2198.59 833.2 1365.38 928.882 789.866 31316.8 524.62 2499.03 1784.95 1154.72 630.226 391.056 93.271 31269 15474.7 10773.1 8091.92 3522.27 3057.06 4701.6
internal_count=439140 255181 22481 17247 5594 5234 2779 4347 232700 217844 8382 3317 5065 3563 3072 183959 2495 14856 11258 7095 4163 2686 517 209462 91167 48287 36663 14831 13480 42880
is_linear=0
shrinkage=0.1


Tree=191
num_leaves=31
num_cat=0
split_feature=4 11 5 9 11 4 9 12 9 0 9 9 9 2 2 2 5 3 3 6 0 6 4 12 10 9 11 1 6 11
split_gain=7.38094 93.6654 77.7565 40.0089 35.4023 85.9328 38.8881 37.5905 37.4096 36.8097 34.1632 31.854 31.7334 29.9756 29.7292 28.2178 32.4939 50.9057 27.565 27.4613 38.5091 26.484 28.6721 25.7977 25.7655 31.5967 25.6496 25.5821 28.8748 27.0775
threshold=29.500000000000004 0.41030061892130859 1.5000000000000002 2.0545000000000049 0.51298920377867752 36.500000000000007 -0.97050000000000114 5.5000000000000009 -0.25550000000000489 807.50000000000011 -2.9769999999999963 25.928000000000008 -1.9769999999999965 24.500000000000004 24.500000000000004 1.5000000000000002 3.5000000000000004 1.0000000180025095e-35 1.0000000180025095e-35 17.500000000000004 110.50000000000001 29.500000000000004 22.500000000000004 6.5000000000000009 -7.8374999999999977 -0.45050000000000517 0.69504830917874405 1.0000000180025095e-35 14.500000000000002 0.53957811194653316
decision_type=2 2 2 2 2 2 2 2 2 2 2 2 2 2 2 2 2 2 2 2 2 2 2 2 2 2 2 2 2 2
left_child=1 13 24 26 11 7 12 9 -8 10 -6 -2 15 21 -12 -7 -17 -18 -15 -16 -21 -1 -23 -13 -3 -26 -4 29 -29 -19
right_child=4 2 3 -5 5 6 8 -9 -10 -11 14 23 -14 18 19 16 17 27 -20 20 -22 22 -24 -25 25 -27 -28 28 -30 -31
leaf_value=2.1504772539669978e-05 0.0069692580229279849 -0.018312135651567453 -0.071107286212548179 0.02816621213517927 0.018252701015302724 -0.022099458598531851 0.020622306359684095 0.1549746326135302 0.0019656969025241325 -0.00205442665797152 -0.087062023621793688 -0.01944503410604936 -0.023614954227816148 -0.023081675890251924 -0.065553078392941083 -0.0035746391686658999 0.029641628300617819 -0.26446675440832595 0.016343042297965994 -0.093570527811983634 0.38379301453464876 -0.057882190329885098 0.054962467288649113 -0.13523652103875702 0.17329785977515522 0.026398760896918828 0.14172791832928866 0.0083525879277352097 -0.076617635940404619 -0.052885054114659186
leaf_weight=40445.209294655477 9698.4666728377342 77.363060051342472 428.33120368898381 47.727336764335632 41.459415699355304 701.22810607030988 1260.9948679897934 9.2647396773099882 7277.8360333405435 122.96885208785534 262.51215201523155 229.31982204690576 795.22418279387057 974.1037412523292 8.6438514459878188 7553.3962000496686 744.57561150752008 6.9806419536471358 216.82029095897451 2.7520889868028453 4.3785516428761184 26.377538897097111 153.81818413734436 21.003311421722174 19.519536960870028 58.597739061224274 5.7381725378800175 249.33683187700808 47.63349774479866 45.29953308403492
leaf_count=268198 37706 1985 8539 146 195 2442 6882 18 54892 1697 5910 903 3665 11017 328 26655 2561 34 1070 31 51 138 545 99 129 1611 316 1067 156 154
internal_value=-5.61367e-06 -0.000846341 -0.0388952 -0.0587383 0.00122162 -0.00129415 -0.000251803 -0.0443795 0.00472086 -0.0485514 -0.0664333 0.00606019 -0.00443774 -0.000266481 -0.0790499 -0.00280643 -0.0012419 0.0148668 -0.015904 0.0542846 0.199553 0.000191929 0.038444 -0.0291605 0.022594 0.0631051 -0.0682937 -0.0166321 -0.00527648 -0.0811362
internal_weight=71536.9 42453.6 637.277 481.797 29083.3 19134.5 18682.5 451.98 8538.83 442.715 319.746 9948.79 10143.7 41816.3 278.287 9348.45 8647.22 1093.83 1190.92 15.7745 7.13064 40625.4 180.196 250.323 155.48 78.1173 434.069 349.251 296.97 52.2802
internal_count=439140 293694 12726 9001 145446 106738 98508 8230 61774 8212 6515 38708 36734 280968 6320 33069 30627 3972 12087 410 82 268881 683 1002 3725 1740 8855 1411 1223 188
is_linear=0
shrinkage=0.1


Tree=192
num_leaves=31
num_cat=0
split_feature=10 10 10 8 2 1 7 9 9 8 9 9 10 0 0 0 6 8 9 11 10 10 10 9 6 7 7 9 11 8
split_gain=7.49674 33.457 25.1816 43.9325 52.6089 52.0279 34.7309 25.2431 35.5776 22.4547 27.7351 24.2898 23.8042 21.9655 30.3722 23.5534 21.5033 21.3281 36.4335 35.2991 26.106 22.5565 37.1227 30.8763 38.3945 30.9473 21.0158 20.0491 19.5534 19.3361
threshold=-37.987999999999992 -51.300999999999988 -36.935499999999998 97.84350000000002 21.500000000000004 1.5000000000000002 4.5000000000000009 1.9234999999999969 -0.13950000000000523 103.68850000000002 10.279499999999993 11.997999999999999 -52.688000000000024 803.50000000000011 26.500000000000004 785.50000000000011 35.500000000000007 71.848500000000016 -6.2449999999999966 0.54465709728867628 -54.487500000000253 -99.405499999999861 -62.559000000000026 -9.2479999999999958 21.500000000000004 13.500000000000002 11.500000000000002 -16.084999999999997 0.05594679186228476 75.924500000000009
decision_type=2 2 2 2 2 2 2 2 2 2 2 2 2 2 2 2 2 2 2 2 2 2 2 2 2 2 2 2 2 2
left_child=1 9 3 7 -5 -6 -7 8 28 11 12 17 16 14 -8 -16 -11 18 19 21 -21 27 23 25 26 -23 -25 -1 -2 -19
right_child=2 -3 -4 4 5 6 13 -9 -10 10 -12 -13 -14 -15 15 -17 -18 29 -20 20 -22 22 -24 24 -26 -27 -28 -29 -30 -31
leaf_value=0.02710025462883869 -0.12125568650944481 -0.0060700068821808459 0.00042664867201107299 0.014333354404109164 -0.017102931824815117 -0.046505237067494508 0.19787942138134004 -0.040477351331751101 0.067024613358920682 0.043188913497438482 0.0018353343310151726 -0.016055504822492819 -0.085608897889580773 0.19745122643287183 -0.070896263292243356 0.12468462070081772 -0.15192310582001667 0.013768570436773027 -0.063366199718662156 0.051918736237684407 -0.076620042279237424 -0.040398413072332898 -0.04864101192827 0.0022966616327905064 0.28602032684927747 0.055349067801181942 0.10338548756440034 -0.072125433303864991 0.0039579550902349219 0.00093537442768975947
leaf_weight=25.096618190407753 12.720589167904107 9613.0921325683594 41188.619221178087 207.03331181127578 31.291111011058092 9.9488020967692119 17.76913680229336 114.98518896102905 94.999637729953974 391.09293096512556 592.41376280784607 860.7384786605835 15.587807819247244 47.099400199949741 12.384350740350785 12.246245190501211 5.731326960027217 1269.8672142028809 129.63198117166758 134.55782339721918 17.902809865772724 105.94071023538709 130.69312209635973 49.28702761605382 7.1360457837581626 49.544307380914688 35.29111659526825 107.96764345467091 636.95014376938343 15565.982499115169
leaf_count=91 174 45746 294629 916 138 75 48 570 424 1974 2638 4727 101 115 86 32 30 5094 830 330 60 947 780 359 25 157 106 618 2483 74837
internal_value=-6.34317e-06 -0.00124204 0.000842239 0.0151376 0.0456951 0.0953583 0.130744 0.00313101 0.00986462 0.00113873 0.0156972 0.000347538 0.0356093 0.150447 0.0982332 0.0263459 0.0403709 0.00114842 -0.0148778 -0.00540315 0.036825 -0.0180033 -0.00553547 0.0172542 0.0632709 -0.00988909 0.044477 -0.0534109 0.00150627 0.00190334
internal_weight=71493.6 29107.6 42386 1197.43 337.772 130.739 99.4479 859.656 744.67 19494.5 1004.83 18489.6 412.412 89.4991 42.3997 24.6306 396.824 17628.9 793.049 663.417 152.461 510.957 377.892 247.199 91.7142 155.485 84.5781 133.064 649.671 16835.8
internal_count=439140 139450 299690 5061 1410 494 356 3651 3081 93704 4743 88961 2105 281 166 118 2004 84234 4303 3473 390 3083 2374 1594 490 1104 465 709 2657 79931
is_linear=0
shrinkage=0.1


Tree=193
num_leaves=31
num_cat=0
split_feature=6 11 10 4 5 6 4 4 4 3 10 10 6 4 10 7 10 9 11 4 11 7 2 9 9 11 4 4 11 10
split_gain=6.91016 132.466 50.429 27.8423 22.8334 55.5244 63.1703 38.6386 36.2629 34.9973 33.2903 36.1366 32.7097 125.556 31.2134 31.1979 30.7602 29.3931 29.0596 98.8979 38.8778 36.2846 39.3863 31.4636 33.5607 62.0204 47.11 46.1631 44.6022 39.8337
threshold=11.500000000000002 0.15277777777777893 -32.692999999999977 8.5000000000000018 1.5000000000000002 12.500000000000002 12.500000000000002 12.500000000000002 11.500000000000002 1.0000000180025095e-35 105.26550000000002 114.52200000000005 14.500000000000002 14.500000000000002 -56.398499999999991 4.5000000000000009 -110.75649999999999 3.9840000000000022 0.57719393282773568 40.500000000000007 0.6066017316017317 3.5000000000000004 1.0000000180025095e-35 -0.97050000000000114 0.93549999999999767 0.77849927849927869 45.500000000000007 58.500000000000007 0.62537500000000013 -32.17199999999999
decision_type=2 2 2 2 2 2 2 2 2 2 2 2 2 2 2 2 2 2 2 2 2 2 2 2 2 2 2 2 2 2
left_child=-1 2 -2 -4 5 6 8 14 17 12 -11 15 16 -14 -7 -12 -9 -3 21 20 -20 -6 -23 -21 25 26 28 -27 -25 -28
right_child=1 4 3 -5 18 7 -8 9 -10 10 11 -13 13 -15 -16 -17 -18 -19 19 23 -22 22 -24 24 -26 27 29 -29 -30 -31
leaf_value=-0.0011655128164407926 0.060304368334445704 0.023824338309906261 -0.039305942982164069 0.025478167293359999 0.015895565043641195 0.063960521581724342 0.11325596130527993 -0.11130921437559221 -0.035489023802218377 -0.037358277406764305 -0.14185862924024178 -0.050764180201752607 0.05131081352545213 -0.0020974211188058791 0.0087852759385409381 0.10847775317277189 -0.013080018609489201 0.27774833307881791 -0.11432439303117524 -0.0056801472653230552 -0.035639197734992072 0.028627866865282542 0.0013059770621668412 0.016482564616650909 -0.0026358264210845808 -0.037749186982904852 0.016063882892865668 0.0084367524507384852 -0.055421805130197094 0.051788672678854335
leaf_weight=29891.368556135712 486.46175312995911 17.493025858886543 80.691918693482876 372.95128138363361 2289.2428217418492 149.8573966473341 30.916474759578705 32.581966549158096 865.54846240580082 481.52466573193669 5.5684364065527907 33.665804862976074 464.80279321293347 8305.5435888164211 324.65530398115516 46.971013285219669 1478.1065869517624 6.1653597876429549 77.210414380999282 5791.2353545054793 336.29495720821433 548.46494159754366 13885.056003928185 298.82326080906205 2851.1780927330256 326.20724716526456 606.96703135967255 642.94573073089123 121.27912852168083 642.49296486377716
leaf_count=201431 1391 405 460 1296 10823 378 154 358 8819 3646 37 257 1697 58679 1768 166 13631 14 1249 21261 6428 2574 61201 1576 10691 15367 1986 5672 2236 3489
internal_value=-5.68604e-06 0.000827681 0.0379385 0.0139547 -3.03473e-05 -0.00364061 -0.0272646 -0.00172093 -0.0321503 -0.00294261 -0.0271125 0.0301184 -0.00160793 0.00073306 0.0262103 0.0819456 -0.0151986 0.0899968 0.0015251 -0.00229886 -0.0503314 0.00419929 0.00234419 -0.000538243 0.0048859 0.0130133 0.0246939 -0.00710898 -0.00427547 0.0344342
internal_weight=71492.3 41600.9 940.105 453.643 40660.8 12243.4 920.123 11323.3 889.207 10848.8 567.73 86.2053 10281 8770.35 474.513 52.5394 1510.69 23.6584 28417.4 11694.6 413.505 16722.8 14433.5 11281.1 5489.89 2638.72 1669.56 969.153 420.102 1249.46
internal_count=439140 237709 3147 1756 234562 90009 9392 80617 9238 78471 4106 460 74365 60376 2146 203 13989 419 144553 69955 7677 74598 63775 62278 41017 30326 9287 21039 3812 5475
is_linear=0
shrinkage=0.1


Tree=194
num_leaves=31
num_cat=0
split_feature=11 11 2 10 8 9 8 10 12 8 3 8 0 8 12 9 0 7 0 10 1 6 9 7 0 9 6 11 4 9
split_gain=7.06272 12.4563 13.6583 20.1782 22.7795 27.2756 41.8727 17.3921 17.4799 19.2767 16.3487 16.1271 19.2877 14.1968 46.0873 127.483 17.8076 15.7215 13.8263 12.8309 12.7393 14.914 14.6553 17.6676 13.7755 12.7097 12.3158 29.9225 37.0581 28.1223
threshold=0.013986697965569402 0.013072453861927501 12.500000000000002 -13.102500000000004 115.19300000000001 13.878499999999997 104.92800000000001 -71.896000000000242 6.5000000000000009 88.922500000000014 1.0000000180025095e-35 103.23250000000002 865.50000000000011 108.81950000000002 -4.4999999999999991 -4.8470000000000004 20.500000000000004 10.500000000000002 324.50000000000006 -110.75649999999999 2.5000000000000004 1.5000000000000002 -1.0000000180025095e-35 3.5000000000000004 68.500000000000014 -18.259499999999999 2.5000000000000004 0.027973395931138855 1.5000000000000002 -3.8455000000000079
decision_type=2 2 2 2 2 2 2 2 2 2 2 2 2 2 2 2 2 2 2 2 2 2 2 2 2 2 2 2 2 2
left_child=1 20 19 7 5 11 -7 8 9 -4 -9 12 -5 14 15 -13 -15 18 -18 -3 21 -1 25 -24 -23 -22 -2 28 29 -28
right_child=26 2 3 4 -6 6 -8 10 -10 -11 -12 13 -14 16 -16 -17 17 -19 -20 -21 22 24 23 -25 -26 -27 27 -29 -30 -31
leaf_value=-0.066848513983753133 -0.0094741657145010552 0.21791573219912741 0.32031361485139653 -0.02481115182694461 -0.087452767203534232 0.76300009577092986 0.090336529544199018 -0.027968887441643438 -0.15278497409223396 0.050784378823502924 -0.1988829972139754 -0.21072756424119785 0.18692476270390124 0.21864400066792983 0.097268389089905496 1.682467216036801 0.55989929117441217 -0.14960123717638535 0.014749554254231812 0.031321540638906735 0.10857973320426639 0.085368912895637541 0.36026809327521797 0.062405348391493122 -0.018819027908447087 -0.043130997904757759 0.10733263830260392 -6.5345775247186954e-05 0.044983240316524897 -0.068089815055580191
leaf_weight=55.115615928167244 1375.3110156953335 3.7385453805327407 3.4818394491449025 38.178537728264928 13.064512848854063 1.3415115848183621 2.9835456255823374 120.05971166398376 2.9272331725805989 11.153877147473393 5.870278592221438 0.75506917759776115 4.8485836926847687 2.8175467858090988 25.627811147831387 0.67244163248687516 0.60002166870981311 6.7180322669446468 2.0711275022476912 258.20203184336424 7.7836856991052619 15.418261453509329 2.716499384492634 7.4597626216709614 71.726520203053951 19.005154699087146 10.986744277179239 68977.334436909296 283.05481634289026 54.327460690401495
leaf_count=3411 23112 36 17 540 261 18 46 1759 34 148 193 22 36 17 322 29 33 173 28 3463 67 39 18 52 215 179 20 403406 822 624
internal_value=-5.73839e-06 0.0101044 0.0181409 0.00107423 0.0356362 0.0542024 0.298978 -0.0229346 0.0702892 0.114905 -0.0359361 0.0413372 -0.000951333 0.087681 0.128072 0.681079 -0.00184213 -0.0680066 0.137207 0.0339847 -0.0125448 -0.026135 0.0397574 0.141918 -0.000385372 0.00094962 -0.000103598 8.2299e-05 0.0293161 -0.0385814
internal_weight=71385.4 684.338 505.112 243.172 99.6787 86.6142 4.32506 143.493 17.5629 14.6357 125.93 82.2892 43.0271 39.2621 27.0553 1.42751 12.2067 9.38918 2.67115 261.941 179.225 142.26 36.9651 10.1763 87.1448 26.7888 70701 69325.7 348.369 65.3142
internal_count=439140 11156 7175 3676 1525 1264 64 2151 199 165 1952 1200 576 624 373 51 251 234 61 3499 3981 3665 316 70 254 246 427984 404872 1466 644
is_linear=0
shrinkage=0.1


Tree=195
num_leaves=31
num_cat=0
split_feature=0 0 0 2 0 11 9 2 9 9 8 0 11 8 7 12 12 10 9 8 12 2 2 10 11 2 6 9 10 9
split_gain=7.00829 23.8107 40.6367 26.1012 24.5578 25.982 25.3975 34.8672 25.3874 23.2076 17.8616 20.8323 25.8849 20.4356 17.8226 17.5958 31.8821 17.5736 34.2978 20.2508 18.3839 18.7148 17.5165 17.0992 16.4694 16.8957 15.7017 17.6067 18.9061 17.9925
threshold=878.50000000000011 864.50000000000011 865.50000000000011 19.500000000000004 847.50000000000011 0.18441295546558703 -1.7154999999999985 23.500000000000004 1.0000000180025095e-35 -20.556499999999989 84.898500000000013 880.50000000000011 0.039736842105263161 84.973500000000016 14.500000000000002 1.5000000000000002 -1.4999999999999998 -61.749000000000002 -6.9905000000000035 76.902500000000018 -2.4999999999999996 8.5000000000000018 9.5000000000000018 -5.5669999999998643 0.78846211251435128 18.500000000000004 26.500000000000004 17.829000000000004 -24.51199999999989 2.2704999999999989
decision_type=2 2 2 2 2 2 2 2 2 2 2 2 2 2 2 2 2 2 2 2 2 2 2 2 2 2 2 2 2 2
left_child=1 4 3 26 -1 8 7 17 -6 -9 -2 12 23 -13 -10 16 -8 18 -7 20 -20 -22 -21 -12 -14 -26 27 28 29 -3
right_child=10 2 -4 -5 5 6 15 9 14 -11 11 13 24 -15 -16 -17 -18 -19 19 22 21 -23 -24 -25 25 -27 -28 -29 -30 -31
leaf_value=0.0002334973313896058 0.0063408025770081942 0.069670729466828826 0.0045636062420955229 -0.019021792782352324 -0.011002549496285296 -0.0070862443210118102 -0.0096486892621526765 -0.19325255370037064 -0.057745831532290737 -0.050636186163159472 -0.016285762675066314 -0.14118644929270321 -0.047595468892233976 -0.0040364968824726129 -0.0049422743304006894 -0.010050302620374808 0.025076557900272141 -0.0026133859573739759 -0.35574137702024222 0.012937886464898685 -0.1991178748669562 0.016934095970976969 -0.094100064242317177 0.16341588428430184 -0.047589460530428861 0.17083454070333781 0.080325776366123341 0.10276031426887217 -0.027627007824299304 -0.046336536080709208
leaf_weight=61347.263087341678 765.25827503204346 69.997120246291161 3338.6115570068359 61.421319179236889 810.36629277467728 193.35588146746159 414.41924630478024 13.137030757963656 243.66910889744759 86.801370225846767 10.786843860987576 10.989056736230848 287.88001705333591 955.85334286093712 86.652559131383896 495.55583212897182 730.3641719520092 1116.0513641983271 4.1513731554150608 24.079928457736969 11.17063342779875 6.2539479434490195 41.877432882785797 10.400534539250655 7.0044152329210174 7.1629486442543566 120.66649332270026 30.02621403709054 54.627520751208067 16.526286076754332
leaf_count=384952 3657 188 17975 272 5529 837 1698 62 2134 323 119 71 1735 5568 649 2033 5714 4211 27 102 57 26 202 70 76 38 438 75 241 61
internal_value=-8.36954e-06 0.000162263 0.00797635 0.0402292 -0.000277334 -0.0076029 -0.00290361 -0.0123224 -0.0205273 -0.0693833 -0.00576303 -0.0129429 -0.0349204 -0.00559533 -0.043894 0.00569146 0.0125058 -0.00824026 -0.0305974 -0.0825321 -0.166629 -0.121574 -0.0550223 0.0719268 -0.0424153 0.0628446 0.0526992 0.0332246 0.0184326 0.0475129
internal_weight=71372.4 69317 3691.88 353.265 65625.2 4277.91 3137.22 1496.88 1140.69 99.9384 2055.34 1290.08 323.235 966.842 330.322 1640.34 1144.78 1396.94 280.889 87.5333 21.576 17.4246 65.9574 21.1874 302.047 14.1674 291.844 171.177 141.151 86.5234
internal_count=439140 427806 19250 1275 408556 23604 15292 5847 8312 385 11334 7677 2038 5639 2783 9445 7412 5462 1251 414 110 83 304 189 1849 114 1003 565 490 249
is_linear=0
shrinkage=0.1


Tree=196
num_leaves=31
num_cat=0
split_feature=8 8 7 2 10 0 0 10 2 2 0 6 10 8 2 2 7 9 10 11 8 4 0 10 8 8 11 9 7 10
split_gain=6.87254 28.7597 32.2227 35.4687 27.0311 34.7861 44.5008 42.1668 35.5849 39.5644 28.7984 28.4136 27.3576 68.0862 57.2626 62.7786 46.3471 32.9025 29.7467 30.0349 27.3263 27.0729 25.6177 25.595 27.8512 26.395 61.6628 33.2288 34.0215 33.0106
threshold=85.542500000000018 84.039500000000018 12.500000000000002 1.5000000000000002 -84.338000000000036 152.50000000000003 265.50000000000006 -5.5669999999998643 16.500000000000004 12.500000000000002 231.50000000000003 11.500000000000002 -174.33299999999997 80.44850000000001 8.5000000000000018 17.500000000000004 10.500000000000002 -7.8000000000000034 -121.12299999999999 0.67974358974358984 71.145500000000013 44.500000000000007 96.500000000000014 -221.06449999999998 100.97350000000002 88.502500000000012 0.282329988851728 -9.0615000000000006 17.500000000000004 -19.954499999999999
decision_type=2 2 2 2 2 2 2 2 2 2 2 2 2 2 2 2 2 2 2 2 2 2 2 2 2 2 2 2 2 2
left_child=1 2 4 -4 12 8 7 10 9 20 -7 -11 14 17 16 -16 -1 -14 -15 -20 -6 -13 -3 24 -2 26 -25 -28 -29 -27
right_child=23 22 3 -5 5 6 -8 -9 -10 11 -12 21 13 18 15 -17 -18 -19 19 -21 -22 -23 -24 25 -26 29 27 28 -30 -31
leaf_value=-0.026471482519134389 0.057274173633610273 0.0032648933287121062 0.0281791606726381 0.0030923471942694639 -0.034120495564988237 0.014508088260990286 -0.0017847650026658426 -0.010604711689249828 0.004808519053342921 -0.064762268566056852 0.043160542496790716 -0.0050883141655444905 -0.018857581810987796 -0.07652052747626456 0.037282171384411526 -0.032940216066132712 -0.1806731422213935 0.020757802278147067 -0.041878846777768333 0.020344006245625962 -0.0037263362233893853 -0.04525961901950519 -0.013543046794970202 0.016880337703555771 -0.12973515506669006 -0.0030683179368089751 0.0092095699905559488 -0.018020605409721249 0.036173872117995241 0.0031271469960066655
leaf_weight=204.48670279979706 121.97188420593739 1280.9917403459549 599.74825135490391 9344.9192922947695 327.51935581504949 1594.4301229715347 5248.7080980241299 540.09950387477875 1912.2269983552396 189.16400337975938 449.73250961303711 421.35884165856987 466.99700635671616 193.00409030914307 452.13887560367584 177.20551580190659 21.545099794864655 380.45320534706116 426.7949899956584 94.808563686907291 3054.4548837669427 278.75079171266407 3104.2737473249435 2992.974414780736 8.5200286358594877 19397.822427153587 1095.8711719512939 1412.4311901926994 126.18469876050949 15449.984987542033
leaf_count=775 397 7545 2505 43531 2758 9431 29697 4037 11098 1594 2359 2604 2978 822 1368 684 94 1709 2546 270 19373 1140 18706 19675 44 109696 3687 11056 688 126273
internal_value=-6.89856e-06 -0.00113429 0.000112358 0.0046053 -0.00260646 -0.000922159 0.0035041 0.0142459 -0.00652916 -0.011605 0.0208119 -0.0303741 -0.0123722 -0.0202443 0.00200361 0.0175095 -0.0411698 -0.0010727 -0.0429798 -0.030569 -0.00666979 -0.0210826 -0.00863323 0.00084724 0.045064 0.000704685 0.00705943 -0.00409787 -0.013576 -0.000321521
internal_weight=71369.6 30763.8 26378.5 9944.67 16433.9 14016.4 7832.97 2584.26 6183.47 4271.25 2044.16 889.274 2417.43 1562.06 855.376 629.344 226.032 847.45 714.608 521.604 3381.97 700.11 4385.27 40605.8 130.492 40475.3 5627.46 2634.49 1538.62 34847.8
internal_count=439140 167624 141373 46036 95337 84091 45524 15827 38567 27469 11790 5338 11246 8325 2921 2052 869 4687 3638 2816 22131 3744 26251 271516 441 271075 35106 15431 11744 235969
is_linear=0
shrinkage=0.1


Tree=197
num_leaves=31
num_cat=0
split_feature=6 4 11 11 11 6 10 3 11 6 1 4 11 0 8 10 0 2 8 8 7 10 8 9 9 12 10 4 9 7
split_gain=7.56155 66.4825 49.6195 46.0945 30.3424 53.4471 24.842 19.2479 18.6529 58.5895 18.744 17.5946 19.3962 22.2694 18.3294 17.223 17.2165 18.4765 16.1418 38.4474 59.8641 60.2105 37.3809 33.6242 33.0247 39.6377 32.3266 31.625 25.7649 25.1843
threshold=17.500000000000004 17.500000000000004 0.18441295546558703 0.25138888888888894 0.25987012987012992 20.500000000000004 -59.194000000000003 1.0000000180025095e-35 0.25138888888888894 19.500000000000004 1.0000000180025095e-35 16.500000000000004 0.21806526806526397 810.50000000000011 86.277500000000018 125.366 174.50000000000003 19.500000000000004 95.970500000000015 89.841500000000011 14.500000000000002 -174.33299999999997 90.96250000000002 10.279499999999993 6.9665000000000044 2.5000000000000004 -153.04499999999996 19.500000000000004 4.9360000000000008 11.500000000000002
decision_type=2 2 2 2 2 2 2 2 2 2 2 2 2 2 2 2 2 2 2 2 2 2 2 2 2 2 2 2 2 2
left_child=15 2 -2 6 5 7 -4 8 9 -3 -10 16 -13 14 -14 18 17 -8 19 23 21 -21 -23 28 25 29 27 -20 -1 -24
right_child=1 4 3 -5 -6 -7 11 -9 10 -11 -12 12 13 -15 -16 -17 -18 -19 26 20 -22 22 24 -25 -26 -27 -28 -29 -30 -31
leaf_value=7.8209464151598215e-05 -0.030675212002124665 -0.018137244411553316 0.096599223358098354 -0.061827571037705809 0.0015623646102769194 0.041365772956148454 -0.094002853934231953 -0.076431813738234322 0.012781975927736281 0.075370380162009198 -0.052609705087741335 0.15366565045556652 0.019222252506014892 -0.015983208201517034 0.14257635816349779 -0.025858859402029945 0.043145854752514992 0.032361435649218215 -0.060813120012038847 -0.053030164867702394 -0.023983984863118899 -0.021160159714697625 0.018462467179678012 0.024997569572196239 -0.020943875303772209 -0.0098601746982062664 0.0011271509059023477 0.034216167851855959 -0.017352862749016693 -0.0048934870225038861
leaf_weight=21829.304523216997 89.876365543343127 848.02736102882773 129.00398329645395 33.354866153560579 22238.743917015381 157.74827375262976 22.519322182517499 58.411677667871118 54.210333713330328 72.756764531135559 229.02355169411749 24.145600140094757 20.268289067782462 30.427242040634155 29.693729839287698 271.42993927001953 114.8727640141733 23.800131116062403 37.903283901512623 229.3594616651535 1836.240574836731 750.09595098719001 1994.7545837257057 525.07123894989491 502.61544344201684 1064.1791552174836 16201.96259303391 460.35756319016218 882.23972326517105 600.70074453949928
leaf_count=123323 393 6230 316 356 128168 512 149 544 340 236 2086 61 106 130 79 2361 447 87 313 862 13051 6305 20569 1968 3298 5536 108351 1361 6171 5431
internal_value=-4.78274e-06 0.00143327 0.036874 0.0510559 0.000657375 -0.013514 0.0605945 -0.0203715 -0.0176518 -0.0107486 -0.0400939 0.0431151 0.0750683 0.0514609 0.0925348 -0.000741602 0.0223932 -0.0290736 -0.000596284 -0.00197531 -0.00848482 -0.00294966 -0.000611376 -2.05117e-05 0.0030918 0.00639287 0.0018987 0.0269872 -0.000598908 0.0130569
internal_weight=71363.1 24176.9 517.962 428.086 23658.9 1420.18 394.731 1262.43 1204.02 920.784 283.234 265.727 104.535 80.3893 49.962 47186.2 161.192 46.3195 46914.8 30214.6 6977.95 5141.71 4912.35 23236.6 4162.25 3659.63 16700.2 498.261 22711.5 2595.46
internal_count=439140 140240 2124 1731 138116 9948 1375 9436 8892 6466 2426 1059 376 315 185 298900 683 236 296539 186514 55052 42001 41139 131462 34834 31536 110025 1674 129494 26000
is_linear=0
shrinkage=0.1


Tree=198
num_leaves=31
num_cat=0
split_feature=6 8 9 7 6 11 3 2 8 0 0 4 10 9 12 10 8 12 5 11 12 8 9 11 4 9 9 9 11 0
split_gain=6.81987 11.2442 9.1048 8.03656 7.86156 12.3594 13.0453 9.33172 13.89 9.22938 10.522 10.5741 9.35612 8.84549 8.97558 8.44569 9.23 10.2998 8.44269 11.6269 8.61558 12.636 8.33929 7.79359 66.8752 50.8519 31.9962 26.6772 26.2493 23.9775
threshold=70.500000000000014 78.511500000000012 -1.8265000000000031 6.5000000000000009 49.500000000000007 0.67327315541601263 1.0000000180025095e-35 5.5000000000000009 82.860500000000016 8.5000000000000018 870.50000000000011 50.500000000000007 -48.522499999999951 -8.8229999999999986 -1.0000000180025095e-35 -104.39899999999999 107.07350000000001 -2.4999999999999996 1.5000000000000002 0.56350832266325235 1.0000000180025095e-35 80.726500000000016 -0.19749999999999798 0.68469785575048747 49.500000000000007 0.29899999999999954 -2.4100000000000033 22.076500000000006 0.77167919799498763 796.50000000000011
decision_type=2 2 2 2 2 2 2 2 2 2 2 2 2 2 2 2 2 2 2 2 2 2 2 2 2 2 2 2 2 2
left_child=4 2 -2 -3 23 15 7 8 -7 12 11 -11 -9 14 -13 -6 17 -17 -19 -20 21 22 -21 -1 25 26 28 -27 -25 -28
right_child=1 3 -4 -5 5 6 -8 9 -10 10 -12 13 -14 -15 -16 16 -18 18 19 20 -22 -23 -24 24 -26 27 29 -29 -30 -31
leaf_value=0.00029051636913090813 0.0051539713684305745 0.12597146638300435 -0.17256246189961402 -0.061014044948157577 0.12505054790993231 0.041109704331069252 -0.17052147494743736 0.071762704426236418 -0.2198001056204944 0.20287613021747972 -0.031990484106280685 -0.13479726417754656 -0.13417493301799105 0.05803502594767912 0.032028012835926704 0.070342351452617941 0.086261488858572322 -0.1551652130054888 0.13113511646827361 0.020939550801215914 -0.0011443995788341902 -0.28410673456669339 -0.18417951365454086 -0.027198741970600421 0.00029843198940888971 0.019051725582446864 -0.073015460407041086 -0.16420023333056905 0.082325401668037215 -0.018926420836528776
leaf_weight=64419.600937320443 4.2752819657325736 4.4544575773179513 8.8510039355605858 4.7491880189627409 3.4482358992099753 4.8640874726697785 3.1563662253320208 3.543359711766243 3.5148718329146504 4.6336774742230764 15.702878818847237 4.9023546501994124 5.8455117754638177 121.22147773206234 9.4261782765388471 5.7369820214807978 5.3380518183112136 9.4029368720948678 3.2913243696093586 5.0318426750600329 9.8046561479568464 3.6033553928136817 3.2702067084610489 93.177683059126139 5896.2524269372225 195.24645186960697 326.8117425236851 8.2809969484806043 28.598927054554224 109.38894037157297
leaf_count=385649 17 15 43 25 23 48 16 20 39 20 95 36 38 761 71 35 13 85 15 40 105 33 19 472 31930 1683 14459 42 130 3163
internal_value=-4.24729e-06 -0.0552599 -0.11468 0.0294848 1.30571e-05 0.0186452 0.0309541 0.0346161 -0.0683388 0.0398356 0.045635 0.0543304 -0.0564541 0.0492524 -0.0250495 -0.0258356 -0.0372758 -0.0537039 -0.0743889 -0.0440092 -0.0705617 -0.12773 -0.0598576 -4.61178e-05 -0.00330335 -0.0311915 -0.0467986 0.0115957 -0.00147728 -0.0594512
internal_weight=71325.4 22.3299 13.1263 9.20365 71303.1 225.738 176.811 173.654 8.37896 165.275 155.887 140.184 9.38887 135.55 14.3285 48.9276 45.4794 40.1413 34.4043 25.0014 21.7101 11.9054 8.30205 71077.4 6657.76 761.505 557.977 203.527 121.777 436.201
internal_count=439140 100 60 40 439040 1512 1144 1128 87 1041 983 888 58 868 107 368 345 332 297 212 197 92 59 437528 51879 19949 18224 1725 602 17622
is_linear=0
shrinkage=0.1


Tree=199
num_leaves=31
num_cat=0
split_feature=5 4 2 8 7 11 4 8 8 2 9 9 9 2 2 10 11 4 5 10 6 9 7 2 11 2 8 2 10 6
split_gain=6.80807 114.325 46.0767 65.12 36.4384 36.0951 74.9921 72.4542 36.643 35.8239 34.9633 34.825 31.2394 29.4968 28.9625 41.9005 27.8104 100.518 203.843 57.8054 51.6057 46.7359 41.315 40.1269 61.4832 47.4776 78.2735 47.3688 45.1057 37.8823
threshold=2.5000000000000004 21.500000000000004 24.500000000000004 101.37700000000002 16.500000000000004 0.46756905066764226 33.500000000000007 78.946500000000015 81.842500000000015 18.500000000000004 -0.97050000000000114 -8.9479999999999986 2.0545000000000049 14.500000000000002 18.500000000000004 -38.597499999999989 0.29198717948717956 21.500000000000004 1.5000000000000002 -6.2719999999999976 10.500000000000002 2.8315000000000059 1.5000000000000002 2.5000000000000004 0.48025974025974033 4.5000000000000009 99.110500000000016 5.5000000000000009 -57.201500000000266 28.500000000000004
decision_type=2 2 2 2 2 2 2 2 2 2 2 2 2 2 2 2 2 2 2 2 2 2 2 2 2 2 2 2 2 2
left_child=16 4 5 -4 9 7 12 -3 -9 13 11 -10 -7 -2 15 -12 22 18 19 -18 -19 -20 -1 24 -22 26 28 -27 -25 -26
right_child=1 2 3 -5 -6 6 -8 8 10 -11 14 -13 -14 -15 -16 -17 17 20 21 -21 23 -23 -24 25 29 27 -28 -29 -30 -31
leaf_value=-0.017325430812154732 -0.040333702492419195 -0.030689430527703888 0.011252918014510442 -0.064854184412368357 0.00019504755981196269 -0.084836166944250224 0.0031815998722130169 0.057911622452150091 0.01601841694177825 -0.092576773547077384 -0.028504297847116625 -0.021127000195700744 0.048319585836721413 0.031701933379620434 0.063012681570778092 0.030578227504618551 -0.0094536806224892397 -0.017864926564568898 -0.094506683135610003 0.091606935535067976 0.025074847760290786 0.015817389833243638 0.0020733827725347397 0.02038205365016028 -0.022546416108337144 0.041048335513551373 -0.0059014729700057221 -0.0015852766430981082 -0.082671577210465266 0.017769803620255969
leaf_weight=1139.4584758214769 548.5990940425545 312.34345812781248 218.65413337387145 231.40820651315153 271.91416847705841 132.90907885634806 13158.595269978046 235.60628986358643 809.95337533950806 120.23100534267724 141.76447476446629 366.64803674817085 20.311688451096416 63.414064442738891 205.64786624349654 783.03724070452154 133.32661561667919 1893.704058624804 378.74803220853209 98.348114535212517 1398.3991392266471 42.730159167200327 30092.004406929016 51.006747916340828 622.2808553322684 264.88616836071014 802.16283649206161 16136.922149159014 253.83488737046719 372.62550626136363
leaf_count=12079 4047 2850 1249 1760 1513 3185 67662 751 2602 1418 828 1322 60 258 750 3061 3251 7766 4429 2363 5325 126 214590 213 3430 1428 4960 81864 1420 2580
internal_value=-4.25528e-06 0.00170126 0.00368133 -0.027879 -0.0310651 0.00455992 0.00237168 0.0147629 0.0203463 -0.0426733 0.01651 0.0044433 -0.0671844 -0.0328697 0.0290693 0.0215214 -0.000564104 -0.00324879 -0.0419035 0.0334475 -0.00209043 -0.0833218 0.00136563 -0.000589469 0.0115555 -0.00224959 -0.0222937 -0.000896752 -0.0654284 -0.00744665
internal_weight=71301.5 17621 16616.9 450.062 1004.16 16166.8 13311.8 2855 2542.66 732.244 2307.05 1176.6 153.221 612.013 1130.45 924.802 53680.4 22449 653.153 231.675 21795.8 421.478 31231.5 19902.1 2393.31 17508.8 1107 16401.8 304.842 994.906
internal_count=439140 93316 86080 3009 7236 83071 70907 12164 9314 5723 8563 3924 3245 4305 4639 3889 345824 119155 10169 5614 108986 4555 226669 101220 11335 89885 6593 83292 1633 6010
is_linear=0
shrinkage=0.1


Tree=200
num_leaves=31
num_cat=0
split_feature=8 10 10 8 11 4 11 2 7 2 9 10 12 10 2 2 0 0 10 7 7 10 10 8 1 10 10 7 8 9
split_gain=7.39027 23.7376 49.4205 30.3556 68.004 38.4681 111.755 49.1546 62.4729 56.7768 47.9243 44.4192 51.2084 41.9642 41.1484 46.2322 36.84 44.3065 34.5266 37.8043 32.8053 32.0198 32.7708 62.5867 58.4912 55.5229 39.4915 39.1593 38.8568 47.5299
threshold=85.542500000000018 14.24 -9.4024999999999928 88.502500000000012 0.21806526806526397 28.500000000000004 0.39455151964418084 16.500000000000004 14.500000000000002 13.500000000000002 2.0545000000000049 -42.956499999999984 -1.4999999999999998 -143.90399999999997 17.500000000000004 18.500000000000004 783.50000000000011 140.50000000000003 -25.9725 17.500000000000004 10.500000000000002 -11.505499999999996 -61.749000000000002 92.07950000000001 2.5000000000000004 -36.935499999999998 -37.987999999999992 5.5000000000000009 92.794500000000014 -18.259499999999999
decision_type=2 2 2 2 2 2 2 2 2 2 2 2 2 2 2 2 2 2 2 2 2 2 2 2 2 2 2 2 2 2
left_child=-1 2 3 4 16 6 7 9 21 13 -8 12 -11 -5 -10 -16 17 -2 -6 -20 -19 22 28 24 -24 26 -25 -28 -9 -30
right_child=1 -3 -4 5 18 -7 10 8 14 11 -12 -13 -14 -15 15 -17 -18 20 19 -21 -22 -23 23 25 -26 -27 27 -29 29 -31
leaf_value=-0.0011741279851543308 0.01566559409034354 -0.006491270592019505 0.0092274335834871338 0.034956849901216724 0.0032679875395070614 0.0031011565087771661 -0.074606538151154742 0.022404169023489531 -0.063100510277782559 0.034325840729755933 0.038562950126336662 0.026813343605507051 -0.040581137407509169 -0.0044551434341015689 0.052932747561313678 -0.025406300322311948 0.001840973789604545 0.023339558616434809 -0.032071270857733154 0.045334992658390832 0.073567311676131716 -0.054851115722362211 -0.069649435705409657 0.014905146055417949 0.0044478068786631677 -0.0061127050455771319 -0.032054599938653616 0.086194976004699622 0.070258114075667968 -0.032819080059463657
leaf_weight=30707.132903863414 741.06893815100193 3941.6781711578369 7007.9745578765869 282.78105759620667 2253.9695487320423 10448.575716284104 306.24803552031517 192.18369596451521 274.0107558965683 148.11676619201899 42.627962701022625 1298.4408159346785 237.76337309926748 6053.510344916489 80.702262401580811 1132.3772202730179 619.36621975898743 217.86443410813808 555.12636002898216 71.184740662574768 322.55107855796814 122.7388430905994 221.07661658152938 1197.2084946632385 205.61756170913577 1521.2330734804273 34.332697138190269 151.94981223344803 47.288649782538414 828.20413764566183
leaf_count=167624 4949 24799 69044 1097 8856 55786 6377 773 2051 765 122 5959 1368 35551 336 7790 3462 1272 7061 529 1539 2505 1525 7485 714 11747 248 635 336 6835
internal_value=-3.79438e-06 0.00088229 0.00167604 -0.000111301 0.00718514 -0.00151644 -0.00487197 -0.00348172 -0.0103203 0.00164164 -0.0607787 0.0179604 -0.0118287 -0.00269623 -0.0281005 -0.0201947 0.0218658 0.0315442 -0.0025034 -0.0232735 0.0533184 -0.00447295 -0.00306735 0.0018188 -0.0339431 0.0070721 0.0215696 0.0644011 -0.0183134 -0.0272515
internal_weight=71264.9 40557.8 36616.1 29608.1 4781.13 24827 14378.4 14029.5 6008.92 8020.61 348.876 1684.32 385.88 6336.29 1487.09 1213.08 1900.85 1281.48 2880.28 626.311 540.416 4521.83 4399.09 3331.42 426.694 2904.72 1383.49 186.283 1067.68 875.493
internal_count=439140 271516 246717 177673 27668 150005 94219 87720 42980 44740 6499 8092 2133 36648 10177 8126 11222 7760 16446 7590 2811 32803 30298 22354 2239 20115 8368 883 7944 7171
is_linear=0
shrinkage=0.1


Tree=201
num_leaves=31
num_cat=0
split_feature=6 11 4 6 11 4 11 6 11 9 5 12 9 11 11 0 4 2 2 2 9 7 1 12 10 4 11 2 11 0
split_gain=7.34112 39.6875 84.9105 54.6769 66.5503 64.4622 47.7721 43.4328 32.9024 33.4952 32.2113 26.6695 25.4624 24.492 29.32 23.6154 22.1097 45.5443 26.4123 32.9226 61.6099 30.1135 33.1995 32.3741 29.5122 28.5888 69.4793 40.4986 26.0045 24.3377
threshold=4.5000000000000009 0.069605943152454761 5.5000000000000009 5.5000000000000009 0.063966175668303316 4.5000000000000009 0.052289815447710157 7.5000000000000009 0.48025974025974033 -28.091499999999996 1.5000000000000002 -1.0000000180025095e-35 -30.411999999999995 0.065587044534412914 0.066228070175438566 885.50000000000011 26.500000000000004 22.500000000000004 6.5000000000000009 5.5000000000000009 1.0000000180025095e-35 13.500000000000002 2.5000000000000004 -9.4999999999999982 -41.665499999999987 10.500000000000002 0.039736842105263161 4.5000000000000009 0.40129870129870138 190.50000000000003
decision_type=2 2 2 2 2 2 2 2 2 2 2 2 2 2 2 2 2 2 2 2 2 2 2 2 2 2 2 2 2 2
left_child=8 3 -3 5 -5 6 -2 10 16 11 -6 12 -10 -7 -15 -11 18 28 19 21 24 25 23 -23 -21 26 27 -1 -18 -25
right_child=1 2 -4 4 7 13 -8 -9 9 15 -12 -13 -14 14 -16 -17 17 -19 -20 20 -22 22 -24 29 -26 -27 -28 -29 -30 -31
leaf_value=0.04131493624954713 0.004770346052075187 -0.060692601568957366 9.9952104022361357e-05 0.0083650893829153618 0.098575618851924021 -0.040979474305057217 0.078079815787744852 0.022094896450891632 0.056830401848737444 -0.036790213161078764 -0.022203762399485877 -0.067992847130119105 0.27362750258387564 0.022188136670776733 -0.029496176581651601 0.23223795063256114 0.033585265274816666 0.072456915673291808 -0.0079147838147751864 0.3125918126615943 -0.041286844767942282 0.043229843319601141 -0.066312081542605678 0.0049277174966472128 0.070370969247903259 0.038758992281759594 -0.03168984238702504 -0.095898747865136455 -0.013296838815974196 -0.033662884000730225
leaf_weight=334.86723357153824 239.14152934821323 230.60998588614166 61799.303030741867 565.18863163888454 229.82029789686203 294.96095064282417 141.47888270765543 173.68679556250572 27.847376048564907 478.52892829151824 24.428255051374435 13.219293259084223 6.7258636131882694 218.95386472344398 220.09125375747681 3.285277046263217 185.77872204966843 118.81041097640991 3850.9680019766092 5.2161402665078631 60.054738845210522 119.27734717354178 98.550682067871094 343.89229319896549 141.05243174033239 314.11897974275053 318.87204069970176 22.986806869506836 325.80015575885773 311.41473789233714
leaf_count=4256 832 4332 350593 2107 619 3276 479 490 124 5336 70 117 22 1887 2114 18 882 549 46097 21 875 510 874 2219 1185 1283 3376 480 1774 2343
internal_value=-4.8666e-06 0.000332485 -0.000126058 0.0138271 0.0308901 -0.00137587 0.0320199 0.0606397 -0.00306038 -0.0270353 0.0869711 0.0528146 0.099006 -0.0186933 -0.00372097 -0.0349558 -0.00112236 0.0166817 -0.00301781 0.00609105 0.0439943 0.00189555 -0.0116446 -0.00468919 0.0790089 0.0138271 0.00225439 0.032501 0.00372829 -0.0134113
internal_weight=71218.9 64137.7 62029.9 2107.75 993.124 1114.63 380.62 427.935 7081.27 529.607 254.249 47.7925 34.5732 734.006 439.045 481.814 6551.66 630.389 5921.27 2070.3 206.323 1863.98 873.135 774.584 146.269 990.845 676.726 357.854 511.579 655.307
internal_count=439140 366799 354925 11874 3286 8588 1311 1179 72341 5617 689 263 146 7277 4001 5354 66724 3205 63519 17422 2081 15341 5946 5072 1206 9395 8112 4736 2656 4562
is_linear=0
shrinkage=0.1


Tree=202
num_leaves=31
num_cat=0
split_feature=2 1 1 5 2 2 8 10 2 9 2 8 12 10 4 8 0 5 10 8 7 4 8 8 10 10 2 8 7 1
split_gain=7.3176 27.0328 113.812 59.7715 208.788 116.259 79.7551 54.6324 94.6523 87.8701 91.1853 74.5563 52.3632 50.4494 52.796 49.1542 52.6261 56.1518 47.3892 46.4571 67.5629 44.4948 44.4352 44.3117 53.4218 72.7682 52.9839 67.4106 50.0297 105.394
threshold=11.500000000000002 1.5000000000000002 1.0000000180025095e-35 2.5000000000000004 9.5000000000000018 7.5000000000000009 81.316500000000005 -73.619500000000002 2.5000000000000004 22.953500000000002 4.5000000000000009 108.81950000000002 -1.0000000180025095e-35 -50.108000000000004 6.5000000000000009 72.399500000000018 148.50000000000003 1.5000000000000002 -27.236499999999932 77.035000000000011 10.500000000000002 15.500000000000002 83.891500000000022 84.090500000000006 -66.604999999999976 -64.49199999999999 7.5000000000000009 93.038500000000013 13.500000000000002 2.5000000000000004
decision_type=2 2 2 2 2 2 2 2 2 2 2 2 2 2 2 2 2 2 2 2 2 2 2 2 2 2 2 2 2 2
left_child=1 2 3 4 7 21 18 15 13 10 11 -10 -7 -9 -15 -1 17 -17 -6 20 -3 -5 -16 24 -21 -26 27 -25 -29 -30
right_child=-2 19 -4 5 6 12 -8 8 9 -11 -12 -13 -14 14 22 16 -18 -19 -20 23 -22 -23 -24 26 25 -27 -28 28 29 -31
leaf_value=-0.024970684811971049 0.00088800589044520984 -0.02399127763607297 -0.034025002437341766 -0.0680606100702459 -0.072936014949636113 0.013594859503679377 -0.031873150973848269 -0.020256605012956008 -0.051554200077060214 0.019162991298141863 -0.0072573447392875858 -0.0020828711523572757 0.053207293241257274 -0.05692488272427218 0.028270246317772058 0.11075380972989866 0.0038926071231305545 0.030160098130968857 -0.19022197703145405 -0.010714478225757312 0.0094824206733512828 0.00035320054082348069 0.0029915292759469247 -0.016508175944592945 0.10071447793038867 0.018314964034702397 -0.022246153845883437 0.014889092248889874 0.013475694968737312 -0.044910778796436852
leaf_weight=261.13384894281626 40014.177093505859 1438.7690744400024 1154.1675662994385 97.384169675409794 138.18008879944682 692.01486034691334 1307.9921549782157 504.33694887161255 1100.3260726854205 736.17241352796555 2704.944538205862 421.26261281967163 644.49558000266552 101.25350028576213 1503.6697427481413 99.317585252225399 796.08344054222107 667.21984481811523 45.89101105555892 622.08454203978181 1037.9919509887695 3992.120536416769 1293.5915489420295 1270.2721248921007 112.3897967338562 2309.7185056172311 859.87046008743346 3906.617653131485 861.35888344049454 482.26331996917725
leaf_count=808 255181 14079 10054 863 487 2455 4512 1715 7355 2515 12512 1582 2168 658 5961 255 3050 2530 208 4138 6524 21616 6708 14906 333 15567 8137 23526 5534 3203
internal_value=-6.79457e-06 -0.00115575 -0.00363132 -0.00158077 -0.00560933 0.00709207 -0.0405463 -0.000493362 -0.00391228 -0.0127203 -0.0182737 -0.0378577 0.0326969 0.00893337 0.0140124 0.0151892 0.0219004 0.0406023 -0.102177 0.00234836 -0.0099627 -0.00127595 0.0165801 0.00527333 0.0154249 0.0221384 0.00108611 0.00416297 0.00916426 -0.00748083
internal_weight=71177.1 31162.9 18261.6 17107.4 11681.4 5426.02 1492.06 10189.3 8365.56 4962.71 4226.53 1521.59 1336.51 3402.85 2898.51 1823.75 1562.62 766.537 184.071 12901.3 2476.76 4089.5 2797.26 10424.6 3044.19 2422.11 7380.38 6520.51 5250.24 1343.62
internal_count=439140 183959 88012 77958 50856 27102 5207 45649 39006 23964 21449 8937 4623 15042 13327 6643 5835 2785 695 95947 20603 22479 12669 75344 20038 15900 55306 47169 32263 8737
is_linear=0
shrinkage=0.1


Tree=203
num_leaves=31
num_cat=0
split_feature=8 6 9 7 7 8 1 9 9 2 11 2 10 7 2 3 2 5 1 12 10 4 5 10 10 10 11 4 3 11
split_gain=7.59827 21.8579 35.8412 26.0842 37.7746 29.7947 41.2031 66.8793 46.7442 39.7712 39.3287 41.7029 34.3674 30.5916 30.5225 44.402 37.9513 38.0074 73.071 40.2204 53.8953 30.3306 35.3666 30.3109 30.1693 30.0337 29.4434 29.208 29.283 27.9492
threshold=85.542500000000018 4.5000000000000009 -14.745499999999998 12.500000000000002 11.500000000000002 82.438500000000019 2.5000000000000004 -6.9905000000000035 -5.0885000000000025 3.5000000000000004 0.25677655677655681 15.500000000000002 5.0050000000000106 1.5000000000000002 23.500000000000004 1.0000000180025095e-35 12.500000000000002 2.5000000000000004 2.5000000000000004 -1.4999999999999998 -34.796500000000066 50.500000000000007 2.5000000000000004 -15.913500000000028 -77.979000000000113 -189.91099999999997 0.26401991614255771 46.500000000000007 1.0000000180025095e-35 0.35620300751879702
decision_type=2 2 2 2 2 2 2 2 2 2 2 2 2 2 2 2 2 2 2 2 2 2 2 2 2 2 2 2 2 2
left_child=1 2 -1 4 5 6 8 -8 10 21 11 -3 23 -13 16 -16 24 25 19 -19 -21 22 -10 -9 -7 -18 -11 28 -12 -6
right_child=-2 3 -4 -5 29 14 7 12 9 26 27 13 -14 -15 15 -17 17 18 -20 20 -22 -23 -24 -25 -26 -27 -28 -29 -30 -31
leaf_value=0.003335601902993356 0.00089616695952114396 -0.022230432638921729 -0.023165422784568311 0.0035077380403716434 -0.002850726393711321 -0.027778786163972953 0.0079565841538756007 -0.032858595721321653 -0.015698279853307913 0.043441932279844303 0.0025092202642203881 -0.076227488679107017 0.014564683180103705 0.020009878198181265 0.022013522949874895 -0.10667241627522638 0.050234449547855664 0.0019678545380347255 0.055946056320764381 -0.10784929853500998 -0.032994287236348882 0.03522086318542339 -0.10918522407687699 -0.085951668733720288 0.0031327568988379797 -0.01405836914816609 0.014022495072431543 -0.0087045623964577597 0.022450943567603399 -0.028555905812274292
leaf_weight=934.14123630523682 40436.715301513672 1318.8501025346341 1124.8760528603161 10444.024454116821 772.70526783168316 365.04962372779846 687.08716893196106 445.22654024139047 151.40588923601899 400.48225434229244 2149.1214010951808 35.785174641758204 112.89856080710888 429.09185433387756 521.8206590116024 28.26501277089119 75.429772585630417 98.993728071451187 67.828157663345337 187.74746927246451 197.22725687362254 70.638732299208641 55.226371691562235 141.76720005180687 2337.2847493812442 1977.31291741319 2259.5996656140778 1235.8753523086198 1120.1640280745924 934.59711654484272
leaf_count=6018 271516 11337 11255 47118 4209 2033 2005 4549 2347 4273 8733 228 306 1797 1502 104 200 292 179 940 1266 782 1302 1502 12898 13852 14756 4154 2952 4735
internal_value=-4.18711e-06 -0.00119085 -0.0111424 -0.000474941 -0.00276322 -0.00129552 0.00186409 -0.014206 0.00427991 0.0146949 -0.000584641 -0.0131524 -0.0359631 0.0126017 -0.00702094 0.0154013 -0.00934512 -0.017959 -0.0412585 -0.0548817 -0.0695002 -0.0213465 -0.0406844 -0.0456813 -0.00104298 -0.0116959 0.0184517 0.00439132 0.00934191 -0.016922
internal_weight=71117.2 30680.5 2059.02 28621.5 18177.5 16470.2 10613.2 1386.98 9226.24 2937.35 6288.89 1783.73 699.892 464.877 5856.96 550.086 5306.87 2604.54 551.797 483.968 384.975 277.271 206.632 586.994 2702.33 2052.74 2660.08 4505.16 3269.29 1707.3
internal_count=439140 167624 17273 150351 103233 94289 61023 8362 52661 23460 29201 13362 6357 2025 33266 1606 31660 16729 2677 2498 2206 4431 3649 6051 14931 14052 19029 15839 11685 8944
is_linear=0
shrinkage=0.1


Tree=204
num_leaves=31
num_cat=0
split_feature=9 9 8 9 2 10 5 11 2 8 10 12 10 9 10 0 8 6 4 10 12 2 0 10 10 11 8 10 11 7
split_gain=7.49769 44.5678 25.3257 33.2352 23.9813 21.0827 24.6379 22.2259 20.6302 19.2317 30.5574 19.438 34.2224 25.327 19.1757 22.5026 18.8881 19.4784 19.4006 19.184 18.8307 20.0806 18.3988 18.2583 17.279 18.2067 17.2291 26.1515 16.9431 18.0873
threshold=-26.168499999999998 -22.199499999999997 82.624500000000012 -33.835000000000001 11.500000000000002 -3.9825000000000084 2.5000000000000004 0.22222222222222113 18.500000000000004 85.06450000000001 57.781500000000001 -1.0000000180025095e-35 86.238000000000028 -39.394999999999989 120.49650000000001 860.50000000000011 82.860500000000016 5.5000000000000009 23.500000000000004 -4.6775000000000011 5.5000000000000009 22.500000000000004 884.50000000000011 81.697500000000005 -39.847500000000004 0.59032634032634002 115.19300000000001 -52.977999999999987 0.18105242566510174 16.500000000000004
decision_type=2 2 2 2 2 2 2 2 2 2 2 2 2 2 2 2 2 2 2 2 2 2 2 2 2 2 2 2 2 2
left_child=2 5 3 28 16 6 -2 -8 -9 10 20 -12 13 -13 15 -7 -4 19 -19 22 -6 -22 26 -17 25 -10 -18 -28 29 -1
right_child=1 -3 4 -5 9 14 7 8 24 -11 11 12 -14 -15 -16 23 17 18 -20 -21 21 -23 -24 -25 -26 -27 27 -29 -30 -31
leaf_value=-0.015407087179713303 0.027034844288910218 -0.00017982872664931544 -0.13846276155346904 -0.0095766103458280807 -0.025433802457189198 -0.0098726627852948282 -0.1243134456641347 0.015514367812233767 -0.043651197914099382 0.0045456342058669457 -0.02553466924146619 0.091835083863176903 0.016969108093236065 0.3472069762651544 0.17114080160022324 -0.20763156491796081 -0.078790187636864698 0.0083508108847293906 -0.037819448485268914 0.021218206512751192 -0.12660860385028397 0.07163814404910647 0.25331702333510836 0.047578089516007865 -0.0075954176324792462 -0.20790780249969704 0.27473858265624418 -0.13199230356752834 0.024853087774434714 0.040094993273626978
leaf_weight=254.80926980823278 1178.4529713150114 65449.561820952571 15.623160362243651 1002.4700942635536 352.26545536518097 185.34544852375984 14.383421653881667 277.32505518198013 18.576852608472112 776.27598467469215 35.301394455134869 10.056584358215334 37.16302789747715 6.3269501999020568 5.4359004497528067 10.546187743544577 144.09693135041744 191.0516891553998 173.80408556759357 28.70151752140373 34.61589726805687 5.9940732866525641 1.7623936906456936 3.8181766867637625 53.324657078832388 10.597938865423201 3.4660715963691473 2.9063647072762242 697.43726596981287 76.297157764434814
leaf_count=1858 4307 412847 82 4843 1816 767 77 911 64 4197 219 48 214 21 24 59 1700 858 650 353 237 18 10 14 213 51 16 58 2201 407
internal_value=-3.6764e-06 0.000242193 -0.0042952 0.00338081 -0.012864 0.0159556 0.0199364 -0.00241804 0.00245454 -0.00519438 -0.02089 0.0320719 0.0700499 0.190454 -0.0141734 -0.0192174 -0.0300498 -0.0269465 -0.013643 -0.0537731 -0.0328672 -0.0973472 -0.0679118 -0.139795 -0.0414466 -0.103319 -0.0716742 0.0892352 0.0160098 -0.00261769
internal_weight=71057.8 67207.4 3850.43 2031.01 1819.41 1757.81 1552.66 374.208 359.825 1258 481.723 88.848 53.5466 16.3835 205.146 199.71 561.412 545.789 364.856 180.933 392.875 40.61 152.232 14.3644 82.4994 29.1748 150.469 6.37244 1028.54 331.106
internal_count=439140 419334 19806 9309 10497 6487 5623 1316 1239 6770 2573 502 283 69 864 840 3727 3645 1508 2137 2071 255 1784 73 328 115 1774 74 4466 2265
is_linear=0
shrinkage=0.1


Tree=205
num_leaves=31
num_cat=0
split_feature=8 10 10 10 7 6 9 10 4 9 10 10 10 9 11 6 7 11 5 4 9 6 4 7 12 5 10 11 2 2
split_gain=7.48886 24.5991 29.3336 32.3733 27.9858 24.7842 23.1594 39.6706 29.3635 36.2597 24.8011 47.6256 38.8694 28.2361 45.0742 30.4005 25.8998 33.1649 25.2644 50.7619 51.9589 29.3161 31.6917 26.1867 24.7045 24.57 24.3738 29.2467 24.0269 35.2642
threshold=78.879500000000021 120.49650000000001 107.94800000000002 99.076000000000008 8.5000000000000018 22.500000000000004 -1.9769999999999965 -37.786000000000001 58.500000000000007 2.2704999999999989 -143.90399999999997 -73.619500000000002 -57.866499999999881 -4.6544999999999979 0.76683781334944146 3.5000000000000004 12.500000000000002 0.18338603046852545 1.5000000000000002 10.500000000000002 -4.9739999999999958 15.500000000000002 41.500000000000007 17.500000000000004 -6.4999999999999991 1.5000000000000002 -62.559000000000026 0.3613247863246325 8.5000000000000018 13.500000000000002
decision_type=2 2 2 2 2 2 2 2 2 2 2 2 2 2 2 2 2 2 2 2 2 2 2 2 2 2 2 2 2 2
left_child=1 2 3 6 -5 -3 10 -8 9 24 28 13 26 15 25 -12 17 -17 19 23 -21 -20 -23 -14 -9 -15 -13 -28 -1 -30
right_child=-2 5 -4 4 -6 -7 7 8 -10 -11 11 12 18 14 -16 16 -18 -19 21 20 -22 22 -24 -25 -26 -27 27 -29 29 -31
leaf_value=-0.037999468017097936 0.00043163939184400933 0.013942389961032002 -0.062101240117741499 0.078380297294672815 -0.047619695154313163 0.11657269319718595 0.0032655193884187556 0.068436509945555599 0.0081196815342521444 0.040289927131610198 -0.12341506930363529 -0.0059908170669279387 0.015703461198921926 0.16790904259852901 -0.14597325439240202 -0.030415190763690904 0.042092116756087886 0.01849157672782669 -0.0028931987175675362 -0.035793220907595125 0.029749603538529502 0.028820846971099597 0.0027691797035998317 -0.051071878275616323 -0.045642989293412831 0.052868648452245148 -0.062829309544068832 -0.013659337992045127 0.023887117493377061 -0.035001253110315891
leaf_weight=339.8278273306787 60234.571640014648 81.049161672592163 83.101038217544556 84.925005538389087 22.245079653337598 33.15595531463623 763.31050518155098 19.528959136456251 186.58982245624065 57.308078484609723 15.676928270608185 553.37841033935547 666.35068280808628 30.5378138422966 8.3903131112456304 179.33125270716846 295.64383522793651 611.32464887388051 2267.2579400930554 772.03995525836945 143.41980881989002 816.97441875189543 1089.9114858172834 64.404810376465321 678.831335596391 47.354594476521015 227.51162905991077 258.32196189463139 230.52817390486598 181.94996269792318
leaf_count=1326 372820 365 639 395 153 75 4999 67 2626 189 213 2820 5682 94 41 1655 1058 2826 6765 5054 669 3032 4174 632 16451 161 1591 922 884 762
internal_value=-3.30657e-06 -0.00242684 -0.00291975 -0.00245635 0.0522267 0.043738 -0.00301418 -0.0136792 -0.0274059 -0.0361779 -0.000947177 0.000675935 -0.00252582 0.019159 0.0742488 0.0148456 0.0168409 0.00739887 0.000654951 -0.00983612 -0.025525 0.00479246 0.0139306 0.00981825 -0.0424529 0.0979704 -0.0203405 -0.0366852 -0.0183105 -0.00208938
internal_weight=71044.8 10810.2 10696 10612.9 107.17 114.205 10505.7 1705.57 942.258 755.668 8800.14 8047.83 6859.57 1188.26 86.2827 1101.98 1086.3 790.656 5820.36 1646.22 915.46 4174.14 1906.89 730.755 698.36 77.8924 1039.21 485.834 752.306 412.478
internal_count=439140 66320 65880 65241 548 440 64693 24332 19333 16707 40361 37389 31341 6048 296 5752 5539 4481 26008 12037 5723 13971 7206 6314 16518 255 5333 2513 2972 1646
is_linear=0
shrinkage=0.1


Tree=206
num_leaves=31
num_cat=0
split_feature=12 5 11 2 3 9 8 9 4 11 12 9 0 12 8 7 4 7 0 7 10 11 2 2 0 7 7 10 11 8
split_gain=7.09543 19.5394 21.1453 18.1737 17.9269 16.646 16.4105 15.7371 15.6049 14.1565 13.4714 21.8788 24.3941 15.242 29.989 20.8233 24.3641 19.4695 20.9131 28.4118 18.1189 15.7543 15.298 27.2256 23.738 22.919 18.7744 18.1724 15.1351 16.7202
threshold=-6.4999999999999991 1.5000000000000002 0.28787878787878401 2.5000000000000004 1.0000000180025095e-35 8.2235000000000031 99.940000000000012 36.938500000000012 63.500000000000007 0.53957811194653316 -10.499999999999998 -5.8005000000000058 90.500000000000014 -8.4999999999999982 85.542500000000018 9.5000000000000018 7.5000000000000009 13.500000000000002 782.50000000000011 15.500000000000002 -36.230999999999987 0.013245614035087701 4.5000000000000009 8.5000000000000018 142.50000000000003 19.500000000000004 19.500000000000004 -13.830000000000004 0.44258241758241762 100.83750000000002
decision_type=2 2 2 2 2 2 2 2 2 2 2 2 2 2 2 2 2 2 2 2 2 2 2 2 2 2 2 2 2 2
left_child=1 7 3 5 6 -3 -4 9 -6 10 11 12 -1 17 15 16 -15 20 22 28 -12 -16 27 25 26 -24 -25 -19 29 -20
right_child=-2 2 4 -5 8 -7 -8 -9 -10 -11 13 -13 -14 14 21 -17 -18 18 19 -21 -22 -23 23 24 -26 -27 -28 -29 -30 -31
leaf_value=0.0080613577334432453 0.0002756462009097958 0.029431886726650154 0.0065908496861266002 0.0050294205190102147 -0.014823865008952872 0.15624053756435052 -0.035297093864235136 -0.13732510806156556 -0.14130719201146233 -0.15907328577586949 -0.049850659411432449 -0.0022143534329052438 -0.076216338658036065 0.14300658630494867 -0.11611952368527359 -0.049166802182156875 -0.024648089756835481 0.019837349389336133 0.04943994210129761 -0.052780925672149516 0.013847682135648118 0.0015492823694984897 0.15348567889748682 -0.016443784706717462 0.079229051465368003 -0.14844537083789752 0.18030300200144989 -0.15588865463549831 0.23070671924010899 -0.14652434848400495
leaf_weight=47.050948667339981 65864.898092854593 236.2403569156304 1020.251328407554 1122.0947375148535 885.71871446934529 10.826099406927822 102.96744155883789 9.991548538208006 9.8628736063837987 6.4729300141334525 93.268089726567268 159.69470539875329 127.17725161928684 12.613570475019513 11.614731568843125 274.29370534420013 27.710535164922476 24.305971264839172 42.318321138620377 70.069760084152222 85.676556350663304 558.85105797462165 32.928734255954623 74.086769530549645 61.492472338490188 2.721904629841446 5.1898465212434521 7.7649241434410206 4.0505924299359313 4.8533482924103728
leaf_count=468 413431 668 3473 3608 3108 32 459 146 44 32 751 1546 1124 85 260 1952 193 121 276 588 707 4510 222 739 369 36 54 70 11 57
internal_value=-3.41035e-06 -0.00358475 0.000842502 0.0104356 -0.00566356 0.0349885 0.00275091 -0.0121843 -0.0162168 -0.0114633 -0.0109103 -0.0289507 -0.0534568 -0.00658829 -0.0145164 -0.0393027 0.0277951 0.00720501 0.0216156 -0.0114003 -0.0193527 -0.000846464 0.040823 0.0523723 0.0326028 0.130433 -0.00356375 -0.022709 0.0452065 0.0292778
internal_weight=70997.1 5132.16 3387.96 1369.16 2018.8 247.066 1123.22 1744.2 895.582 1734.21 1727.73 333.923 174.228 1393.81 885.084 314.618 40.3241 508.727 329.783 121.292 178.945 570.466 208.491 176.42 140.769 35.6506 79.2766 32.0709 51.2223 47.1717
internal_count=439140 25709 11392 4308 7084 700 3932 14317 3152 14171 14139 3138 1592 11001 7000 2230 278 4001 2543 932 1458 4770 1611 1420 1162 258 793 191 344 333
is_linear=0
shrinkage=0.1


Tree=207
num_leaves=31
num_cat=0
split_feature=1 8 6 0 4 9 9 7 8 5 12 7 10 8 8 8 6 8 1 2 10 2 5 7 8 2 1 9 9 10
split_gain=6.83717 11.1635 17.8999 16.2008 18.6105 11.0111 8.56803 20.1688 30.8433 8.88693 8.53091 8.29058 9.59239 8.52335 15.6074 8.01654 9.45117 6.67582 40.2646 61.8936 53.8119 48.3824 65.0183 54.5378 40.2765 36.4022 55.2722 33.0076 39.6662 34.3986
threshold=3.5000000000000004 96.925000000000026 8.5000000000000018 853.50000000000011 12.500000000000002 11.997999999999999 15.842500000000003 8.5000000000000018 105.66100000000002 1.5000000000000002 4.5000000000000009 7.5000000000000009 -23.734999999999989 98.855500000000021 99.836500000000015 94.88600000000001 25.500000000000004 99.756500000000017 2.5000000000000004 21.500000000000004 -33.899499999999989 18.500000000000004 1.5000000000000002 16.500000000000004 103.23250000000002 24.500000000000004 1.5000000000000002 2.2704999999999989 -0.93799999999999506 -63.290000000000013
decision_type=2 2 2 2 2 2 2 2 2 2 2 2 2 2 2 2 2 2 2 2 2 2 2 2 2 2 2 2 2 2
left_child=17 5 6 4 11 15 9 8 -8 -3 -6 12 -4 -13 -15 16 -2 25 19 21 -20 23 24 -19 -23 -1 -27 28 -24 -30
right_child=1 2 3 -5 10 -7 7 -9 -10 -11 -12 13 -14 14 -16 -17 -18 18 20 -21 -22 22 27 -25 -26 26 -28 -29 29 -31
leaf_value=0.00023871079176450433 -0.054242159645161062 -0.11344599902742972 -0.11370837084502249 -0.11837823028866762 -0.094995635765464159 0.12545458110370247 0.45960267705145741 -0.11921649330836825 -0.12086820251572616 0.059180594687624294 0.14664807968838897 0.063268767360592643 0.15499059086456218 0.43510869873214708 0.15187126973701742 -0.12363545106268875 0.13416317650912202 -0.0026948309048297693 0.011660219492137497 -0.013576768475991022 -0.034047793911156109 -0.042720786615538985 0.0018742660775712097 0.020238435638312794 0.022398164907183247 0.062392080754974238 -0.003739721448276544 0.0084822056739341945 -0.033461148834793709 0.09088679301359931
leaf_weight=58545.697341204912 36.784211218357086 17.150693145580597 2.2554445154964924 4.3405431490391484 6.0524743674322954 3.2109598256647578 2.1021982403472061 3.867435266263783 1.6213950794190166 3.6098936675116411 1.9258546084165571 3.6329056262038639 3.2331134215928712 2.9036378785967809 5.895778956823051 16.452634017914534 2.870320461690425 5839.5390696413815 376.91620579361916 2603.268057346344 813.44197139143944 165.15261203609407 80.614540746435523 1260.8710252642632 223.54293251037598 237.01937341690063 270.75055456161499 147.76451909542084 24.195060541853309 276.24267356283963
leaf_count=353037 310 374 31 59 70 27 30 80 34 20 9 21 15 17 36 212 10 37364 1294 24775 5934 2038 323 6808 2531 811 1340 532 81 917
internal_value=-4.17891e-06 -0.0240646 0.00689558 0.0604147 0.0903792 -0.0546454 -0.0501877 0.0407242 0.206843 -0.0834293 -0.0366663 0.14694 0.0445726 0.192132 0.245334 -0.0649524 -0.0406048 3.58542e-05 -0.00213438 -0.000179763 -0.0195748 0.00416999 0.0257797 0.00137759 -0.00527019 0.000469932 0.0271296 0.0486022 0.06416 0.0808727
internal_weight=70982.9 117.909 58.5914 30.2398 25.8992 59.3181 28.3516 7.59103 3.72359 20.7606 7.97833 17.9209 5.48856 12.4323 8.79942 56.1072 39.6545 70865 11811.5 10621.2 1190.36 8017.92 917.512 7100.41 388.696 59053.5 507.77 528.817 381.052 300.438
internal_count=439140 1355 796 258 199 559 538 144 64 394 79 120 46 74 53 532 320 437785 82597 75369 7228 50594 6422 44172 4569 355188 2151 1853 1321 998
is_linear=0
shrinkage=0.1


Tree=208
num_leaves=31
num_cat=0
split_feature=6 11 4 5 6 12 10 4 5 4 0 11 6 11 6 2 1 6 1 9 11 6 4 4 10 11 8 10 0 8
split_gain=6.64272 134.003 60.4884 46.5107 42.6939 35.4721 29.1042 25.2602 24.3142 23.8538 23.0814 21.0451 85.4231 102.243 52.2446 35.9495 35.9881 35.0364 24.6056 23.8569 23.0857 35.1238 202.168 34.4067 43.3507 28.3173 44.6039 36.3386 27.8746 25.2291
threshold=8.5000000000000018 0.11483516483516476 7.5000000000000009 1.5000000000000002 9.5000000000000018 6.5000000000000009 -12.5555 7.5000000000000009 1.5000000000000002 3.5000000000000004 842.50000000000011 0.14379699248120298 10.500000000000002 0.13888888888888948 11.500000000000002 17.500000000000004 2.5000000000000004 11.500000000000002 2.5000000000000004 -19.593499999999992 0.13888888888888948 9.5000000000000018 9.5000000000000018 10.500000000000002 -51.848499999999987 0.13015245623941271 83.264500000000012 99.076000000000008 847.50000000000011 82.827500000000015
decision_type=2 2 2 2 2 2 2 2 2 2 2 2 2 2 2 2 2 2 2 2 2 2 2 2 2 2 2 2 2 2
left_child=10 2 6 4 5 -4 8 -3 -2 -8 -1 12 20 17 15 16 -15 18 19 -14 21 -9 28 -22 -25 -24 27 29 -23 -27
right_child=1 7 3 -5 -6 -7 9 11 -10 -11 -12 -13 13 14 -16 -17 -18 -19 -20 -21 23 22 25 24 -26 26 -28 -29 -30 -31
leaf_value=-0.00023180997820813665 0.044546956216920147 -0.095866088369287533 0.1566523820500795 -0.0765362604936798 0.057621286854382926 -0.056188412855481346 -0.1165106130092754 -0.03594453400527621 -0.088570295453669221 0.0014787140594972987 -0.010320390966174195 0.00046527119011028273 -0.034589846098134147 -0.08723655756195503 0.033677718228761339 -0.0014864551270520508 0.026911300112775621 0.026127304653807415 0.017539528660012373 0.11501299208010665 -0.083156592249196803 0.11978374055365892 -0.056838751084682893 0.30848473543688926 -0.021832099509042482 -0.00082284254508444758 -0.032478877486870249 0.18247882569684123 -0.016510054486768466 0.12566499279374316
leaf_weight=17328.203329533309 305.366036885418 27.514921079389751 88.317912551574409 19.471479478292167 211.33441885001957 8.5920411422848684 18.651032752357423 674.58859947731253 14.366699229925869 210.73270702362061 2609.2649002075195 47402.490810011164 11.678050458431242 164.14473674818873 131.69555301219225 137.9298743121326 33.207756459712982 357.06418027728796 46.516081094741821 122.20787931233644 117.2137451171875 125.42905413731933 217.97979891300201 5.0674808621406582 18.398316562175751 119.76386817009188 376.63363142102025 14.456410646438597 17.044901732355356 18.160137742757797
leaf_count=130102 821 463 264 101 578 38 102 6295 89 921 17893 268679 44 1708 569 962 95 1154 143 312 1428 372 2068 13 66 819 2841 60 69 71
internal_value=-4.36406e-06 0.000600514 0.0393562 0.0733548 0.0828232 0.137782 0.0190656 -7.72434e-05 0.0385655 -0.00811492 -0.00155213 -2.46484e-05 -0.00859677 0.0145364 -0.0196917 -0.0406546 -0.0680293 0.0442754 0.0801955 0.101964 -0.022227 -0.0187369 -0.00568638 -0.061029 0.0495004 -0.0265073 -0.0140093 0.0316414 0.103478 0.0158315
internal_weight=70953.5 51016 876.832 327.716 308.244 96.91 549.116 50139.2 319.733 229.384 19937.5 50111.7 2709.18 1004.44 466.978 335.282 197.352 537.466 180.402 133.886 1704.74 1564.06 889.468 140.68 23.4658 746.994 529.014 152.38 142.474 137.924
internal_count=439140 291145 2914 981 880 302 1933 288231 910 1023 147995 287768 19089 4987 3334 2765 1803 1653 499 356 14102 12595 6300 1507 79 5859 3791 950 441 890
is_linear=0
shrinkage=0.1


Tree=209
num_leaves=31
num_cat=0
split_feature=10 10 10 11 6 0 5 10 1 0 10 10 0 1 7 12 2 2 11 2 7 11 8 2 10 8 0 2 2 9
split_gain=6.43514 28.961 19.8989 26.5191 23.9317 20.8487 41.8442 31.1607 31.0354 28.9693 61.3485 33.9073 32.9914 29.9972 33.0317 32.2149 26.0283 37.557 28.4744 27.0257 37.2394 44.6231 31.7038 38.0618 27.9155 25.1239 28.3118 24.7142 33.9348 26.321
threshold=-37.987999999999992 -51.300999999999988 -60.00100000000009 0.82936730123180302 35.500000000000007 339.50000000000006 1.5000000000000002 -221.06449999999998 2.5000000000000004 104.50000000000001 -104.39899999999999 -81.837499999999949 196.50000000000003 2.5000000000000004 16.500000000000004 9.5000000000000018 9.5000000000000018 19.500000000000004 0.24165739710789766 20.500000000000004 5.5000000000000009 0.21806526806526397 96.122500000000016 23.500000000000004 -221.06449999999998 94.738500000000016 18.500000000000004 21.500000000000004 22.500000000000004 -7.8000000000000034
decision_type=2 2 2 2 2 2 2 2 2 2 2 2 2 2 2 2 2 2 2 2 2 2 2 2 2 2 2 2 2 2
left_child=1 2 4 -4 5 9 7 -7 -9 11 12 16 -11 14 15 -13 18 25 -1 20 21 -19 23 24 -21 -18 -27 29 -29 -12
right_child=-2 -3 3 -5 -6 6 -8 8 -10 10 27 13 -14 -15 -16 -17 17 19 -20 22 -22 -23 -24 -25 -26 26 -28 28 -30 -31
leaf_value=-0.016734869465429344 0.00078374346560228887 -0.0056579951515376972 0.0073328883199166557 -0.029585521114178715 0.02106518525827818 0.25951887652398498 0.00065986789120617685 -0.024110108515747287 0.014911235528585844 -0.0015346594636152363 0.011078138159228146 -0.03005880474438823 -0.038804549598201538 0.017048891501662694 0.02668299885673836 0.049825443981578676 -0.0084021845409740555 0.20992018172639818 0.024365002277811264 0.066243588418846075 0.015413647773945105 0.014083170822213324 0.032217466684818757 0.025147581780977202 -0.053965348956713649 0.035843921915850237 -0.059583816835810238 -0.079417018857982608 0.0048034184578973219 0.032976110051141483
leaf_weight=216.0877892114222 42036.399754013866 9555.9055023193359 5506.3040820658207 201.69604000449181 474.11074767261744 4.0174865722656241 2753.0825132224709 1646.4115847367793 232.62098499014974 1008.2900724411011 1325.4797328412533 1189.0110420030542 310.6990442276001 234.16907193278894 128.01841611973941 52.720090135931969 942.52584274485707 26.791252696886659 766.52055597677827 21.490088999271393 90.441515816375613 20.567177355289459 236.2115592667833 141.25699801929295 191.1664855601266 36.790179457515478 200.65376591682434 55.210008382797241 358.49470567703247 936.87915301322937
leaf_count=1953 299690 45746 24976 2200 2165 15 9587 11062 856 4103 6775 8838 1157 759 650 288 4668 77 3065 75 526 91 1019 445 829 147 1005 563 1301 4509
internal_value=-5.69548e-06 -0.00115542 0.00107303 0.00602835 -0.00100679 -0.00180406 -0.00719721 -0.0186845 -0.0192793 0.00114116 0.00733706 -0.00436632 -0.0103139 -0.0160265 -0.021681 -0.0266672 0.00210383 -0.00470621 0.0153266 0.013157 0.0530313 0.124871 0.00384601 -0.0150899 -0.0418176 -0.0157261 -0.044798 0.0160369 -0.00643603 0.0201464
internal_weight=70900 28863.6 19307.7 5708 13599.7 13125.6 4636.13 1883.05 1879.03 8489.47 3995.05 4494.42 1318.99 1603.92 1369.75 1241.73 2890.5 1907.89 982.608 727.925 137.8 47.3584 590.125 353.914 212.657 1179.97 237.444 2676.06 413.705 2262.36
internal_count=439140 139450 93704 27176 66528 64363 21520 11933 11918 42843 18408 24435 5260 10535 9776 9126 13900 8882 5018 3062 694 168 2368 1349 904 5820 1152 13148 1864 11284
is_linear=0
shrinkage=0.1


Tree=210
num_leaves=31
num_cat=0
split_feature=8 6 10 11 11 7 4 10 10 10 0 7 10 2 8 11 9 11 10 11 4 0 2 7 7 5 5 9 9 12
split_gain=6.85238 22.9181 28.2104 29.5283 23.5645 28.7368 27.9362 21.5047 24.8691 32.2609 26.3735 25.2843 53.044 30.192 26.3164 28.7869 24.4285 22.5549 21.5402 21.1039 20.8641 34.8117 26.8387 34.396 30.6212 28.47 30.5073 29.5279 26.2412 25.0848
threshold=78.946500000000015 4.5000000000000009 -36.230999999999987 0.37581168831168837 0.30283094098883573 17.500000000000004 22.500000000000004 120.49650000000001 107.94800000000002 99.076000000000008 102.50000000000001 3.5000000000000004 57.781500000000001 23.500000000000004 76.059500000000014 0.05594679186228476 -35.073999999999984 0.76683781334944146 11.776000000000005 0.039736842105263161 35.500000000000007 114.50000000000001 8.5000000000000018 15.500000000000002 11.500000000000002 2.5000000000000004 3.5000000000000004 -5.579499999999995 -1.5345000000000011 -7.4999999999999991
decision_type=2 2 2 2 2 2 2 2 2 2 2 2 2 2 2 2 2 2 2 2 2 2 2 2 2 2 2 2 2 2
left_child=1 2 -1 4 19 6 -6 8 9 11 -11 12 13 18 -13 -16 -17 -15 -3 -4 21 29 23 25 -24 28 27 -27 -22 -18
right_child=-2 7 3 -5 5 -7 -8 -9 -10 10 -12 14 -14 17 15 16 20 -19 -20 -21 22 -23 24 -25 -26 26 -28 -29 -30 -31
leaf_value=-0.042602774804932346 0.00041612502563955406 0.018096546184776571 0.045414200327394322 -0.06014918379074663 0.2357014073079165 0.26658803337409981 -0.13596812210370143 0.0422603713805213 -0.057064666680644631 0.10933846936317589 0.0088902912212060169 0.0017851463440272928 -0.055382057178481638 -0.064504970986240293 0.067049001392073801 0.014548878159314419 0.054543502835636894 0.055676035949598746 0.10386870404800862 -0.012063301082302393 0.012941092807225919 -0.028393717493600441 0.020775203218602236 0.034841333490338175 -0.010942236573205651 -0.1247563614922001 0.021054361487649022 -0.042725929574328358 -0.069457676799958193 -0.0076425648067455776
leaf_weight=305.67265558429062 59878.881988525391 1212.4378809295595 89.156457031727768 72.451719426899217 3.2137835812754947 7.7768369149416676 5.4550113510340452 113.11495307087898 80.155380487442017 47.277946842834353 58.459221618250012 4244.0323052667081 112.72274005413055 73.235776449088007 48.795376359135844 364.55139130353928 71.756753496825695 19.848145817872137 30.003594368696213 225.32532009901479 149.04150700196624 1402.2041147151031 563.14234958984889 83.319504719227552 662.45137144997716 76.753372721374035 37.750421437434852 102.4605647996068 52.180933978175744 675.61252174514811
leaf_count=2487 371041 8399 1246 691 12 28 49 418 616 122 371 20743 915 759 130 1387 314 167 113 1982 526 11318 3469 500 3470 286 174 1102 542 5763
internal_value=-5.14551e-06 -0.00230036 -0.0196891 -0.00232563 0.010334 0.127024 0.00182098 -0.00110114 -0.00158351 -0.00114268 0.0538034 -0.00172469 0.0104924 0.0160524 -0.00379796 -0.00932121 -0.0101998 -0.038879 0.0201678 0.00423173 -0.0125271 -0.019103 -0.00434273 -0.0238303 0.00363146 -0.03552 -0.0606477 -0.0778578 -0.00842653 -0.00167193
internal_weight=70869.2 10990.4 709.052 403.379 330.927 16.4456 8.66879 10281.3 10168.2 10088 105.737 9982.3 1448.25 1335.53 8534.05 4290.02 4241.22 93.0839 1242.44 314.482 3876.67 2149.57 1727.1 501.506 1225.59 418.187 216.964 179.214 201.222 747.369
internal_count=439140 68099 6495 4008 3317 89 61 61604 61186 60570 493 60077 10353 9438 49724 28981 28851 926 8512 3228 27464 17395 10069 3130 6939 2630 1562 1388 1068 6077
is_linear=0
shrinkage=0.1


Tree=211
num_leaves=31
num_cat=0
split_feature=0 0 2 0 11 10 8 8 4 9 9 5 10 10 8 8 4 10 12 2 6 9 10 11 2 9 0 8 6 10
split_gain=6.57981 40.6719 21.433 16.8561 20.6054 22.3401 16.4105 18.6889 21.8986 46.7777 18.4604 16.231 17.1708 19.9817 46.9683 22.316 21.8709 15.9307 18.3704 15.3361 15.2218 15.1031 15.8199 14.8601 14.4088 16.4568 17.0895 17.949 24.2311 16.2086
threshold=864.50000000000011 865.50000000000011 19.500000000000004 847.50000000000011 0.13015245623941271 -33.899499999999989 104.92800000000001 102.97550000000001 7.5000000000000009 -0.91399999999999515 0.096499999999998906 2.5000000000000004 -7.6884999999999968 -22.511500000000204 93.091500000000011 90.051500000000019 21.500000000000004 -6.0825000000000022 4.5000000000000009 1.0000000180025095e-35 5.5000000000000009 -0.28150000000000114 -7.4540000000000068 0.63211600429645554 24.500000000000004 -1.5345000000000011 855.50000000000011 83.047500000000014 6.5000000000000009 17.113500000000041
decision_type=2 2 2 2 2 2 2 2 2 2 2 2 2 2 2 2 2 2 2 2 2 2 2 2 2 2 2 2 2 2
left_child=3 2 19 -1 -5 -6 7 8 9 -7 21 12 13 15 -15 20 -16 -14 -19 -2 -10 -9 -23 -18 25 26 27 -13 -29 -27
right_child=1 -3 -4 4 5 6 -8 10 11 -11 -12 24 17 14 16 -17 23 18 -20 -21 -22 22 -24 -25 -26 29 -28 28 -30 -31
leaf_value=0.00013497013584019021 -0.086216943445057814 0.0010999202288217275 -0.017120726557653981 -0.022183932811751371 -0.011708254857173021 0.66907730642633523 -0.018084826754763483 0.093232523429247302 0.13404109478478296 -0.10853360899565259 0.019578423437648644 -0.034975998394134171 0.072300577755607179 -0.078162815164979069 -0.037471143932128699 -0.030933441299103706 0.057915718208694206 0.014027286434640469 -0.040333974420026862 0.051891316524511413 0.021476421961564421 0.46450008160550937 0.10725060991624946 -0.071976983994053098 -0.084399405330303892 0.041551946778246668 -0.023149356857611349 0.15654133684285601 0.025154293290264185 -0.17657430975018831
leaf_weight=60888.685935030924 8.2798362448811513 5357.0575256347656 61.611374817788601 690.81110352277756 1676.0951726436615 1.5146183222532275 281.86315237358212 13.437093872576954 13.307353714480994 1.5811987274792034 28.147000394761562 28.614104613661766 39.146754026412964 125.26975404028781 64.371514209080487 93.637281998991966 68.342322357464582 422.96655005461071 72.87475698441267 278.02646777033806 123.53620979562402 2.6460058062803009 2.331978510366751 10.110470299609004 12.857458233833311 278.06132141163107 119.95028305053711 18.751185361295938 55.830363355576992 3.4489138275384894
leaf_count=384952 41 29309 272 5771 7370 9 1466 43 31 64 116 104 366 1353 476 443 327 2080 332 962 496 27 31 82 94 1848 439 49 170 17
internal_value=-4.79237e-06 0.00325169 0.0363835 -0.000290004 -0.00637921 -0.0033112 0.00416477 0.00808256 0.00621232 0.27191 0.0705085 0.00568201 -0.00155649 -0.0149081 -0.0334701 0.00668309 0.00572941 0.0108864 0.00603771 0.0478973 0.0324228 0.148354 0.297144 0.041176 0.0201385 0.0228019 0.00251911 0.0323551 0.0581874 0.0388796
internal_weight=70843.2 5704.98 347.918 65138.2 4249.5 3558.69 1882.6 1600.73 1554.17 3.09582 46.5621 1551.08 1033.56 498.575 268.094 230.481 142.824 534.988 495.841 286.306 136.844 18.4151 4.97798 78.4528 517.514 504.656 223.146 103.196 74.5815 281.51
internal_count=439140 30584 1275 408556 23604 17833 10463 8997 8780 73 217 8707 5986 3208 2238 970 885 2778 2412 1003 527 101 58 409 2721 2627 762 323 219 1865
is_linear=0
shrinkage=0.1


Tree=212
num_leaves=31
num_cat=0
split_feature=10 10 10 10 8 6 2 10 9 2 2 1 8 5 9 0 6 11 11 6 2 6 2 11 11 7 6 0 11 8
split_gain=6.49751 25.9175 31.5101 39.232 46.1002 49.7846 36.2758 34.7999 30.2135 42.6558 48.1989 37.6858 34.3099 29.7723 29.3404 35.8479 41.7949 29.2763 28.3244 27.7072 27.6471 24.301 24.1063 24.8758 23.9298 22.6736 22.0187 21.8007 21.4095 24.6023
threshold=-1.0000000180025095e-35 -2.9474999999999976 -4.6775000000000011 -7.8374999999999977 97.366000000000014 11.500000000000002 1.5000000000000002 -5.5669999999998643 1.063500000000005 18.500000000000004 12.500000000000002 2.5000000000000004 99.684000000000012 1.5000000000000002 1.9234999999999969 146.50000000000003 10.500000000000002 0.025807525807525752 0.31400560224089641 2.5000000000000004 9.5000000000000018 9.5000000000000018 12.500000000000002 0.18441295546558703 0.58333333333366677 7.5000000000000009 35.500000000000007 870.50000000000011 0.66666666333333346 99.684000000000012
decision_type=2 2 2 2 2 2 2 2 2 2 2 2 2 2 2 2 2 2 2 2 2 2 2 2 2 2 2 2 2 2
left_child=1 2 3 -1 5 25 -4 -7 9 10 11 26 17 14 15 16 -10 -13 -12 -16 -9 -17 -15 -24 -8 -5 -3 -27 29 -6
right_child=-2 8 6 4 28 7 24 20 13 -11 18 12 -14 22 19 21 -18 -19 -20 -21 -22 -23 23 -25 -26 27 -28 -29 -30 -31
leaf_value=-0.00029051623240804869 -0.0023735464352483892 0.01347359943307992 0.046016860577511441 -0.04314540433752849 0.05721645471173277 0.029702349801649888 -0.014623715121787837 0.03106348001428974 0.093258582148413538 0.030912837869563975 -0.0017537686590983236 0.24627228511414698 -0.10710722130064841 0.03071909223194217 -0.10168429137282992 0.3108349027091406 0.72386243018602203 -0.015375670780419777 -0.053215356343832322 0.062615950095021716 -0.033343765459824724 -0.070871653486356864 0.076424976029639088 -0.037388430325236137 -0.054266747219803013 -0.0016964079559808093 0.089739251629796749 -0.1014587943253847 -0.053799368323366951 0.021729493021171147
leaf_weight=54635.631858825684 9950.820904780092 653.10020120767877 85.983669847249985 226.52740023098886 271.2388414334273 683.59633827209473 875.2502743282821 101.25272851902992 1.8718417380005101 429.2131106108427 180.9386350531131 4.5505465422756961 48.924156695604324 313.88039542734623 10.934440372511743 2.7521508764475584 2.3967917077243328 70.991746708750725 261.56591893546283 167.40041428990662 195.00206348020583 4.2335157915949821 22.909432742744684 118.72938640415668 184.33516288013197 543.82704594428651 40.185256790369749 22.823962184833363 30.231113651767373 698.35754668863956
leaf_count=315303 63398 4074 835 4366 1689 7355 11088 958 25 3485 2381 23 448 1201 232 31 18 409 2659 729 1985 28 52 482 3372 4761 272 235 408 6838
internal_value=-4.49522e-06 0.000382671 -2.92881e-05 0.000298406 0.0119024 0.00221977 -0.0164512 0.0172961 0.0107151 0.00368539 -0.00558763 0.00879827 -0.0418667 0.0291252 0.0624245 0.219022 0.447336 0.000385582 -0.0321729 0.052542 -0.0113309 0.0795097 0.0152658 -0.0189796 -0.0215204 -0.0164047 0.0178942 -0.00571471 0.0290729 0.0316568
internal_weight=70839.5 60888.6 58554.1 57408.5 2772.86 1773.03 1145.57 979.851 2334.58 1689.47 1260.26 817.752 124.466 645.108 189.589 11.2543 4.26863 75.5423 442.505 178.335 296.255 6.98567 455.519 141.639 1059.59 793.178 693.285 566.651 999.828 969.596
internal_count=439140 375742 359193 343898 28595 19660 15295 10298 16549 13751 10266 5226 880 2798 1063 102 43 432 5040 961 2943 59 1735 534 14460 9362 4346 4996 8935 8527
is_linear=0
shrinkage=0.1


Tree=213
num_leaves=31
num_cat=0
split_feature=12 6 2 2 4 2 11 8 4 9 7 7 10 10 10 6 9 0 9 11 7 9 10 9 2 8 10 10 8 10
split_gain=6.36568 14.7559 12.2961 25.5507 33.1046 28.7057 25.9266 29.7749 29.8056 23.9923 22.6279 20.604 19.7906 19.35 23.3903 27.2193 21.7386 20.5804 18.7337 17.8902 17.5538 27.403 17.0099 15.6269 15.1283 14.9478 14.7885 15.4862 15.0249 14.5462
threshold=6.5000000000000009 44.500000000000007 22.500000000000004 19.500000000000004 45.500000000000007 18.500000000000004 0.12403846153846151 95.533500000000018 48.500000000000007 -49.068999999999988 3.5000000000000004 9.5000000000000018 -23.734999999999989 -77.979000000000113 6.9885000000000028 10.500000000000002 17.829000000000004 120.50000000000001 3.9840000000000022 0.14483218916857357 5.5000000000000009 6.9665000000000044 -33.383000000000095 -28.091499999999996 8.5000000000000018 123.58200000000001 -80.267499999999998 -69.828499999999977 85.06450000000001 -25.088499999999993
decision_type=2 2 2 2 2 2 2 2 2 2 2 2 2 2 2 2 2 2 2 2 2 2 2 2 2 2 2 2 2 2
left_child=-1 2 3 5 26 11 9 -8 20 -7 -6 23 -12 -13 15 16 25 -18 -14 -17 21 -9 -21 -2 -16 -15 -5 -28 -29 -25
right_child=1 -3 -4 4 10 6 7 8 -10 -11 12 13 18 14 24 19 17 -19 -20 22 -22 -23 -24 29 -26 -27 27 28 -30 -31
leaf_value=0.00027367750993307553 -0.031848703471725796 0.086550892438854943 -0.013069898570539685 0.057491889792636364 -0.19875195852785246 0.22183488371919854 0.033890505037837006 -0.11563371253336921 -0.25776863780166409 -0.11232891434169055 0.0082366711101070789 -0.05661285349531428 -0.2989541629627504 -0.019327352618573039 -0.021312080884366667 0.09706920064037064 -0.22632868830961478 -0.051022951795105888 -0.021963206172990468 -0.014891985295509325 -0.066191642095223394 0.064578531286083846 0.030485491915288872 -0.0025091266264701179 -0.097433654940817419 0.16259476768496922 -0.056513288158464139 -0.04731832496529062 0.025054066575973335 0.012608914429059054
leaf_weight=65198.718199452444 129.12206546962261 18.245699591934681 1087.7678626962006 105.09051867946982 9.5274822786450368 2.2412688732147208 66.475179085507989 11.69660043530166 6.4824894201010457 51.959736686199903 33.34324149414897 101.63751190900803 4.6486090309917909 254.30044049397111 61.852950416505337 25.015301093459129 9.5645127668976802 22.33430203795433 5.1431984007358551 154.47881314903498 76.027518177405 30.28547041118145 177.55625250935555 1528.1593854408711 45.177333392202854 4.5982202645391217 27.629595380276442 30.6279461607337 452.34682561084628 1090.6896918490529
leaf_count=412965 836 114 4157 439 47 6 282 70 37 496 122 576 33 1282 319 70 74 134 15 620 384 137 654 7428 346 20 160 107 2149 5061
internal_value=-4.76795e-06 -0.00323276 -0.00352498 -0.00122693 0.0168213 -0.00436036 -0.0374706 -0.020146 -0.0489999 -0.0985109 -0.0592765 -0.00210828 -0.0284698 -0.0156506 -0.0101354 -0.00298061 -0.0256935 -0.103586 -0.153463 0.0155177 -0.0375318 0.0143697 0.00937369 0.00211272 -0.0534429 -0.0160963 0.0233302 0.0162992 0.0204646 0.00378719
internal_weight=70822.7 5624.03 5605.78 4518.01 668.357 3849.66 245.168 190.967 124.492 54.201 52.6625 3604.49 43.135 856.516 754.878 647.848 290.797 31.8988 9.79181 357.05 118.01 41.9821 332.035 2747.97 107.03 258.899 615.695 510.604 482.975 2618.85
internal_count=439140 26175 26061 21904 3072 18832 1412 910 628 502 217 17420 170 4095 3519 2854 1510 208 48 1344 591 207 1274 13325 665 1302 2855 2416 2256 12489
is_linear=0
shrinkage=0.1


Tree=214
num_leaves=31
num_cat=0
split_feature=4 4 11 11 10 10 12 10 6 9 10 8 10 7 7 4 10 12 6 6 5 11 8 11 9 8 11 11 11 8
split_gain=6.35689 9.34452 14.7726 12.3702 12.769 25.1486 11.9929 10.7886 9.25678 10.7656 8.86376 8.59018 10.6859 8.60984 8.32365 10.8016 10.5827 10.204 8.08897 8.01519 7.87584 19.735 18.7776 15.4498 14.0991 13.8301 22.1905 16.4716 27.0821 17.426
threshold=72.500000000000014 68.500000000000014 0.95199692780337952 0.98591549295778835 -29.220999999999993 -30.066999999999897 3.5000000000000004 -38.597499999999989 15.500000000000002 3.1674999999999973 -1.3444999999999823 77.512500000000017 -36.935499999999998 2.5000000000000004 6.5000000000000009 52.500000000000007 -20.948 -1.0000000180025095e-35 32.500000000000007 38.500000000000007 4.5000000000000009 0.77167919799498763 86.913500000000013 0.79193722943722955 -1.0000000180025095e-35 103.23250000000002 0.47402159244264502 0.52803983228511542 0.53957811194653316 102.18450000000001
decision_type=2 2 2 2 2 2 2 2 2 2 2 2 2 2 2 2 2 2 2 2 2 2 2 2 2 2 2 2 2 2
left_child=1 2 20 4 5 7 8 -4 9 -3 -10 13 -13 -2 16 18 -5 -18 -16 -8 -1 25 -23 24 -24 26 -22 -28 -29 -30
right_child=11 6 3 14 -6 -7 19 -9 10 -11 -12 12 -14 -15 15 -17 17 -19 -20 -21 21 22 23 -25 -26 -27 27 28 29 -31
leaf_value=7.5596122506672611e-05 -0.00043835804241931808 -0.093527768508581674 -0.081035419715940193 0.26075796692805964 -0.083177390817792074 0.3568653501588408 0.10415460079005832 0.049403156366483535 0.017975879810884676 0.1393798684306515 -0.086319666059158848 0.075777308784953326 -0.069653501259155023 -0.20169005449151142 -0.06078372089103487 -0.10989153449160619 0.27602046025446481 -0.12063075348474855 0.12167217014033249 -0.012449565923885991 0.081085877197572861 -0.0068799695771249838 0.24716175237084742 0.035648423925708661 0.0147993239512898 -0.086210150235366059 -0.10943466834114271 0.1295864500437674 -0.031986353491739887 0.20080242784115721
leaf_weight=69929.539813943469 3.3791609636973607 14.472454000264408 14.871974118985239 3.017030387185514 55.218387206085026 1.8431674167513836 23.829076509922746 11.054002011194825 274.05030424846336 2.2999796271324149 8.3983800974674505 8.4930186979472655 12.4718025540933 5.7310893575195223 3.8505831616930681 6.4969772333279243 0.92414599657058749 2.1749059543944922 6.5854791235178709 7.8327491469681254 20.082436862168834 88.727754869498312 7.9866408575326204 28.869940642267466 3.8798695583827776 35.76808022800833 22.680440723896027 11.482492282986639 200.61560094263405 3.2680636132135978
leaf_count=429326 11 255 436 15 2499 9 54 112 1220 4 64 26 138 47 94 80 1 66 32 40 118 1774 33 299 31 333 182 48 1777 16
internal_value=-3.73772e-06 1.57905e-05 -6.29435e-05 -0.0373599 -0.0553603 -4.65081e-05 0.0167816 -0.0254206 0.0105886 -0.0615895 0.0148747 -0.0459687 -0.0107383 -0.127042 0.0274497 -0.00866625 0.127441 -0.00234825 0.0543516 0.0753082 -6.72907e-06 -0.013605 0.0189252 0.0751312 0.171189 -0.0279348 -0.0198597 -0.0283759 -0.0198395 -0.028255
internal_weight=70819.9 70789.8 70458.9 106.037 82.9875 27.7691 330.883 25.926 299.221 16.7724 282.449 30.0751 20.9648 9.11025 23.0491 16.933 6.11608 3.09905 10.4361 31.6618 70352.9 423.361 129.464 40.7365 11.8665 293.897 258.129 238.047 215.366 203.884
internal_count=439140 438918 437281 3344 3056 557 1637 548 1543 259 1284 222 164 58 288 206 82 67 126 94 433937 4611 2137 363 64 2474 2141 2023 1841 1793
is_linear=0
shrinkage=0.1


Tree=215
num_leaves=31
num_cat=0
split_feature=2 1 1 5 2 2 8 8 10 0 10 2 9 2 8 11 6 9 12 9 10 8 8 0 5 4 11 10 9 8
split_gain=6.35994 27.877 90.23 53.2214 162.299 101.183 60.1343 43.2285 43.5467 65.0158 40.873 75.677 70.4963 74.7338 59.0677 43.4572 41.2963 40.5995 39.9158 48.1729 39.5346 39.3062 39.2477 37.5852 38.6127 37.538 38.312 37.3432 37.1387 36.624
threshold=11.500000000000002 1.5000000000000002 1.0000000180025095e-35 2.5000000000000004 9.5000000000000018 9.5000000000000018 81.316500000000005 98.527500000000018 -0.27199999999999835 807.50000000000011 -73.619500000000002 2.5000000000000004 22.953500000000002 4.5000000000000009 108.81950000000002 0.10566188197767142 23.500000000000004 -0.068500000000000186 -5.4999999999999991 -18.992999999999991 -59.194000000000003 95.887500000000017 72.399500000000018 148.50000000000003 1.5000000000000002 6.5000000000000009 0.56956944444444446 96.696000000000041 -0.13950000000000523 79.054500000000019
decision_type=2 2 2 2 2 2 2 2 2 2 2 2 2 2 2 2 2 2 2 2 2 2 2 2 2 2 2 2 2 2
left_child=1 2 3 4 10 21 -6 8 28 -10 22 20 13 14 -13 -16 17 -15 -8 -20 -12 -5 -1 24 -24 -22 27 -27 -7 -18
right_child=-2 -3 -4 5 6 7 18 -9 9 -11 11 12 -14 16 15 -17 29 -19 19 -21 25 -23 23 -25 -26 26 -28 -29 -30 -31
leaf_value=-0.023117241152084359 0.00083056899668375425 0.002497473358394385 -0.030832362784658909 -0.0047496850774668316 -0.088429216042388903 0.05636071592972898 0.0084174038164979217 -0.014981197084974966 0.02715188093045523 -0.36256140084108712 -0.032611987309474934 -0.046613213532085813 0.016913813886590464 -0.02278894123576404 0.071768401529657133 -0.016478596094042994 -0.00060310218464877999 0.013212919718713651 -0.11774406682171566 -0.031194291816859149 -0.047693105193020849 0.013990957967500451 0.092877666444513757 0.0036169745257702795 0.025960927062943642 0.017402350024336648 -0.020410428990289414 -0.12111055637530713 0.14105789769102248 0.047388402109917176
leaf_weight=261.79156373441219 39881.848052978516 12780.13557434082 1140.2094554901123 3120.6092319115996 191.7428577542305 346.31560568138957 239.72570643573999 88.996295668184757 16.329607114195827 5.8017871379852286 227.94375562667847 1105.1859145928174 727.38335958123207 1459.694909401238 66.244976560119539 354.04481013631448 618.39863164443523 398.81742167193443 68.653223842382431 1016.274605743587 106.99943993132911 1744.9622015468776 99.570178762078285 792.03815613687038 643.64045333862305 2697.7222473558504 315.52354566636495 19.605388909578323 60.87087618932128 214.05739889480174
leaf_count=808 255181 95947 10054 16736 695 1051 739 410 55 35 776 7355 2515 6365 242 1340 2982 2204 280 3493 682 8638 255 3050 2530 10650 2842 92 177 961
internal_value=-4.02093e-06 -0.00108018 -0.00359947 -0.00177389 -0.00558065 0.00644577 -0.0360877 0.0484484 0.0615972 -0.0750122 -0.00100429 -0.003961 -0.0118365 -0.0167963 -0.0344785 -0.00256934 -0.00677246 -0.0150633 -0.0285113 -0.0366711 0.00760007 0.00197136 0.012671 0.0187736 0.034926 0.0105193 0.0125731 0.016403 0.0690222 0.0117374
internal_weight=70811.1 30929.3 18149.2 17008.9 11625.1 5383.89 1516.4 518.314 429.318 22.1314 10108.7 8311.62 4943.83 4216.44 1525.48 420.29 2690.97 1858.51 1324.65 1084.93 3367.79 4865.57 1797.04 1535.25 743.211 3139.85 3032.85 2717.33 407.186 832.456
internal_count=439140 183959 88012 77958 50856 27102 5207 1728 1318 90 45649 39006 23964 21449 8937 1582 12512 8569 4512 3773 15042 25374 6643 5835 2785 14266 13584 10742 1228 3943
is_linear=0
shrinkage=0.1


Tree=216
num_leaves=31
num_cat=0
split_feature=12 5 11 6 10 8 0 10 9 1 9 8 10 9 9 11 11 10 8 11 5 7 12 11 0 11 12 2 8 12
split_gain=6.63151 16.4662 18.692 16.797 16.0866 17.4146 17.8893 18.3094 16.6277 30.0447 28.361 24.1786 17.4041 14.5156 14.0641 13.7023 14.239 13.489 16.5299 16.3961 15.0817 14.5495 13.9251 13.4462 13.9779 13.309 17.0667 22.9502 16.2017 19.7249
threshold=-6.4999999999999991 1.5000000000000002 0.19264507422402158 8.5000000000000018 -38.597499999999989 94.095500000000015 842.50000000000011 -5.924500000000001 -0.068500000000000186 1.0000000180025095e-35 -31.599499999999995 85.84950000000002 -15.709999999999985 11.449 36.938500000000012 0.19868421052631577 0.20601237842617151 -24.138499999999997 98.96050000000001 0.052704678362573108 2.5000000000000004 12.500000000000002 -7.4999999999999991 0.282329988851728 20.500000000000004 0.27777777777777896 -8.4999999999999982 18.500000000000004 81.788500000000013 -10.499999999999998
decision_type=2 2 2 2 2 2 2 2 2 2 2 2 2 2 2 2 2 2 2 2 2 2 2 2 2 2 2 2 2 2
left_child=1 14 17 4 13 6 7 8 9 11 -11 -6 -10 25 -1 -7 -17 19 -19 -3 22 -20 -21 -5 -25 26 -4 -28 29 -27
right_child=-2 2 3 23 5 15 -8 -9 12 10 -12 -13 -14 -15 -16 16 -18 18 21 20 -22 -23 -24 24 -26 28 27 -29 -30 -31
leaf_value=-0.010755788291928147 0.00026939511783215649 -0.092841185859424524 0.013416261285484106 0.021115457592639095 0.015606457669328281 -0.12769955732391811 -0.071327195275877345 -0.034009717468648067 0.055701473047941263 0.06499399535582745 -0.080091025581722264 0.10592041292986323 0.22226845363642145 0.049737727905381821 -0.13534047737102539 0.11829249541647412 -0.023867022468370736 -0.01503368107167543 -0.1015330923219985 0.045179303175165469 -0.10064771060193987 0.044227675786276635 -0.0070660456081359183 -0.036454054655288441 0.0010211422393475945 0.060414131530756879 -0.10945931878882605 0.058489485669827458 -0.085459727690463339 -0.054039077526239078
leaf_weight=1718.6338192431722 65683.318461805407 10.776075504720209 80.441073700785637 313.83237229846418 90.209638755070046 12.292833602987228 24.427223484963179 55.408080359920859 30.034698761999607 19.066129505634308 45.931816973723471 44.151014007395133 7.9290096890181294 19.879976410418749 9.1091613769531232 7.2800872325897208 218.89035019930452 218.81475566863082 7.3816530406475058 279.2088110819459 8.318181134760378 94.737000282853842 62.421017378568649 107.08781534433365 1410.2979541644454 20.684979826211929 30.913949854671955 11.04284333437681 90.889260453172028 55.349757297895849
leaf_count=14171 413431 48 226 919 267 59 109 203 86 47 213 100 17 60 146 21 1000 725 38 772 38 372 197 409 4629 55 118 24 412 228
internal_value=-4.49056e-07 -0.00347209 0.000589616 -0.00315095 -0.0146367 -0.0044625 0.0108886 0.0177492 0.0298335 0.0182827 -0.0375326 0.0452837 0.0904903 -0.0329192 -0.0114126 -0.0248796 -0.0192911 0.015384 0.000470266 0.0286527 0.0323939 0.0336913 0.0356333 0.00227337 -0.00162363 -0.0385988 -0.0135518 -0.0652559 -0.0569646 -0.0229025
internal_weight=70788.8 5105.44 3377.7 2696.04 864.823 555.621 317.158 292.73 237.322 199.359 64.9979 134.361 37.9637 309.202 1727.74 238.463 226.17 681.657 320.933 360.724 349.948 102.119 341.63 1831.22 1517.39 289.322 122.398 41.9568 166.924 76.0347
internal_count=439140 25709 11392 9202 3245 2122 1042 933 730 627 260 367 103 1123 14317 1080 1021 2190 1135 1055 1007 410 969 5957 5038 1063 368 142 695 283
is_linear=0
shrinkage=0.1


Tree=217
num_leaves=31
num_cat=0
split_feature=11 2 2 9 6 0 10 4 10 6 10 10 2 10 7 11 2 9 0 0 6 8 0 2 2 8 12 6 10 8
split_gain=6.36704 11.4274 11.6769 12.1119 11.9881 11.298 10.8417 10.2904 14.7446 24.9971 14.189 14.0179 13.7567 12.2022 15.3145 9.48969 14.3981 16.2086 21.3006 18.0929 19.6291 53.0426 14.2287 12.3858 12.1109 16.4776 13.134 11.5428 10.9133 14.8269
threshold=0.013986697965569402 1.0000000180025095e-35 24.500000000000004 33.187000000000005 7.5000000000000009 14.500000000000002 -52.977999999999987 1.5000000000000002 -2.9474999999999976 1.5000000000000002 1.0000000180025095e-35 5.0050000000000106 22.500000000000004 -4.6775000000000011 16.500000000000004 0.013072453861927501 21.500000000000004 -8.4979999999999958 56.500000000000007 40.500000000000007 1.5000000000000002 104.55400000000002 112.50000000000001 20.500000000000004 12.500000000000002 81.316500000000005 15.500000000000002 3.5000000000000004 -13.102500000000004 115.19300000000001
decision_type=2 2 2 2 2 2 2 2 2 2 2 2 2 2 2 2 2 2 2 2 2 2 2 2 2 2 2 2 2 2
left_child=1 6 3 4 15 -4 -1 8 9 -2 -10 -12 13 14 -11 16 17 -3 19 -19 21 -21 27 -24 -17 -26 28 -20 -27 -30
right_child=7 2 5 -5 -6 -7 -8 -9 10 12 11 -13 -14 -15 -16 24 -18 18 22 20 -22 -23 23 -25 25 26 -28 -29 29 -31
leaf_value=0.12590641791654064 -0.10220804889427544 -0.076416383084899286 0.10592553749965219 -0.10073317608293504 -0.15921297475023991 -0.074606913504878872 -0.11490370813272295 -4.3067251733325441e-05 -0.063629196297159837 -0.090708694513557314 0.33703481785715761 -0.037542490945887845 0.15528682499681151 0.19154184198151991 0.10961781724121362 0.039438558293405139 0.050520003360855638 0.02473292282406463 -0.080386272729494779 0.18055128153531683 0.11973531883574609 1.3442716222281486 0.0097080418491454074 -0.20070284004895245 -0.29308070917790879 -0.010759833917594289 0.30239455325902209 -0.36854876749493809 0.050948737795296607 -0.076526347620646251
leaf_weight=2.2051621731370679 12.32548757875338 36.269780982285738 4.0126526695676175 9.0190980434417707 3.8820363506674758 25.468715633731335 12.285869410960002 69961.993183888495 76.941897730808705 10.612167645245796 1.7940475940704335 2.2546825278550386 11.109259139746426 3.3134845886379507 5.9590091016143552 247.73330395296216 37.533385381102562 8.2897494239732605 9.2877417393028718 1.3478104220703233 3.5125600397586823 0.55212482344359148 60.762144547887146 2.9326278343796721 1.8133406443521369 129.22106334473938 1.5215348042547692 1.6347268372774113 74.65096235089004 10.394825994968413
leaf_count=13 887 1067 14 255 24 714 330 422577 4317 86 32 20 28 18 19 3238 428 196 394 54 9 19 1210 90 25 1832 8 14 1013 209
internal_value=-4.17996e-07 0.00959857 0.0114992 0.0143322 0.015976 -0.050035 -0.0782586 -9.41437e-05 -0.0288401 0.0182511 -0.0540277 0.128438 0.0661546 0.0163578 -0.0186711 0.0170599 -0.0037752 -0.020132 0.00298205 0.117584 0.259794 0.518731 -0.0180627 2.03267e-05 0.0243188 0.00710539 0.00962796 -0.123515 0.00754898 0.0353679
internal_weight=70770.6 684.331 669.84 640.359 631.34 29.4814 14.491 70086.3 124.31 43.3194 80.9906 4.04873 30.9939 19.8847 16.5712 627.458 162.123 124.589 88.3195 13.7022 5.4125 1.89994 74.6172 63.6948 465.335 217.602 215.788 10.9225 214.267 85.0458
internal_count=439140 11156 10813 10085 9830 728 343 427984 5407 1038 4369 52 151 123 105 9806 3481 3053 1986 278 82 73 1708 1300 6325 3087 3062 408 3054 1222
is_linear=0
shrinkage=0.1


Tree=218
num_leaves=31
num_cat=0
split_feature=6 4 11 11 11 6 1 10 9 9 7 6 10 10 8 8 2 11 7 5 3 11 4 11 11 0 11 2 8 11
split_gain=6.36703 55.7543 40.255 37.7807 26.2994 21.8074 22.3714 21.3455 20.1717 19.0318 17.3773 27.5707 16.6666 18.5841 16.529 16.3008 15.0059 14.3026 14.7505 14.3023 84.9307 49.1426 36.9651 33.1618 29.4266 26.6236 22.6775 20.5655 28.0136 24.2264
threshold=17.500000000000004 17.500000000000004 0.18441295546558703 0.25138888888888894 0.24837662337662339 19.500000000000004 1.0000000180025095e-35 -59.194000000000003 -0.52649999999999886 -10.958999999999994 2.5000000000000004 18.500000000000004 -84.338000000000036 -85.921500000000165 84.855000000000004 81.896500000000017 23.500000000000004 0.22295321637426904 7.5000000000000009 3.5000000000000004 1.0000000180025095e-35 0.59731240981240996 17.500000000000004 0.62537500000000013 0.064309346567411066 2.5000000000000004 0.81972222222222235 9.5000000000000018 83.637500000000017 0.90070422535211281
decision_type=2 2 2 2 2 2 2 2 2 2 2 2 2 2 2 2 2 2 2 2 2 2 2 2 2 2 2 2 2 2
left_child=19 2 -2 7 5 6 14 17 9 15 -9 -12 13 -10 -3 -8 -13 -4 -19 21 22 -1 24 -22 -21 -23 -27 -24 -29 -30
right_child=1 4 3 -5 -6 -7 8 10 12 -11 11 16 -14 -15 -16 -17 -18 18 -20 20 23 25 27 -25 -26 26 -28 28 29 -31
leaf_value=-0.00026727953657683568 -0.02652584104220268 0.044172717624355484 0.065933315636187567 -0.056385098527809985 0.0011517498963886212 0.024523449532801698 -0.091451570814792285 0.10887204999721443 -0.047633250176773598 -0.081297590254870489 0.067261488261722138 -0.016955990352539925 -0.023441234355987644 0.14917588335775908 -0.041391241857362433 -0.0019657280872154618 0.0789588813200085 0.21586440058297851 0.092086481928947472 0.17717789019725216 -0.052848922333634335 -0.15201902134139855 0.0062525824926690197 -0.0069849448658579911 -0.068787844237815018 -0.01156514755296971 -0.056324921912185855 0.0018269665893854232 0.038848377766064646 -0.084433240399177933
leaf_weight=41450.570079021883 90.508618652354926 64.518522092606872 84.645510166883469 32.620353781152517 22870.763309396338 92.447317097336054 27.424112536013126 31.678282944019884 7.7909020893275747 138.13870187662542 106.40103193419054 105.11325577553362 139.75747333280742 12.489051803946495 34.729962284676731 78.986072912812233 19.307528200559318 15.239601533859966 26.144539553672075 5.2238617654656982 254.99146989057772 13.963781386613844 742.09495985275134 412.97488629817963 70.600663764285855 2522.0937976983842 118.51187734329142 314.70860098151024 865.91879727563355 16.239051997195929
leaf_count=263588 393 412 213 356 133691 302 270 114 63 1225 406 465 1432 43 166 512 74 36 67 58 1400 100 5918 1929 1045 14113 3962 2587 3743 457
internal_value=-1.75571e-06 0.00132322 0.0339794 0.0469825 0.000611208 -0.0201216 -0.0283134 0.0556611 -0.03875 -0.0568131 0.0394201 0.0298884 -0.0111482 0.0735682 0.0142314 -0.0250281 -0.00207199 0.0894885 0.137667 -0.000680803 0.00640829 -0.00111201 0.0166531 -0.0244932 -0.0518423 -0.0143023 -0.013574 0.0193317 0.0274411 0.036579
internal_weight=70766.6 23978.7 511.659 421.15 23467 596.282 503.835 388.53 404.586 244.549 262.5 230.822 160.037 20.28 99.2485 106.41 124.421 126.03 41.3841 46787.9 2682.75 44105.1 2014.79 667.966 75.8245 2654.57 2640.61 1938.96 1196.87 882.158
internal_count=439140 140240 2124 1731 138116 4425 4123 1375 3545 2007 1059 945 1538 106 578 782 539 316 103 298900 17137 281763 13808 3329 1103 18175 18075 12705 6787 4200
is_linear=0
shrinkage=0.1


Tree=219
num_leaves=31
num_cat=0
split_feature=1 0 0 0 0 12 0 7 7 10 10 10 10 11 11 9 9 9 9 11 12 6 2 11 3 7 2 8 8 10
split_gain=6.06517 10.2251 16.4512 8.94291 11.1211 11.9581 11.3202 9.19564 9.7154 11.0587 8.6756 7.05206 11.649 6.42405 6.41158 6.20826 12.0516 6.16556 44.1571 34.3002 25.0023 20.9327 20.0587 17.8329 17.3617 25.319 39.633 57.5201 22.159 21.3246
threshold=3.5000000000000004 828.50000000000011 825.50000000000011 799.50000000000011 796.50000000000011 5.5000000000000009 54.500000000000007 8.5000000000000018 11.500000000000002 -50.765500000000067 -66.604999999999976 -1.943999999999882 17.113500000000041 0.152475845410628 0.13867521367521368 8.8705000000000016 10.869499999999997 7.8395000000000019 8.8705000000000016 0.15438786565547127 -5.4999999999999991 11.500000000000002 23.500000000000004 0.81972222222222235 1.0000000180025095e-35 10.500000000000002 24.500000000000004 100.83750000000002 90.548500000000004 -138.77999999999994
decision_type=2 2 2 2 2 2 2 2 2 2 2 2 2 2 2 2 2 2 2 2 2 2 2 2 2 2 2 2 2 2
left_child=17 2 3 4 5 7 -7 10 9 -9 -2 -3 -13 -8 -11 -10 -17 -1 19 21 -21 22 -19 24 25 29 28 -28 -27 -20
right_child=1 11 -4 -5 -6 6 13 8 15 14 -12 12 -14 -15 -16 16 -18 18 23 20 -22 -23 -24 -25 -26 26 27 -29 -30 -31
leaf_value=0.00042665435276836698 0.12745421030192408 -0.081338831248734131 0.17010221100631134 -0.080738424746378351 0.17283826905007704 -0.054257152201903761 0.06003331339502941 -0.113925273986652 -0.1168869879807663 0.013185591863697568 -0.11423521769528022 0.12743464294868412 -0.12794813159983895 0.24361463179561055 0.21458505966523919 0.19205279067117187 -0.10949782000495929 -0.077970760695063049 -0.037543730365475654 0.034300791198289153 -0.019753519922867509 0.023903406597142442 0.22344861952792341 0.032840784022307321 -0.0085349928645146473 0.02827062884556136 0.065157529132725808 -0.080709815025438933 0.0064450711900639439 -0.0022517219255926324
leaf_weight=60082.176679921511 1.6504584848880792 34.510527537204325 5.2540414333343497 15.345242761075495 3.7139537185430518 4.0029087681323272 3.747778981924057 2.1130756996572018 6.399098444497211 2.3832210116088408 14.832705736393107 4.4924085419625035 2.9648607494309545 3.8789879605174065 4.6941151209175587 2.453867306932807 2.8817698024213314 160.55173846706748 179.6760048866272 97.224769478663802 713.79206096567214 25.326474592089653 2.2385884113609782 161.55014073848724 2159.7546621051151 561.79223314300179 36.240990463644266 106.40570085868239 2704.9012728147209 3633.3602846625727
leaf_count=384304 18 397 36 181 17 46 31 34 116 31 262 27 42 10 25 19 63 2440 801 380 3246 167 10 482 9048 2573 107 464 13574 20189
internal_value=-2.15429e-06 -0.022917 -0.000393419 -0.013548 0.00599729 -0.00663862 0.0819269 -0.0341723 0.00983179 0.0868273 -0.0900349 -0.0622836 0.0258996 0.153403 0.146766 -0.0504695 0.0291857 3.52619e-05 -0.00219523 -0.022197 -0.0132735 -0.0606684 -0.0738258 -0.000101239 -0.000668465 0.00168391 0.00794549 -0.0436506 0.0101985 -0.00391473
internal_weight=70740.3 115.319 73.3512 68.0972 52.7519 49.038 11.6297 37.4083 20.9251 9.19041 16.4832 41.9678 7.45727 7.62677 7.07734 11.7347 5.33564 70625 10542.8 999.134 811.017 188.117 162.79 9543.68 9382.13 7222.38 3409.34 142.647 3266.69 3813.04
internal_count=439140 1355 889 853 672 655 87 568 288 90 280 466 69 41 56 198 82 437785 53481 6243 3626 2617 2450 47238 46756 37708 16718 571 16147 20990
is_linear=0
shrinkage=0.1


Tree=220
num_leaves=31
num_cat=0
split_feature=5 11 8 8 12 0 6 4 9 0 6 8 11 1 11 11 9 12 11 10 7 6 7 10 10 10 0 9 6 11
split_gain=5.88988 19.1299 23.9766 18.9383 15.1554 14.8143 11.4635 12.2394 18.9507 12.4126 11.0942 10.7962 17.9375 15.4902 13.2613 21.9942 12.4177 11.5795 10.7693 10.6212 19.3169 18.711 17.7823 15.1464 12.7399 17.0699 12.6142 10.5127 9.93538 10.0873
threshold=4.5000000000000009 0.73746867167919816 87.144500000000008 88.502500000000012 1.5000000000000002 835.50000000000011 8.5000000000000018 51.500000000000007 -1.0645000000000022 831.50000000000011 12.500000000000002 103.23250000000002 0.47402159244264502 1.5000000000000002 0.52803983228511542 0.53957811194653316 -31.599499999999995 6.5000000000000009 0.80735492577597856 -62.559000000000026 10.500000000000002 13.500000000000002 12.500000000000002 -14.895999999999985 -50.765500000000067 -19.575500000000002 791.50000000000011 -0.87500000000000699 29.500000000000004 0.72438780609695164
decision_type=2 2 2 2 2 2 2 2 2 2 2 2 2 2 2 2 2 2 2 2 2 2 2 2 2 2 2 2 2 2
left_child=-1 11 5 10 18 6 -3 8 -8 19 -4 12 13 27 -14 -16 -17 -13 -5 21 -21 -9 23 26 -24 -26 -22 -2 29 -18
right_child=1 2 3 4 -6 -7 7 9 -10 -11 -12 17 14 -15 15 16 28 -19 -20 20 22 -23 24 -25 25 -27 -28 -29 -30 -31
leaf_value=7.1095975259615588e-05 0.031429848565776596 -0.10790212052557185 0.28738043758640353 0.12163260652785884 -0.13147222930128796 -0.075844747445587724 0.86951898032687147 0.23274971711580852 0.1082023104064402 0.1649446531566868 0.073851744092592791 -0.09617403502130524 -0.10194608390366466 -0.078642577032150385 0.11363176973540901 -0.17754152359486788 -0.016599003811763879 0.13249207757394924 0.017226644131049514 -0.090444311125687932 -0.066493720965265207 -0.038349378898537734 -0.13372545381314321 0.37634411076814317 0.078335596362777621 -0.072065657097508729 0.16105293048082925 0.19761771467361644 -0.19840991684053846 -0.14396197418128295
leaf_weight=70270.933807267487 7.1418298073112974 7.8409933503717175 5.5878714257851225 17.028335927287117 4.5468722539953879 26.910479520913213 0.408118445426226 5.1504160501062852 1.6441525481641281 5.0341942771337918 4.3100507701747119 31.878379861358553 22.183670252561569 5.2811733272392294 11.528257936239241 5.4392852969467631 174.55867802537978 2.3798848050646475 23.532959083328024 21.227532594581135 3.8328137146309 5.0344849675893784 6.9050227112602363 2.03236388741061 18.326463052537289 12.82855690235739 6.6859982842579484 8.1503655973356217 3.2177210673689833 6.4482541214674702
leaf_count=433965 26 299 25 98 32 458 2 21 70 32 22 316 182 51 48 34 1415 9 300 670 151 23 98 12 177 376 41 41 22 124
internal_value=-2.50159e-06 -0.0113174 0.0141967 0.069137 0.0416512 -0.0102019 0.00801846 0.0182186 0.259599 0.0125283 0.194399 -0.0277212 -0.020339 0.0690115 -0.0285684 -0.0204777 -0.0286292 -0.0802888 0.0610581 0.00317381 -0.0103755 0.0987431 0.0232073 0.126427 -0.0108319 0.0164056 0.0781402 0.120004 -0.0242325 -0.0211362
internal_weight=70728 457.075 178.868 55.0061 45.1082 123.862 96.9511 89.1101 2.05227 87.0578 9.89792 278.208 243.949 20.5734 223.376 201.192 189.664 34.2583 40.5613 82.0237 71.8388 10.1849 50.6112 12.5512 38.06 31.155 10.5188 15.2922 184.225 181.007
internal_count=439140 5175 2907 477 430 2430 1972 1673 72 1601 47 2268 1943 118 1825 1643 1595 325 398 1569 1525 44 855 204 651 553 192 67 1561 1539
is_linear=0
shrinkage=0.1


Tree=221
num_leaves=31
num_cat=0
split_feature=6 11 4 6 1 10 7 10 2 7 7 12 12 10 12 9 10 6 0 7 2 0 11 0 0 9 8 8 9 9
split_gain=5.77559 12.5113 12.2072 11.2854 17.891 19.3665 16.7907 14.7132 14.7245 13.688 20.7904 20.6126 18.9837 11.7009 15.2491 12.6067 10.9604 16.3597 10.7353 10.5402 9.7695 9.63307 13.9001 14.7598 28.6718 43.4405 88.2987 95.4924 25.5383 31.4933
threshold=1.5000000000000002 0.014389233954451302 1.5000000000000002 3.5000000000000004 2.5000000000000004 -66.604999999999976 17.500000000000004 -68.229499999999931 21.500000000000004 14.500000000000002 6.5000000000000009 -2.4999999999999996 1.5000000000000002 -33.383000000000095 -4.4999999999999991 -17.947499999999994 -2.9474999999999976 2.5000000000000004 170.50000000000003 12.500000000000002 12.500000000000002 66.500000000000014 0.013072453861927501 796.50000000000011 792.50000000000011 -1.0000000180025095e-35 109.00700000000002 104.55400000000002 -2.4100000000000033 -2.8199999999999998
decision_type=2 2 2 2 2 2 2 2 2 2 2 2 2 2 2 2 2 2 2 2 2 2 2 2 2 2 2 2 2 2
left_child=21 3 16 4 5 6 -2 -5 20 10 12 -11 -6 15 18 -7 17 -3 -15 -19 -9 -1 -23 24 28 -26 27 -27 29 -24
right_child=1 2 -4 7 9 13 -8 8 -10 11 -12 -13 -14 14 -16 -17 -18 19 -20 -21 -22 22 23 -25 25 26 -28 -29 -30 -31
leaf_value=-0.044819931241834414 -0.13168949917788955 0.29651720484514149 -2.0106716512272457e-05 0.096594027086525175 -0.012215928452669604 0.0051630804356863312 0.073075464284896724 -0.010050519463124994 0.033079322350393042 -0.0010107662893266648 0.046800587474611882 -0.25281479305364973 -0.29346988750382447 -0.12711679921010929 0.045338019340659438 0.11739628788075862 -0.086891646920111781 -0.14273152583584023 0.008802819693593554 0.12419554978085696 -0.06893203268854492 -0.05160482187078979 0.04360815298572579 -0.030563464867872828 -0.10459794994219347 0.26426445145694394 -0.10452487023275103 1.6523568446986223 -0.022463480414530806 0.42104873013432703
leaf_weight=73.296127091074595 11.818178609013559 1.958974527195094 69788.276664852165 13.792022049427031 6.3042544536292535 13.588978871703146 6.056979075074195 88.417350459843874 54.607903918251395 7.2294654548168182 29.042144559323788 5.9073174372315389 3.874908160418272 8.7686794996261614 165.60563667025417 37.981529386714101 28.544663185253739 3.6757622947916389 17.227893233299255 2.4756529005244374 41.359333535656333 52.368434840813279 80.004977136850357 81.329900677781552 2.2555010905489326 1.0869149328209453 1.5726009663194416 0.91098197177052487 92.917487194761634 2.2734777601435772
leaf_count=3425 47 31 418370 44 27 38 13 368 230 19 74 27 27 34 441 67 586 41 47 15 154 3002 2770 3591 80 52 72 21 5369 58
internal_value=-3.36868e-06 6.37507e-05 -5.04092e-05 0.0156452 0.0274558 0.0381561 -0.0623051 -0.00303267 -0.0104848 -0.0258939 0.00369718 -0.114241 -0.119281 0.0455408 0.0341606 0.0878225 -0.0577439 0.0448422 -0.0370431 -0.035306 -0.0288158 -0.0121702 -0.00456634 0.00482308 0.0207216 0.238964 0.455994 0.897194 0.0134641 0.0540374
internal_weight=70724.5 70336.5 69824.9 511.583 313.406 261.048 17.8752 198.177 184.385 52.3581 39.2213 13.1368 10.1792 243.173 191.602 51.5705 36.6551 8.11039 25.9966 6.15142 129.777 388.016 314.72 262.352 181.022 5.826 3.5705 1.9979 175.196 82.2785
internal_count=439140 420700 419043 1657 861 687 60 796 752 174 128 46 54 627 522 105 673 87 81 56 522 18440 15015 12013 8422 225 145 73 8197 2828
is_linear=0
shrinkage=0.1


Tree=222
num_leaves=31
num_cat=0
split_feature=12 5 11 6 10 8 0 10 9 1 9 8 9 10 9 12 9 8 11 10 12 11 4 6 0 9 11 2 2 10
split_gain=5.70771 13.8446 15.3709 13.2633 13.1552 13.989 14.4942 14.7951 13.3573 24.3857 23.2378 19.6078 13.3243 13.2686 12.596 27.0762 21.4253 17.5968 20.0234 22.1061 13.786 13.5736 13.5928 12.4853 12.3458 12.3208 12.2086 12.0974 14.9748 13.7943
threshold=-6.4999999999999991 1.5000000000000002 0.19264507422402158 8.5000000000000018 -38.597499999999989 94.095500000000015 842.50000000000011 -5.924500000000001 -0.068500000000000186 1.0000000180025095e-35 -31.599499999999995 85.84950000000002 -13.051499999999994 -15.709999999999985 -6.9185000000000008 -11.499999999999998 -1.7154999999999985 98.69250000000001 0.40129870129870138 -41.665499999999987 -10.499999999999998 0.59731240981240996 37.500000000000007 5.5000000000000009 848.50000000000011 36.938500000000012 0.53957811194653316 2.5000000000000004 10.500000000000002 -24.51199999999989
decision_type=2 2 2 2 2 2 2 2 2 2 2 2 2 2 2 2 2 2 2 2 2 2 2 2 2 2 2 2 2 2
left_child=1 25 27 4 -4 6 7 8 9 11 -11 -6 -9 -10 15 -5 17 20 -19 -20 21 22 -16 -7 -17 26 -1 -3 29 -29
right_child=-2 2 3 14 5 23 -8 12 13 10 -12 -13 -14 -15 16 24 -18 18 19 -21 -22 -23 -24 -25 -26 -27 -28 28 -30 -31
leaf_value=-0.0094313121798645441 0.00024390435432364508 0.039690754738746212 -0.02972651518773773 0.067090799280388094 0.014081599178713891 -0.045298284176352031 -0.064392758370844155 0.013184460391881939 0.050329231931711849 0.058736632382425269 -0.072928707932870637 0.095535865379701879 -0.085562720360222222 0.1941563979118735 -0.088235673962637498 0.00044512294774474016 0.004224956282016374 0.0070513996565501336 -0.090859060522310076 -0.36316706940205079 -0.013576195961296226 -0.20169505728511569 0.090585733481138742 0.00055345784193696636 0.039050647635429654 -0.13190574180194745 -0.14883887976428264 0.01175286401374484 0.020348175302636662 -0.039769136605034783
leaf_weight=1704.2219900989439 65635.280812209647 143.78035053075291 307.27298551797867 77.69723741710186 90.10086584626697 118.21692217234522 24.278763369657099 30.887748196721077 29.936325874179602 19.019115269184113 45.407197912689298 43.977628103224561 24.505804151296616 8.1633063703775388 18.505287349224098 678.15913537889719 668.02314872294664 7.9689246416091946 7.759818598628045 4.8410751931369278 255.55735811963677 7.4452265352010718 5.5184035003185263 119.33486366271973 94.36256655305624 8.3235120773315412 6.3051552176475516 104.07720425352454 327.36270236968994 103.78411814942956
leaf_count=14139 413431 415 1123 206 267 774 109 87 86 47 213 100 116 17 75 2172 2162 27 32 31 913 36 14 306 289 146 32 333 1042 400
internal_value=-6.14603e-06 -0.00323383 0.00049497 -0.00290209 -0.0131327 -0.00392618 0.00984753 0.0160204 0.0269119 0.0165026 -0.0340601 0.0407985 -0.0305008 0.0811459 0.00192287 0.0108202 -0.00583087 -0.0276697 -0.117015 -0.195476 -0.0212667 -0.0837208 -0.0471592 -0.0222645 0.00516074 -0.0105358 -0.00994518 0.0139377 0.00701955 -0.0139718
internal_weight=70720.1 5084.79 3365.94 2686.94 861.102 553.829 316.277 291.998 236.604 198.505 64.4263 134.078 55.3936 38.0996 1825.84 850.219 975.619 307.596 20.5698 12.6009 287.026 31.4689 24.0237 237.552 772.522 1718.85 1710.53 679.004 535.224 207.861
internal_count=439140 25709 11392 9202 3245 2122 1042 933 730 627 260 367 203 103 5957 2667 3290 1128 90 63 1038 125 89 1080 2461 14317 14171 2190 1775 733
is_linear=0
shrinkage=0.1


Tree=223
num_leaves=31
num_cat=0
split_feature=0 0 10 9 4 5 8 10 8 12 10 8 0 5 9 9 2 0 9 10 7 8 8 0 10 8 2 8 4 0
split_gain=5.63256 32.4783 19.088 20.2795 24.3482 17.9597 17.4131 15.6975 14.3887 13.3957 16.0117 18.2157 13.3023 17.7751 18.839 25.8667 21.1692 17.7605 25.8751 21.1007 20.5782 17.2019 15.9901 17.3238 15.8801 15.8317 15.6196 15.558 14.4902 17.0667
threshold=864.50000000000011 865.50000000000011 -52.688000000000024 14.392000000000005 27.500000000000004 1.5000000000000002 89.544000000000025 -48.857000000000077 92.918500000000009 -5.4999999999999991 -24.51199999999989 77.094500000000011 847.50000000000011 1.5000000000000002 -1.3280000000000027 0.93549999999999767 22.500000000000004 854.50000000000011 -8.664499999999995 86.238000000000028 11.500000000000002 82.967500000000015 81.08250000000001 858.50000000000011 -90.101500000000001 72.399500000000018 3.5000000000000004 77.660500000000013 2.5000000000000004 860.50000000000011
decision_type=2 2 2 2 2 2 2 2 2 2 2 2 2 2 2 2 2 2 2 2 2 2 2 2 2 2 2 2 2 2
left_child=12 2 8 4 7 -5 -6 -4 -2 -9 -11 -12 -1 17 16 25 -15 -14 19 24 21 -21 27 26 -19 -16 -24 -20 -26 -30
right_child=1 -3 3 5 6 -7 -8 9 -10 10 11 -13 13 14 15 -17 -18 18 22 20 -22 -23 23 -25 28 -27 -28 -29 29 -31
leaf_value=0.00010897380826641337 0.037806395462437574 0.0010963298260766271 -0.19673428409739183 0.12240422070502342 0.074067617622448054 -0.01657042958122917 -0.01372335561384827 -0.15114500195678157 0.11130755820748217 0.048975214884898421 -0.3070539223940672 -0.0307661793731503 -0.028040767517679477 -0.0048440400261709855 -0.12096904751020854 -0.004923050095115733 -0.045217045507895487 -0.12809305726440937 -0.032854704129831457 0.0053147142053398457 -0.089005089528949671 0.14719090194777473 -0.053875544298904343 -0.029978829184474188 -0.076725440093931951 0.024520056630245219 0.014000365118643983 -0.1358557237274628 0.036007705528436289 -0.020273604201890821
leaf_weight=60775.090437563456 67.460844866931438 5343.5599212646484 5.5277864485979071 29.411532171070576 55.879300335422158 13.59801299870014 37.928395640105009 7.4911633729934684 44.008334815502167 28.605464722961187 2.5027229543775311 51.289795555174351 581.84888185886666 1188.0224876403809 7.573069487232714 756.82169103622437 145.81471848487854 8.466937527060507 52.775646195746958 12.156253963708876 6.3062287978827944 28.774475652724504 39.080381597392261 272.03052520751953 17.538481291383505 604.79557055979967 255.91315077617764 20.307396233081818 162.85987417772412 80.516783833503723
leaf_count=384952 205 29309 33 65 232 68 185 28 98 95 17 249 4824 4230 198 2803 560 77 356 40 37 82 227 2744 195 4277 1419 279 707 549
internal_value=-4.9259e-06 0.00301288 0.0328096 0.0164827 0.00239441 0.0784656 0.0385719 -0.0331729 0.0668249 -0.0231146 -0.0114748 -0.0436206 -0.000268906 -0.00568329 -0.000799287 0.00744063 -0.00925761 -0.0142637 -0.00588492 0.0174983 0.079147 0.105054 -0.0174511 -0.0117768 0.00668805 0.0227208 0.00500825 -0.0614753 0.0110618 0.017388
internal_weight=70704 5687.26 343.703 232.234 189.225 43.0095 93.8077 95.4169 111.469 89.8891 82.398 53.7925 65016.7 4241.6 2703.03 1369.19 1333.84 1538.58 956.726 316.619 47.237 40.9307 640.107 567.024 269.382 612.369 294.994 73.083 260.915 243.377
internal_count=439140 30584 1275 972 839 133 417 422 303 389 361 266 408556 23604 12068 7278 4790 11536 6712 1687 159 122 5025 4390 1528 4475 1646 635 1451 1256
is_linear=0
shrinkage=0.1


Tree=224
num_leaves=31
num_cat=0
split_feature=6 7 8 10 4 11 4 10 1 5 0 2 7 9 4 9 7 1 4 12 2 10 3 11 6 6 7 10 1 12
split_gain=5.64326 9.80586 9.30645 7.37747 6.55861 19.6804 18.5198 17.245 18.1448 13.4643 23.2644 28.3372 23.0745 14.352 14.0945 9.99368 9.04991 21.4362 16.54 14.7487 15.387 13.7543 13.233 13.0439 11.2846 11.1023 11.0647 13.0397 9.96975 16.8827
threshold=70.500000000000014 5.5000000000000009 77.660500000000013 -22.13699999999999 65.500000000000014 0.91228073549259314 57.500000000000007 -55.260500000000008 2.5000000000000004 2.5000000000000004 788.50000000000011 24.500000000000004 11.500000000000002 1.5880000000000012 56.500000000000007 1.063500000000005 10.500000000000002 1.0000000180025095e-35 71.500000000000014 -4.4999999999999991 22.500000000000004 -69.828499999999977 1.0000000180025095e-35 0.94160272804774092 28.500000000000004 38.500000000000007 7.5000000000000009 -21.382999999999999 2.5000000000000004 -6.4999999999999991
decision_type=2 2 2 2 2 2 2 2 2 2 2 2 2 2 2 2 2 2 2 2 2 2 2 2 2 2 2 2 2 2
left_child=4 2 -2 -3 5 -1 7 8 -7 10 11 12 15 -11 -14 -9 17 25 19 -19 21 23 24 -21 -22 26 27 -6 -18 -30
right_child=1 3 -4 -5 16 6 -8 9 -10 13 -12 -13 14 -15 -16 -17 28 18 -20 20 22 -23 -24 -25 -26 -27 -28 -29 29 -31
leaf_value=-9.9449023911239914e-06 -0.073005980425529082 -0.1943693759657448 0.11153496474025569 -0.029914620449531956 0.038320755308745014 0.24529608753230711 -0.076379622141640069 -0.10309158513122203 -0.10225536382064784 -0.087368485512737556 -0.067557482512020151 0.42251638529911473 0.10909853494830271 0.02488728426343428 0.45454557099249249 0.080935215246916298 0.01088128185677948 0.10563028312877686 -0.14443769583369812 -0.065803634777599984 -0.019465136036602874 -0.055231714358510021 -0.15758702345464085 0.086239392737144663 0.074845014184906994 -0.013007119763005054 -0.0073859585679583034 0.13147430828916842 -0.10506343354229704 0.059614754496862737
leaf_weight=69680.442253386282 5.652877466753127 5.8446337208151817 5.2901175171136856 5.1151635702699405 79.065131191164255 5.0226396247744551 64.243510842323303 9.0554484459571594 2.1430985080078244 37.493226808030158 18.329655613750219 2.1910604834556571 11.282484644092616 16.35843138769269 1.3192042261362082 4.3774746395647517 315.29988155188039 9.3429173827171308 10.737668775022028 9.1301727406680602 22.111943899653852 114.64832384232432 3.8464297875761977 14.771423220634459 29.766481917351484 61.666050937026739 38.318821102380753 18.553080752491951 6.7011135071516028 87.703370715957135
leaf_count=427927 26 32 16 26 247 57 1169 1033 193 3260 601 33 349 55 7 14 1584 19 140 36 225 836 15 32 105 282 168 151 26 476
internal_value=-4.54312e-06 -0.0507559 0.0162057 -0.117615 1.11854e-05 -9.32945e-05 -0.0338959 -0.00852422 0.141352 -0.0192204 0.0201641 0.0771302 0.0480626 -0.0532687 0.145262 -0.0431216 0.00889337 -0.00157271 -0.0234744 -0.0170954 -0.0229975 -0.0408455 0.0213785 0.0281605 0.0346476 0.0221857 0.0381505 0.0560253 0.019417 0.0479254
internal_weight=70695.8 21.9028 10.943 10.9598 70673.9 69852.3 171.816 107.573 7.16574 100.407 46.5553 28.2257 26.0346 53.8517 12.6017 13.4329 821.663 411.958 214.355 203.618 194.275 138.55 55.7249 23.9016 51.8784 197.603 135.937 97.6182 409.704 94.4045
internal_count=439140 100 42 58 439040 434698 6771 5602 250 5352 2037 1436 1403 3315 356 1047 4342 2256 1408 1268 1249 904 345 68 330 848 566 398 2086 502
is_linear=0
shrinkage=0.1


Tree=225
num_leaves=31
num_cat=0
split_feature=11 4 9 9 0 0 10 9 9 5 1 8 7 6 12 8 10 9 9 4 4 7 9 8 6 12 11 2 2 9
split_gain=5.53282 53.7408 42.4024 24.0599 27.7575 28.3493 52.6046 24.6342 23.4723 22.8032 22.0623 35.7709 24.0507 28.795 24.2925 29.271 27.6256 23.3066 29.3216 28.5275 26.3509 24.3126 23.6773 21.7781 20.9712 20.4762 23.7761 20.3791 21.6911 42.38
threshold=0.68469785575048747 49.500000000000007 1.2485000000000002 -2.4100000000000033 796.50000000000011 800.50000000000011 -8.9329999999999981 -22.199499999999997 22.076500000000006 1.5000000000000002 2.5000000000000004 82.738500000000016 10.500000000000002 13.500000000000002 1.0000000180025095e-35 93.502500000000012 -24.849499999999995 14.935499999999999 -7.9934999999999965 53.500000000000007 51.500000000000007 10.500000000000002 16.647500000000004 85.84950000000002 8.5000000000000018 2.5000000000000004 0.82936730123180302 22.500000000000004 15.500000000000002 -4.0095000000000018
decision_type=2 2 2 2 2 2 2 2 2 2 2 2 2 2 2 2 2 2 2 2 2 2 2 2 2 2 2 2 2 2
left_child=-1 2 3 7 -5 6 -6 23 -4 -3 17 -12 13 -13 15 -14 -16 18 25 20 21 -19 -22 -2 -17 -11 -27 28 -20 -30
right_child=1 9 8 4 5 -7 -8 -9 -10 10 11 12 14 -15 16 24 -18 19 27 -21 22 -23 -24 -25 -26 26 -28 -29 29 -31
leaf_value=0.00028306963391988333 0.052652517558175307 0.082893618998868379 0.029412768483749765 -0.065002250731321445 -0.0048768806498769267 -0.021552536084786376 0.57372817002870935 0.018907423643619994 -0.14032345871696797 -0.0077743510272818162 -0.0073076651367622219 0.07356942447639167 0.049587891602257968 0.016996710890471924 -0.09650789048656977 -0.12755628180221093 0.0089847673767924126 0.028384091525890349 0.0061571357128847645 -0.012135287873212122 0.010093695071363878 -0.14930005104410912 -0.22798130253458529 -0.17603044807075488 0.00081878982203782583 -0.050166005981944498 0.029893407341767854 0.021862875153979659 0.041868557927488725 -0.019778426237042873
leaf_weight=63923.136454361462 6.072167455218735 33.319345221389085 140.00974196195602 345.78292684908956 4.8230807075742632 114.82666382193565 2.3305697746109209 102.4337021894753 8.6505257785320264 836.82904019579291 587.05006175953895 173.81634175591171 173.33253194205463 186.5151918772608 41.254187569022179 14.469292210415004 62.328144803643227 20.525250596925616 1826.7643239614554 131.86185199022293 5.3564373478293446 12.324883209541438 18.977884627878666 13.254639805294572 105.56557315587997 252.1671753898263 43.493097476661205 482.59551912546158 127.47973394393921 890.52330593951046
leaf_count=386114 21 124 479 15441 110 3252 40 459 42 2848 3703 522 727 702 193 161 211 69 11645 549 19 65 108 122 527 981 135 3097 527 6147
internal_value=-4.73467e-06 -0.00272433 -0.0281914 -0.0402268 -0.0505339 -0.00951968 0.183625 -0.000630318 0.0195358 0.000395093 -6.35577e-05 0.0112192 0.0255814 0.0442862 0.00860217 0.0233018 -0.0330303 -0.00332623 -0.00186846 -0.0377169 -0.0967055 -0.0382804 -0.175577 -0.104182 -0.0146559 -0.0157669 -0.0383889 0.00286197 -0.000361408 -0.0120587
internal_weight=70687.9 6764.73 738.184 589.524 467.763 121.98 7.15365 121.761 148.66 6026.55 5993.23 1344.33 757.281 360.332 396.95 293.367 103.582 4648.9 4459.85 189.046 57.1845 32.8501 24.3343 19.3268 120.035 1132.49 295.66 3327.36 2844.77 1018
internal_count=439140 53026 19966 19445 18843 3402 150 602 521 33060 32936 6746 3043 1224 1819 1415 404 26190 25380 810 261 134 127 143 688 3964 1116 21416 18319 6674
is_linear=0
shrinkage=0.1


Tree=226
num_leaves=31
num_cat=0
split_feature=8 9 8 1 2 10 2 5 7 8 8 3 1 8 6 2 5 11 2 2 9 1 6 9 2 1 7 10 10 11
split_gain=5.83645 26.6839 24.3547 33.3116 48.2307 43.9481 40.7811 51.4925 42.2568 35.8518 32.7569 30.042 39.7212 69.3374 52.8959 64.6807 40.0798 29.9957 29.3052 161.074 53.423 50.1628 49.1622 36.6128 35.7871 54.8068 76.784 44.2639 47.9693 45.732
threshold=95.970500000000015 20.683000000000003 99.756500000000017 2.5000000000000004 21.500000000000004 -29.7925 18.500000000000004 1.5000000000000002 16.500000000000004 100.83750000000002 102.58650000000002 1.0000000180025095e-35 1.0000000180025095e-35 101.83850000000001 8.5000000000000018 22.500000000000004 2.5000000000000004 0.24837662337662339 20.500000000000004 18.500000000000004 -1.3280000000000027 1.5000000000000002 26.500000000000004 -9.958499999999999 14.500000000000002 2.5000000000000004 10.500000000000002 25.8735 -45.064499999999988 0.67974358974358984
decision_type=2 2 2 2 2 2 2 2 2 2 2 2 2 2 2 2 2 2 2 2 2 2 2 2 2 2 2 2 2 2
left_child=1 -1 18 4 6 -5 8 9 -4 -8 -7 12 14 -14 -6 -16 -17 -10 19 22 -21 23 24 -20 25 -2 -27 28 -26 -30
right_child=2 -3 3 5 11 10 7 -9 17 -11 -12 -13 13 -15 15 16 -18 -19 21 20 -22 -23 -24 -25 27 26 -28 -29 29 -31
leaf_value=-0.00048866478749306076 -0.0044256781208371863 -0.041477350072601483 -0.0022992715411536348 0.0074218542556463239 -0.094034433572184162 -0.052233093616004866 -0.062982601314014369 0.044176391652588298 0.030489417188426876 0.011816141807778319 -0.010915187020582752 0.011301587643444858 -0.03470121798362652 0.011818946907085424 -0.083134095315581469 0.015676971939743684 -0.041043882753629302 -0.0011612560782410907 -0.0089285084030429444 -0.087194787742009783 -0.023897343284518511 0.00038471319620787218 0.046898009254102979 0.033562352066316949 -0.016388125836851723 0.038947698081269654 -0.016749775705468574 -0.049584488516569318 0.037123418166913988 -0.056473872421830662
leaf_weight=48085.133913440717 3578.2370867179707 159.35231018066406 5814.9081353312358 447.66663452982903 126.13456807192415 391.83289868012071 81.307677733711898 524.24159884639084 756.0744137968868 302.43314242362976 376.00783708691597 460.93099361564964 526.78476608172059 817.76588751003146 142.1592962872237 311.54763172287494 207.58322043623775 495.76715661026537 243.45128430426121 152.41330974921584 1065.417128983885 1492.8167345523834 306.71160070225596 1214.0859192460775 242.95199573040009 761.75713813584298 366.64702770113945 87.097518645226955 1076.6325178877451 54.862875705119222
leaf_count=292547 20073 1442 37364 1722 1269 2468 1054 1853 4196 3515 3576 2287 8266 8782 1157 1758 1256 2612 874 1016 6810 12166 1970 4951 1508 2735 1929 867 5594 1523
internal_value=-4.45479e-06 -0.000624051 0.00132845 -0.0018035 -2.49398e-07 -0.017481 0.00385194 0.0238019 0.00128864 -0.00403235 -0.0319999 -0.011848 -0.016853 -0.0064073 -0.0346893 -0.0233697 -0.00700382 0.0179548 0.0047959 0.00154626 -0.0318191 0.013269 0.00782178 0.0264651 0.00587872 0.00163414 0.0208502 0.0195476 0.0239285 0.0325852
internal_weight=70670.7 48244.5 22426.2 11783.1 10567.6 1215.51 7974.73 907.982 7066.75 383.741 767.841 2592.91 2131.98 1344.55 787.425 661.29 519.131 1251.84 10643.1 7692.73 1217.83 2950.35 6474.9 1457.54 6168.19 4706.64 1128.4 1461.54 1374.45 1131.5
internal_count=439140 293989 145151 83135 75369 7766 50594 6422 44172 4569 6044 24775 22488 17048 5440 4171 3014 6808 62016 44025 7826 17991 36199 5825 34229 24737 4664 9492 8625 7117
is_linear=0
shrinkage=0.1


end of trees

feature_importances:
Cumulative_Degradation=855
RaceProgress=810
Race=801
LapTime_Delta=769
LapTime_(s)=667
TyreLife=602
LapNumber=530
Stint=384
Position_Change=348
Position=320
Driver=314
Compound=285
PitStop=125

parameters:
[boosting: gbdt]
[objective: binary]
[metric: auc]
[tree_learner: serial]
[device_type: gpu]
[data_sample_strategy: bagging]
[data: ]
[valid: ]
[num_iterations: 227]
[learning_rate: 0.1]
[num_leaves: 31]
[num_threads: 4]
[seed: 42]
[deterministic: 0]
[force_col_wise: 1]
[force_row_wise: 0]
[histogram_pool_size: -1]
[max_depth: -1]
[min_data_in_leaf: 20]
[min_sum_hessian_in_leaf: 0.001]
[bagging_fraction: 1]
[pos_bagging_fraction: 1]
[neg_bagging_fraction: 1]
[bagging_freq: 0]
[bagging_seed: 400]
[bagging_by_query: 0]
[feature_fraction: 1]
[feature_fraction_bynode: 1]
[feature_fraction_seed: 30056]
[extra_trees: 0]
[extra_seed: 12879]
[early_stopping_round: 0]
[early_stopping_min_delta: 0]
[first_metric_only: 0]
[max_delta_step: 0]
[lambda_l1: 0]
[lambda_l2: 0]
[linear_lambda: 0]
[min_gain_to_split: 0]
[drop_rate: 0.1]
[max_drop: 50]
[skip_drop: 0.5]
[xgboost_dart_mode: 0]
[uniform_drop: 0]
[drop_seed: 17869]
[top_rate: 0.2]
[other_rate: 0.1]
[min_data_per_group: 100]
[max_cat_threshold: 32]
[cat_l2: 10]
[cat_smooth: 10]
[max_cat_to_onehot: 4]
[top_k: 20]
[monotone_constraints: ]
[monotone_constraints_method: basic]
[monotone_penalty: 0]
[feature_contri: ]
[forcedsplits_filename: ]
[refit_decay_rate: 0.9]
[cegb_tradeoff: 1]
[cegb_penalty_split: 0]
[cegb_penalty_feature_lazy: ]
[cegb_penalty_feature_coupled: ]
[path_smooth: 0]
[interaction_constraints: ]
[verbosity: -1]
[saved_feature_importance_type: 0]
[use_quantized_grad: 0]
[num_grad_quant_bins: 4]
[quant_train_renew_leaf: 0]
[stochastic_rounding: 1]
[linear_tree: 0]
[max_bin: 255]
[max_bin_by_feature: ]
[min_data_in_bin: 3]
[bin_construct_sample_cnt: 200000]
[data_random_seed: 175]
[is_enable_sparse: 1]
[enable_bundle: 1]
[use_missing: 1]
[zero_as_missing: 0]
[feature_pre_filter: 1]
[pre_partition: 0]
[two_round: 0]
[header: 0]
[label_column: ]
[weight_column: ]
[group_column: ]
[ignore_column: ]
[categorical_feature: ]
[forcedbins_filename: ]
[precise_float_parser: 0]
[parser_config_file: ]
[objective_seed: 16083]
[num_class: 1]
[is_unbalance: 0]
[scale_pos_weight: 4]
[sigmoid: 1]
[boost_from_average: 1]
[reg_sqrt: 0]
[alpha: 0.9]
[fair_c: 1]
[poisson_max_delta_step: 0.7]
[tweedie_variance_power: 1.5]
[lambdarank_truncation_level: 30]
[lambdarank_norm: 1]
[label_gain: ]
[lambdarank_position_bias_regularization: 0]
[eval_at: ]
[multi_error_top_k: 1]
[auc_mu_weights: ]
[num_machines: 1]
[local_listen_port: 12400]
[time_out: 120]
[machine_list_filename: ]
[machines: ]
[gpu_platform_id: -1]
[gpu_device_id: -1]
[gpu_use_dp: 0]
[num_gpu: 1]

end of parameters

pandas_categorical:[]
